Nombre Dispositivo:;;OM-CP-VOLT101A
Descripción del dispositivo:;;Registrador de Voltaje
Número de Serie:;;S02590
ID Dispositivo:;;Stn3
;;
;;Canal 1
Fecha ;Tiempo;Voltaje (ppm)
16 oct 2022;15:46:21;2425
16 oct 2022;15:46:22;2420
16 oct 2022;15:46:23;2420
16 oct 2022;15:46:24;2415
16 oct 2022;15:46:25;2415
16 oct 2022;15:46:26;2415
16 oct 2022;15:46:27;2410
16 oct 2022;15:46:28;2410
16 oct 2022;15:46:29;2410
16 oct 2022;15:46:30;2410
16 oct 2022;15:46:31;2405
16 oct 2022;15:46:32;2405
16 oct 2022;15:46:33;2405
16 oct 2022;15:46:34;2405
16 oct 2022;15:46:35;2405
16 oct 2022;15:46:36;2405
16 oct 2022;15:46:37;2405
16 oct 2022;15:46:38;2405
16 oct 2022;15:46:39;2410
16 oct 2022;15:46:40;2410
16 oct 2022;15:46:41;2410
16 oct 2022;15:46:42;2410
16 oct 2022;15:46:43;2410
16 oct 2022;15:46:44;2410
16 oct 2022;15:46:45;2410
16 oct 2022;15:46:46;2410
16 oct 2022;15:46:47;2410
16 oct 2022;15:46:48;2410
16 oct 2022;15:46:49;2410
16 oct 2022;15:46:50;2415
16 oct 2022;15:46:51;2415
16 oct 2022;15:46:52;2415
16 oct 2022;15:46:53;2415
16 oct 2022;15:46:54;2420
16 oct 2022;15:46:55;2420
16 oct 2022;15:46:56;2420
16 oct 2022;15:46:57;2425
16 oct 2022;15:46:58;2425
16 oct 2022;15:46:59;2430
16 oct 2022;15:47:00;2430
16 oct 2022;15:47:01;2430
16 oct 2022;15:47:02;2430
16 oct 2022;15:47:03;2430
16 oct 2022;15:47:04;2435
16 oct 2022;15:47:05;2430
16 oct 2022;15:47:06;2430
16 oct 2022;15:47:07;2430
16 oct 2022;15:47:08;2430
16 oct 2022;15:47:09;2430
16 oct 2022;15:47:10;2425
16 oct 2022;15:47:11;2425
16 oct 2022;15:47:12;2425
16 oct 2022;15:47:13;2420
16 oct 2022;15:47:14;2420
16 oct 2022;15:47:15;2415
16 oct 2022;15:47:16;2415
16 oct 2022;15:47:17;2415
16 oct 2022;15:47:18;2410
16 oct 2022;15:47:19;2410
16 oct 2022;15:47:20;2410
16 oct 2022;15:47:21;2405
16 oct 2022;15:47:22;2405
16 oct 2022;15:47:23;2400
16 oct 2022;15:47:24;2400
16 oct 2022;15:47:25;2400
16 oct 2022;15:47:26;2400
16 oct 2022;15:47:27;2395
16 oct 2022;15:47:28;2395
16 oct 2022;15:47:29;2390
16 oct 2022;15:47:30;2390
16 oct 2022;15:47:31;2390
16 oct 2022;15:47:32;2385
16 oct 2022;15:47:33;2385
16 oct 2022;15:47:34;2385
16 oct 2022;15:47:35;2385
16 oct 2022;15:47:36;2380
16 oct 2022;15:47:37;2375
16 oct 2022;15:47:38;2375
16 oct 2022;15:47:39;2370
16 oct 2022;15:47:40;2365
16 oct 2022;15:47:41;2360
16 oct 2022;15:47:42;2360
16 oct 2022;15:47:43;2355
16 oct 2022;15:47:44;2350
16 oct 2022;15:47:45;2345
16 oct 2022;15:47:46;2345
16 oct 2022;15:47:47;2340
16 oct 2022;15:47:48;2334
16 oct 2022;15:47:49;2329
16 oct 2022;15:47:50;2329
16 oct 2022;15:47:51;2324
16 oct 2022;15:47:52;2324
16 oct 2022;15:47:53;2319
16 oct 2022;15:47:54;2324
16 oct 2022;15:47:55;2324
16 oct 2022;15:47:56;2324
16 oct 2022;15:47:57;2324
16 oct 2022;15:47:58;2319
16 oct 2022;15:47:59;2324
16 oct 2022;15:48:00;2324
16 oct 2022;15:48:01;2324
16 oct 2022;15:48:02;2324
16 oct 2022;15:48:03;2324
16 oct 2022;15:48:04;2324
16 oct 2022;15:48:05;2329
16 oct 2022;15:48:06;2324
16 oct 2022;15:48:07;2324
16 oct 2022;15:48:08;2319
16 oct 2022;15:48:09;2319
16 oct 2022;15:48:10;2314
16 oct 2022;15:48:11;2309
16 oct 2022;15:48:12;2309
16 oct 2022;15:48:13;2299
16 oct 2022;15:48:14;2299
16 oct 2022;15:48:15;2294
16 oct 2022;15:48:16;2289
16 oct 2022;15:48:17;2284
16 oct 2022;15:48:18;2279
16 oct 2022;15:48:19;2274
16 oct 2022;15:48:20;2274
16 oct 2022;15:48:21;2269
16 oct 2022;15:48:22;2269
16 oct 2022;15:48:23;2269
16 oct 2022;15:48:24;2269
16 oct 2022;15:48:25;2264
16 oct 2022;15:48:26;2264
16 oct 2022;15:48:27;2259
16 oct 2022;15:48:28;2259
16 oct 2022;15:48:29;2259
16 oct 2022;15:48:30;2259
16 oct 2022;15:48:31;2254
16 oct 2022;15:48:32;2249
16 oct 2022;15:48:33;2249
16 oct 2022;15:48:34;2244
16 oct 2022;15:48:35;2239
16 oct 2022;15:48:36;2234
16 oct 2022;15:48:37;2229
16 oct 2022;15:48:38;2224
16 oct 2022;15:48:39;2229
16 oct 2022;15:48:40;2224
16 oct 2022;15:48:41;2224
16 oct 2022;15:48:42;2219
16 oct 2022;15:48:43;2219
16 oct 2022;15:48:44;2219
16 oct 2022;15:48:45;2219
16 oct 2022;15:48:46;2214
16 oct 2022;15:48:47;2214
16 oct 2022;15:48:48;2214
16 oct 2022;15:48:49;2214
16 oct 2022;15:48:50;2214
16 oct 2022;15:48:51;2209
16 oct 2022;15:48:52;2209
16 oct 2022;15:48:53;2209
16 oct 2022;15:48:54;2204
16 oct 2022;15:48:55;2199
16 oct 2022;15:48:56;2199
16 oct 2022;15:48:57;2199
16 oct 2022;15:48:58;2194
16 oct 2022;15:48:59;2194
16 oct 2022;15:49:00;2194
16 oct 2022;15:49:01;2194
16 oct 2022;15:49:02;2194
16 oct 2022;15:49:03;2189
16 oct 2022;15:49:04;2189
16 oct 2022;15:49:05;2189
16 oct 2022;15:49:06;2189
16 oct 2022;15:49:07;2189
16 oct 2022;15:49:08;2189
16 oct 2022;15:49:09;2189
16 oct 2022;15:49:10;2194
16 oct 2022;15:49:11;2194
16 oct 2022;15:49:12;2194
16 oct 2022;15:49:13;2194
16 oct 2022;15:49:14;2194
16 oct 2022;15:49:15;2194
16 oct 2022;15:49:16;2194
16 oct 2022;15:49:17;2194
16 oct 2022;15:49:18;2194
16 oct 2022;15:49:19;2189
16 oct 2022;15:49:20;2189
16 oct 2022;15:49:21;2184
16 oct 2022;15:49:22;2179
16 oct 2022;15:49:23;2174
16 oct 2022;15:49:24;2169
16 oct 2022;15:49:25;2159
16 oct 2022;15:49:26;2149
16 oct 2022;15:49:27;2144
16 oct 2022;15:49:28;2134
16 oct 2022;15:49:29;2124
16 oct 2022;15:49:30;2109
16 oct 2022;15:49:31;2104
16 oct 2022;15:49:32;2094
16 oct 2022;15:49:33;2084
16 oct 2022;15:49:34;2074
16 oct 2022;15:49:35;2069
16 oct 2022;15:49:36;2059
16 oct 2022;15:49:37;2054
16 oct 2022;15:49:38;2049
16 oct 2022;15:49:39;2044
16 oct 2022;15:49:40;2039
16 oct 2022;15:49:41;2039
16 oct 2022;15:49:42;2034
16 oct 2022;15:49:43;2034
16 oct 2022;15:49:44;2029
16 oct 2022;15:49:45;2029
16 oct 2022;15:49:46;2024
16 oct 2022;15:49:47;2024
16 oct 2022;15:49:48;2019
16 oct 2022;15:49:49;2019
16 oct 2022;15:49:50;2014
16 oct 2022;15:49:51;2009
16 oct 2022;15:49:52;2004
16 oct 2022;15:49:53;1999
16 oct 2022;15:49:54;1989
16 oct 2022;15:49:55;1984
16 oct 2022;15:49:56;1979
16 oct 2022;15:49:57;1969
16 oct 2022;15:49:58;1964
16 oct 2022;15:49:59;1954
16 oct 2022;15:50:00;1949
16 oct 2022;15:50:01;1939
16 oct 2022;15:50:02;1934
16 oct 2022;15:50:03;1929
16 oct 2022;15:50:04;1919
16 oct 2022;15:50:05;1914
16 oct 2022;15:50:06;1904
16 oct 2022;15:50:07;1899
16 oct 2022;15:50:08;1899
16 oct 2022;15:50:09;1889
16 oct 2022;15:50:10;1884
16 oct 2022;15:50:11;1879
16 oct 2022;15:50:12;1874
16 oct 2022;15:50:13;1874
16 oct 2022;15:50:14;1869
16 oct 2022;15:50:15;1864
16 oct 2022;15:50:16;1864
16 oct 2022;15:50:17;1859
16 oct 2022;15:50:18;1859
16 oct 2022;15:50:19;1854
16 oct 2022;15:50:20;1854
16 oct 2022;15:50:21;1854
16 oct 2022;15:50:22;1854
16 oct 2022;15:50:23;1854
16 oct 2022;15:50:24;1849
16 oct 2022;15:50:25;1849
16 oct 2022;15:50:26;1849
16 oct 2022;15:50:27;1849
16 oct 2022;15:50:28;1844
16 oct 2022;15:50:29;1839
16 oct 2022;15:50:30;1834
16 oct 2022;15:50:31;1829
16 oct 2022;15:50:32;1829
16 oct 2022;15:50:33;1824
16 oct 2022;15:50:34;1819
16 oct 2022;15:50:35;1819
16 oct 2022;15:50:36;1813
16 oct 2022;15:50:37;1813
16 oct 2022;15:50:38;1808
16 oct 2022;15:50:39;1803
16 oct 2022;15:50:40;1803
16 oct 2022;15:50:41;1798
16 oct 2022;15:50:42;1798
16 oct 2022;15:50:43;1793
16 oct 2022;15:50:44;1793
16 oct 2022;15:50:45;1798
16 oct 2022;15:50:46;1793
16 oct 2022;15:50:47;1788
16 oct 2022;15:50:48;1788
16 oct 2022;15:50:49;1788
16 oct 2022;15:50:50;1783
16 oct 2022;15:50:51;1778
16 oct 2022;15:50:52;1778
16 oct 2022;15:50:53;1773
16 oct 2022;15:50:54;1773
16 oct 2022;15:50:55;1773
16 oct 2022;15:50:56;1768
16 oct 2022;15:50:57;1768
16 oct 2022;15:50:58;1763
16 oct 2022;15:50:59;1763
16 oct 2022;15:51:00;1758
16 oct 2022;15:51:01;1758
16 oct 2022;15:51:02;1758
16 oct 2022;15:51:03;1758
16 oct 2022;15:51:04;1758
16 oct 2022;15:51:05;1753
16 oct 2022;15:51:06;1758
16 oct 2022;15:51:07;1763
16 oct 2022;15:51:08;1763
16 oct 2022;15:51:09;1763
16 oct 2022;15:51:10;1763
16 oct 2022;15:51:11;1768
16 oct 2022;15:51:12;1768
16 oct 2022;15:51:13;1768
16 oct 2022;15:51:14;1768
16 oct 2022;15:51:15;1773
16 oct 2022;15:51:16;1773
16 oct 2022;15:51:17;1768
16 oct 2022;15:51:18;1768
16 oct 2022;15:51:19;1768
16 oct 2022;15:51:20;1763
16 oct 2022;15:51:21;1763
16 oct 2022;15:51:22;1763
16 oct 2022;15:51:23;1758
16 oct 2022;15:51:24;1753
16 oct 2022;15:51:25;1753
16 oct 2022;15:51:26;1748
16 oct 2022;15:51:27;1748
16 oct 2022;15:51:28;1743
16 oct 2022;15:51:29;1743
16 oct 2022;15:51:30;1738
16 oct 2022;15:51:31;1738
16 oct 2022;15:51:32;1738
16 oct 2022;15:51:33;1743
16 oct 2022;15:51:34;1738
16 oct 2022;15:51:35;1738
16 oct 2022;15:51:36;1743
16 oct 2022;15:51:37;1743
16 oct 2022;15:51:38;1748
16 oct 2022;15:51:39;1748
16 oct 2022;15:51:40;1748
16 oct 2022;15:51:41;1748
16 oct 2022;15:51:42;1748
16 oct 2022;15:51:43;1748
16 oct 2022;15:51:44;1748
16 oct 2022;15:51:45;1743
16 oct 2022;15:51:46;1743
16 oct 2022;15:51:47;1743
16 oct 2022;15:51:48;1738
16 oct 2022;15:51:49;1738
16 oct 2022;15:51:50;1733
16 oct 2022;15:51:51;1733
16 oct 2022;15:51:52;1733
16 oct 2022;15:51:53;1728
16 oct 2022;15:51:54;1728
16 oct 2022;15:51:55;1723
16 oct 2022;15:51:56;1728
16 oct 2022;15:51:57;1723
16 oct 2022;15:51:58;1728
16 oct 2022;15:51:59;1728
16 oct 2022;15:52:00;1728
16 oct 2022;15:52:01;1728
16 oct 2022;15:52:02;1733
16 oct 2022;15:52:03;1733
16 oct 2022;15:52:04;1738
16 oct 2022;15:52:05;1738
16 oct 2022;15:52:06;1738
16 oct 2022;15:52:07;1738
16 oct 2022;15:52:08;1738
16 oct 2022;15:52:09;1738
16 oct 2022;15:52:10;1738
16 oct 2022;15:52:11;1733
16 oct 2022;15:52:12;1733
16 oct 2022;15:52:13;1733
16 oct 2022;15:52:14;1733
16 oct 2022;15:52:15;1733
16 oct 2022;15:52:16;1733
16 oct 2022;15:52:17;1733
16 oct 2022;15:52:18;1733
16 oct 2022;15:52:19;1733
16 oct 2022;15:52:20;1733
16 oct 2022;15:52:21;1733
16 oct 2022;15:52:22;1733
16 oct 2022;15:52:23;1738
16 oct 2022;15:52:24;1743
16 oct 2022;15:52:25;1748
16 oct 2022;15:52:26;1748
16 oct 2022;15:52:27;1748
16 oct 2022;15:52:28;1753
16 oct 2022;15:52:29;1753
16 oct 2022;15:52:30;1753
16 oct 2022;15:52:31;1753
16 oct 2022;15:52:32;1758
16 oct 2022;15:52:33;1758
16 oct 2022;15:52:34;1763
16 oct 2022;15:52:35;1763
16 oct 2022;15:52:36;1763
16 oct 2022;15:52:37;1763
16 oct 2022;15:52:38;1763
16 oct 2022;15:52:39;1763
16 oct 2022;15:52:40;1763
16 oct 2022;15:52:41;1763
16 oct 2022;15:52:42;1763
16 oct 2022;15:52:43;1763
16 oct 2022;15:52:44;1763
16 oct 2022;15:52:45;1763
16 oct 2022;15:52:46;1763
16 oct 2022;15:52:47;1763
16 oct 2022;15:52:48;1763
16 oct 2022;15:52:49;1763
16 oct 2022;15:52:50;1763
16 oct 2022;15:52:51;1768
16 oct 2022;15:52:52;1768
16 oct 2022;15:52:53;1773
16 oct 2022;15:52:54;1778
16 oct 2022;15:52:55;1783
16 oct 2022;15:52:56;1783
16 oct 2022;15:52:57;1783
16 oct 2022;15:52:58;1788
16 oct 2022;15:52:59;1788
16 oct 2022;15:53:00;1793
16 oct 2022;15:53:01;1798
16 oct 2022;15:53:02;1803
16 oct 2022;15:53:03;1803
16 oct 2022;15:53:04;1803
16 oct 2022;15:53:05;1808
16 oct 2022;15:53:06;1808
16 oct 2022;15:53:07;1808
16 oct 2022;15:53:08;1803
16 oct 2022;15:53:09;1803
16 oct 2022;15:53:10;1803
16 oct 2022;15:53:11;1798
16 oct 2022;15:53:12;1798
16 oct 2022;15:53:13;1798
16 oct 2022;15:53:14;1798
16 oct 2022;15:53:15;1798
16 oct 2022;15:53:16;1798
16 oct 2022;15:53:17;1793
16 oct 2022;15:53:18;1793
16 oct 2022;15:53:19;1788
16 oct 2022;15:53:20;1788
16 oct 2022;15:53:21;1788
16 oct 2022;15:53:22;1783
16 oct 2022;15:53:23;1783
16 oct 2022;15:53:24;1783
16 oct 2022;15:53:25;1788
16 oct 2022;15:53:26;1783
16 oct 2022;15:53:27;1788
16 oct 2022;15:53:28;1788
16 oct 2022;15:53:29;1788
16 oct 2022;15:53:30;1788
16 oct 2022;15:53:31;1788
16 oct 2022;15:53:32;1788
16 oct 2022;15:53:33;1788
16 oct 2022;15:53:34;1793
16 oct 2022;15:53:35;1793
16 oct 2022;15:53:36;1798
16 oct 2022;15:53:37;1798
16 oct 2022;15:53:38;1803
16 oct 2022;15:53:39;1803
16 oct 2022;15:53:40;1803
16 oct 2022;15:53:41;1798
16 oct 2022;15:53:42;1798
16 oct 2022;15:53:43;1803
16 oct 2022;15:53:44;1803
16 oct 2022;15:53:45;1803
16 oct 2022;15:53:46;1803
16 oct 2022;15:53:47;1803
16 oct 2022;15:53:48;1803
16 oct 2022;15:53:49;1803
16 oct 2022;15:53:50;1803
16 oct 2022;15:53:51;1798
16 oct 2022;15:53:52;1798
16 oct 2022;15:53:53;1798
16 oct 2022;15:53:54;1798
16 oct 2022;15:53:55;1798
16 oct 2022;15:53:56;1798
16 oct 2022;15:53:57;1798
16 oct 2022;15:53:58;1798
16 oct 2022;15:53:59;1798
16 oct 2022;15:54:00;1803
16 oct 2022;15:54:01;1803
16 oct 2022;15:54:02;1808
16 oct 2022;15:54:03;1808
16 oct 2022;15:54:04;1813
16 oct 2022;15:54:05;1813
16 oct 2022;15:54:06;1824
16 oct 2022;15:54:07;1824
16 oct 2022;15:54:08;1829
16 oct 2022;15:54:09;1839
16 oct 2022;15:54:10;1839
16 oct 2022;15:54:11;1844
16 oct 2022;15:54:12;1849
16 oct 2022;15:54:13;1849
16 oct 2022;15:54:14;1849
16 oct 2022;15:54:15;1849
16 oct 2022;15:54:16;1849
16 oct 2022;15:54:17;1849
16 oct 2022;15:54:18;1849
16 oct 2022;15:54:19;1849
16 oct 2022;15:54:20;1844
16 oct 2022;15:54:21;1839
16 oct 2022;15:54:22;1839
16 oct 2022;15:54:23;1839
16 oct 2022;15:54:24;1834
16 oct 2022;15:54:25;1829
16 oct 2022;15:54:26;1829
16 oct 2022;15:54:27;1829
16 oct 2022;15:54:28;1824
16 oct 2022;15:54:29;1829
16 oct 2022;15:54:30;1824
16 oct 2022;15:54:31;1829
16 oct 2022;15:54:32;1829
16 oct 2022;15:54:33;1834
16 oct 2022;15:54:34;1834
16 oct 2022;15:54:35;1834
16 oct 2022;15:54:36;1834
16 oct 2022;15:54:37;1834
16 oct 2022;15:54:38;1834
16 oct 2022;15:54:39;1834
16 oct 2022;15:54:40;1834
16 oct 2022;15:54:41;1834
16 oct 2022;15:54:42;1834
16 oct 2022;15:54:43;1834
16 oct 2022;15:54:44;1829
16 oct 2022;15:54:45;1824
16 oct 2022;15:54:46;1819
16 oct 2022;15:54:47;1813
16 oct 2022;15:54:48;1813
16 oct 2022;15:54:49;1813
16 oct 2022;15:54:50;1808
16 oct 2022;15:54:51;1808
16 oct 2022;15:54:52;1803
16 oct 2022;15:54:53;1803
16 oct 2022;15:54:54;1798
16 oct 2022;15:54:55;1798
16 oct 2022;15:54:56;1798
16 oct 2022;15:54:57;1798
16 oct 2022;15:54:58;1798
16 oct 2022;15:54:59;1798
16 oct 2022;15:55:00;1803
16 oct 2022;15:55:01;1803
16 oct 2022;15:55:02;1803
16 oct 2022;15:55:03;1808
16 oct 2022;15:55:04;1808
16 oct 2022;15:55:05;1808
16 oct 2022;15:55:06;1808
16 oct 2022;15:55:07;1813
16 oct 2022;15:55:08;1808
16 oct 2022;15:55:09;1808
16 oct 2022;15:55:10;1808
16 oct 2022;15:55:11;1808
16 oct 2022;15:55:12;1808
16 oct 2022;15:55:13;1803
16 oct 2022;15:55:14;1803
16 oct 2022;15:55:15;1798
16 oct 2022;15:55:16;1798
16 oct 2022;15:55:17;1793
16 oct 2022;15:55:18;1788
16 oct 2022;15:55:19;1783
16 oct 2022;15:55:20;1778
16 oct 2022;15:55:21;1778
16 oct 2022;15:55:22;1773
16 oct 2022;15:55:23;1768
16 oct 2022;15:55:24;1763
16 oct 2022;15:55:25;1763
16 oct 2022;15:55:26;1763
16 oct 2022;15:55:27;1763
16 oct 2022;15:55:28;1763
16 oct 2022;15:55:29;1763
16 oct 2022;15:55:30;1763
16 oct 2022;15:55:31;1768
16 oct 2022;15:55:32;1768
16 oct 2022;15:55:33;1768
16 oct 2022;15:55:34;1773
16 oct 2022;15:55:35;1773
16 oct 2022;15:55:36;1773
16 oct 2022;15:55:37;1778
16 oct 2022;15:55:38;1778
16 oct 2022;15:55:39;1778
16 oct 2022;15:55:40;1778
16 oct 2022;15:55:41;1778
16 oct 2022;15:55:42;1778
16 oct 2022;15:55:43;1778
16 oct 2022;15:55:44;1778
16 oct 2022;15:55:45;1778
16 oct 2022;15:55:46;1778
16 oct 2022;15:55:47;1783
16 oct 2022;15:55:48;1793
16 oct 2022;15:55:49;1798
16 oct 2022;15:55:50;1803
16 oct 2022;15:55:51;1813
16 oct 2022;15:55:52;1819
16 oct 2022;15:55:53;1824
16 oct 2022;15:55:54;1829
16 oct 2022;15:55:55;1834
16 oct 2022;15:55:56;1844
16 oct 2022;15:55:57;1849
16 oct 2022;15:55:58;1854
16 oct 2022;15:55:59;1859
16 oct 2022;15:56:00;1869
16 oct 2022;15:56:01;1874
16 oct 2022;15:56:02;1874
16 oct 2022;15:56:03;1874
16 oct 2022;15:56:04;1879
16 oct 2022;15:56:05;1879
16 oct 2022;15:56:06;1879
16 oct 2022;15:56:07;1879
16 oct 2022;15:56:08;1879
16 oct 2022;15:56:09;1884
16 oct 2022;15:56:10;1889
16 oct 2022;15:56:11;1889
16 oct 2022;15:56:12;1894
16 oct 2022;15:56:13;1894
16 oct 2022;15:56:14;1899
16 oct 2022;15:56:15;1899
16 oct 2022;15:56:16;1904
16 oct 2022;15:56:17;1909
16 oct 2022;15:56:18;1914
16 oct 2022;15:56:19;1914
16 oct 2022;15:56:20;1919
16 oct 2022;15:56:21;1924
16 oct 2022;15:56:22;1924
16 oct 2022;15:56:23;1924
16 oct 2022;15:56:24;1929
16 oct 2022;15:56:25;1929
16 oct 2022;15:56:26;1929
16 oct 2022;15:56:27;1929
16 oct 2022;15:56:28;1929
16 oct 2022;15:56:29;1929
16 oct 2022;15:56:30;1929
16 oct 2022;15:56:31;1929
16 oct 2022;15:56:32;1929
16 oct 2022;15:56:33;1929
16 oct 2022;15:56:34;1929
16 oct 2022;15:56:35;1929
16 oct 2022;15:56:36;1929
16 oct 2022;15:56:37;1929
16 oct 2022;15:56:38;1924
16 oct 2022;15:56:39;1924
16 oct 2022;15:56:40;1924
16 oct 2022;15:56:41;1924
16 oct 2022;15:56:42;1919
16 oct 2022;15:56:43;1919
16 oct 2022;15:56:44;1914
16 oct 2022;15:56:45;1914
16 oct 2022;15:56:46;1914
16 oct 2022;15:56:47;1909
16 oct 2022;15:56:48;1904
16 oct 2022;15:56:49;1904
16 oct 2022;15:56:50;1904
16 oct 2022;15:56:51;1904
16 oct 2022;15:56:52;1899
16 oct 2022;15:56:53;1894
16 oct 2022;15:56:54;1894
16 oct 2022;15:56:55;1889
16 oct 2022;15:56:56;1889
16 oct 2022;15:56:57;1884
16 oct 2022;15:56:58;1879
16 oct 2022;15:56:59;1879
16 oct 2022;15:57:00;1874
16 oct 2022;15:57:01;1869
16 oct 2022;15:57:02;1869
16 oct 2022;15:57:03;1869
16 oct 2022;15:57:04;1864
16 oct 2022;15:57:05;1864
16 oct 2022;15:57:06;1859
16 oct 2022;15:57:07;1854
16 oct 2022;15:57:08;1849
16 oct 2022;15:57:09;1849
16 oct 2022;15:57:10;1844
16 oct 2022;15:57:11;1839
16 oct 2022;15:57:12;1839
16 oct 2022;15:57:13;1834
16 oct 2022;15:57:14;1829
16 oct 2022;15:57:15;1824
16 oct 2022;15:57:16;1824
16 oct 2022;15:57:17;1819
16 oct 2022;15:57:18;1819
16 oct 2022;15:57:19;1819
16 oct 2022;15:57:20;1819
16 oct 2022;15:57:21;1819
16 oct 2022;15:57:22;1819
16 oct 2022;15:57:23;1824
16 oct 2022;15:57:24;1824
16 oct 2022;15:57:25;1829
16 oct 2022;15:57:26;1829
16 oct 2022;15:57:27;1834
16 oct 2022;15:57:28;1839
16 oct 2022;15:57:29;1844
16 oct 2022;15:57:30;1849
16 oct 2022;15:57:31;1854
16 oct 2022;15:57:32;1859
16 oct 2022;15:57:33;1869
16 oct 2022;15:57:34;1869
16 oct 2022;15:57:35;1879
16 oct 2022;15:57:36;1879
16 oct 2022;15:57:37;1879
16 oct 2022;15:57:38;1889
16 oct 2022;15:57:39;1889
16 oct 2022;15:57:40;1889
16 oct 2022;15:57:41;1879
16 oct 2022;15:57:42;1879
16 oct 2022;15:57:43;1874
16 oct 2022;15:57:44;1869
16 oct 2022;15:57:45;1864
16 oct 2022;15:57:46;1859
16 oct 2022;15:57:47;1854
16 oct 2022;15:57:48;1849
16 oct 2022;15:57:49;1844
16 oct 2022;15:57:50;1839
16 oct 2022;15:57:51;1834
16 oct 2022;15:57:52;1829
16 oct 2022;15:57:53;1829
16 oct 2022;15:57:54;1829
16 oct 2022;15:57:55;1829
16 oct 2022;15:57:56;1834
16 oct 2022;15:57:57;1839
16 oct 2022;15:57:58;1839
16 oct 2022;15:57:59;1849
16 oct 2022;15:58:00;1854
16 oct 2022;15:58:01;1859
16 oct 2022;15:58:02;1869
16 oct 2022;15:58:03;1874
16 oct 2022;15:58:04;1879
16 oct 2022;15:58:05;1889
16 oct 2022;15:58:06;1899
16 oct 2022;15:58:07;1904
16 oct 2022;15:58:08;1914
16 oct 2022;15:58:09;1919
16 oct 2022;15:58:10;1929
16 oct 2022;15:58:11;1929
16 oct 2022;15:58:12;1934
16 oct 2022;15:58:13;1939
16 oct 2022;15:58:14;1939
16 oct 2022;15:58:15;1944
16 oct 2022;15:58:16;1944
16 oct 2022;15:58:17;1944
16 oct 2022;15:58:18;1939
16 oct 2022;15:58:19;1939
16 oct 2022;15:58:20;1934
16 oct 2022;15:58:21;1934
16 oct 2022;15:58:22;1934
16 oct 2022;15:58:23;1929
16 oct 2022;15:58:24;1924
16 oct 2022;15:58:25;1919
16 oct 2022;15:58:26;1914
16 oct 2022;15:58:27;1914
16 oct 2022;15:58:28;1909
16 oct 2022;15:58:29;1904
16 oct 2022;15:58:30;1904
16 oct 2022;15:58:31;1899
16 oct 2022;15:58:32;1894
16 oct 2022;15:58:33;1894
16 oct 2022;15:58:34;1894
16 oct 2022;15:58:35;1889
16 oct 2022;15:58:36;1889
16 oct 2022;15:58:37;1889
16 oct 2022;15:58:38;1889
16 oct 2022;15:58:39;1889
16 oct 2022;15:58:40;1889
16 oct 2022;15:58:41;1889
16 oct 2022;15:58:42;1889
16 oct 2022;15:58:43;1889
16 oct 2022;15:58:44;1889
16 oct 2022;15:58:45;1889
16 oct 2022;15:58:46;1894
16 oct 2022;15:58:47;1894
16 oct 2022;15:58:48;1894
16 oct 2022;15:58:49;1894
16 oct 2022;15:58:50;1894
16 oct 2022;15:58:51;1899
16 oct 2022;15:58:52;1899
16 oct 2022;15:58:53;1904
16 oct 2022;15:58:54;1904
16 oct 2022;15:58:55;1904
16 oct 2022;15:58:56;1909
16 oct 2022;15:58:57;1909
16 oct 2022;15:58:58;1909
16 oct 2022;15:58:59;1909
16 oct 2022;15:59:00;1909
16 oct 2022;15:59:01;1914
16 oct 2022;15:59:02;1914
16 oct 2022;15:59:03;1914
16 oct 2022;15:59:04;1914
16 oct 2022;15:59:05;1919
16 oct 2022;15:59:06;1919
16 oct 2022;15:59:07;1919
16 oct 2022;15:59:08;1919
16 oct 2022;15:59:09;1919
16 oct 2022;15:59:10;1919
16 oct 2022;15:59:11;1919
16 oct 2022;15:59:12;1919
16 oct 2022;15:59:13;1919
16 oct 2022;15:59:14;1914
16 oct 2022;15:59:15;1914
16 oct 2022;15:59:16;1914
16 oct 2022;15:59:17;1914
16 oct 2022;15:59:18;1904
16 oct 2022;15:59:19;1899
16 oct 2022;15:59:20;1894
16 oct 2022;15:59:21;1894
16 oct 2022;15:59:22;1889
16 oct 2022;15:59:23;1889
16 oct 2022;15:59:24;1884
16 oct 2022;15:59:25;1884
16 oct 2022;15:59:26;1879
16 oct 2022;15:59:27;1879
16 oct 2022;15:59:28;1884
16 oct 2022;15:59:29;1889
16 oct 2022;15:59:30;1889
16 oct 2022;15:59:31;1899
16 oct 2022;15:59:32;1899
16 oct 2022;15:59:33;1904
16 oct 2022;15:59:34;1909
16 oct 2022;15:59:35;1914
16 oct 2022;15:59:36;1914
16 oct 2022;15:59:37;1919
16 oct 2022;15:59:38;1924
16 oct 2022;15:59:39;1924
16 oct 2022;15:59:40;1929
16 oct 2022;15:59:41;1929
16 oct 2022;15:59:42;1929
16 oct 2022;15:59:43;1929
16 oct 2022;15:59:44;1924
16 oct 2022;15:59:45;1919
16 oct 2022;15:59:46;1924
16 oct 2022;15:59:47;1919
16 oct 2022;15:59:48;1914
16 oct 2022;15:59:49;1914
16 oct 2022;15:59:50;1909
16 oct 2022;15:59:51;1904
16 oct 2022;15:59:52;1904
16 oct 2022;15:59:53;1899
16 oct 2022;15:59:54;1894
16 oct 2022;15:59:55;1894
16 oct 2022;15:59:56;1889
16 oct 2022;15:59:57;1889
16 oct 2022;15:59:58;1884
16 oct 2022;15:59:59;1884
16 oct 2022;16:00:00;1884
16 oct 2022;16:00:01;1884
16 oct 2022;16:00:02;1879
16 oct 2022;16:00:03;1874
16 oct 2022;16:00:04;1874
16 oct 2022;16:00:05;1864
16 oct 2022;16:00:06;1864
16 oct 2022;16:00:07;1864
16 oct 2022;16:00:08;1859
16 oct 2022;16:00:09;1859
16 oct 2022;16:00:10;1859
16 oct 2022;16:00:11;1859
16 oct 2022;16:00:12;1859
16 oct 2022;16:00:13;1854
16 oct 2022;16:00:14;1854
16 oct 2022;16:00:15;1854
16 oct 2022;16:00:16;1859
16 oct 2022;16:00:17;1859
16 oct 2022;16:00:18;1864
16 oct 2022;16:00:19;1869
16 oct 2022;16:00:20;1869
16 oct 2022;16:00:21;1874
16 oct 2022;16:00:22;1874
16 oct 2022;16:00:23;1879
16 oct 2022;16:00:24;1879
16 oct 2022;16:00:25;1879
16 oct 2022;16:00:26;1879
16 oct 2022;16:00:27;1874
16 oct 2022;16:00:28;1874
16 oct 2022;16:00:29;1874
16 oct 2022;16:00:30;1869
16 oct 2022;16:00:31;1869
16 oct 2022;16:00:32;1864
16 oct 2022;16:00:33;1864
16 oct 2022;16:00:34;1859
16 oct 2022;16:00:35;1859
16 oct 2022;16:00:36;1854
16 oct 2022;16:00:37;1854
16 oct 2022;16:00:38;1854
16 oct 2022;16:00:39;1849
16 oct 2022;16:00:40;1849
16 oct 2022;16:00:41;1839
16 oct 2022;16:00:42;1839
16 oct 2022;16:00:43;1834
16 oct 2022;16:00:44;1829
16 oct 2022;16:00:45;1824
16 oct 2022;16:00:46;1824
16 oct 2022;16:00:47;1819
16 oct 2022;16:00:48;1813
16 oct 2022;16:00:49;1808
16 oct 2022;16:00:50;1803
16 oct 2022;16:00:51;1793
16 oct 2022;16:00:52;1793
16 oct 2022;16:00:53;1788
16 oct 2022;16:00:54;1788
16 oct 2022;16:00:55;1788
16 oct 2022;16:00:56;1788
16 oct 2022;16:00:57;1788
16 oct 2022;16:00:58;1793
16 oct 2022;16:00:59;1793
16 oct 2022;16:01:00;1798
16 oct 2022;16:01:01;1803
16 oct 2022;16:01:02;1803
16 oct 2022;16:01:03;1813
16 oct 2022;16:01:04;1819
16 oct 2022;16:01:05;1824
16 oct 2022;16:01:06;1829
16 oct 2022;16:01:07;1834
16 oct 2022;16:01:08;1839
16 oct 2022;16:01:09;1844
16 oct 2022;16:01:10;1849
16 oct 2022;16:01:11;1854
16 oct 2022;16:01:12;1859
16 oct 2022;16:01:13;1859
16 oct 2022;16:01:14;1864
16 oct 2022;16:01:15;1864
16 oct 2022;16:01:16;1869
16 oct 2022;16:01:17;1874
16 oct 2022;16:01:18;1869
16 oct 2022;16:01:19;1874
16 oct 2022;16:01:20;1879
16 oct 2022;16:01:21;1879
16 oct 2022;16:01:22;1879
16 oct 2022;16:01:23;1879
16 oct 2022;16:01:24;1874
16 oct 2022;16:01:25;1874
16 oct 2022;16:01:26;1874
16 oct 2022;16:01:27;1869
16 oct 2022;16:01:28;1864
16 oct 2022;16:01:29;1864
16 oct 2022;16:01:30;1859
16 oct 2022;16:01:31;1854
16 oct 2022;16:01:32;1849
16 oct 2022;16:01:33;1844
16 oct 2022;16:01:34;1844
16 oct 2022;16:01:35;1839
16 oct 2022;16:01:36;1839
16 oct 2022;16:01:37;1834
16 oct 2022;16:01:38;1834
16 oct 2022;16:01:39;1839
16 oct 2022;16:01:40;1839
16 oct 2022;16:01:41;1839
16 oct 2022;16:01:42;1844
16 oct 2022;16:01:43;1849
16 oct 2022;16:01:44;1854
16 oct 2022;16:01:45;1854
16 oct 2022;16:01:46;1859
16 oct 2022;16:01:47;1864
16 oct 2022;16:01:48;1869
16 oct 2022;16:01:49;1869
16 oct 2022;16:01:50;1874
16 oct 2022;16:01:51;1874
16 oct 2022;16:01:52;1874
16 oct 2022;16:01:53;1874
16 oct 2022;16:01:54;1874
16 oct 2022;16:01:55;1869
16 oct 2022;16:01:56;1869
16 oct 2022;16:01:57;1869
16 oct 2022;16:01:58;1869
16 oct 2022;16:01:59;1869
16 oct 2022;16:02:00;1864
16 oct 2022;16:02:01;1864
16 oct 2022;16:02:02;1864
16 oct 2022;16:02:03;1859
16 oct 2022;16:02:04;1859
16 oct 2022;16:02:05;1859
16 oct 2022;16:02:06;1859
16 oct 2022;16:02:07;1859
16 oct 2022;16:02:08;1859
16 oct 2022;16:02:09;1864
16 oct 2022;16:02:10;1864
16 oct 2022;16:02:11;1864
16 oct 2022;16:02:12;1869
16 oct 2022;16:02:13;1869
16 oct 2022;16:02:14;1869
16 oct 2022;16:02:15;1874
16 oct 2022;16:02:16;1879
16 oct 2022;16:02:17;1879
16 oct 2022;16:02:18;1879
16 oct 2022;16:02:19;1884
16 oct 2022;16:02:20;1889
16 oct 2022;16:02:21;1889
16 oct 2022;16:02:22;1894
16 oct 2022;16:02:23;1899
16 oct 2022;16:02:24;1904
16 oct 2022;16:02:25;1909
16 oct 2022;16:02:26;1909
16 oct 2022;16:02:27;1909
16 oct 2022;16:02:28;1914
16 oct 2022;16:02:29;1919
16 oct 2022;16:02:30;1914
16 oct 2022;16:02:31;1914
16 oct 2022;16:02:32;1919
16 oct 2022;16:02:33;1919
16 oct 2022;16:02:34;1919
16 oct 2022;16:02:35;1914
16 oct 2022;16:02:36;1914
16 oct 2022;16:02:37;1914
16 oct 2022;16:02:38;1914
16 oct 2022;16:02:39;1914
16 oct 2022;16:02:40;1909
16 oct 2022;16:02:41;1909
16 oct 2022;16:02:42;1909
16 oct 2022;16:02:43;1904
16 oct 2022;16:02:44;1904
16 oct 2022;16:02:45;1904
16 oct 2022;16:02:46;1904
16 oct 2022;16:02:47;1904
16 oct 2022;16:02:48;1904
16 oct 2022;16:02:49;1899
16 oct 2022;16:02:50;1899
16 oct 2022;16:02:51;1894
16 oct 2022;16:02:52;1894
16 oct 2022;16:02:53;1889
16 oct 2022;16:02:54;1889
16 oct 2022;16:02:55;1889
16 oct 2022;16:02:56;1894
16 oct 2022;16:02:57;1894
16 oct 2022;16:02:58;1894
16 oct 2022;16:02:59;1894
16 oct 2022;16:03:00;1894
16 oct 2022;16:03:01;1894
16 oct 2022;16:03:02;1894
16 oct 2022;16:03:03;1894
16 oct 2022;16:03:04;1889
16 oct 2022;16:03:05;1889
16 oct 2022;16:03:06;1889
16 oct 2022;16:03:07;1889
16 oct 2022;16:03:08;1889
16 oct 2022;16:03:09;1894
16 oct 2022;16:03:10;1894
16 oct 2022;16:03:11;1894
16 oct 2022;16:03:12;1894
16 oct 2022;16:03:13;1904
16 oct 2022;16:03:14;1904
16 oct 2022;16:03:15;1909
16 oct 2022;16:03:16;1914
16 oct 2022;16:03:17;1919
16 oct 2022;16:03:18;1929
16 oct 2022;16:03:19;1929
16 oct 2022;16:03:20;1939
16 oct 2022;16:03:21;1939
16 oct 2022;16:03:22;1939
16 oct 2022;16:03:23;1939
16 oct 2022;16:03:24;1939
16 oct 2022;16:03:25;1934
16 oct 2022;16:03:26;1929
16 oct 2022;16:03:27;1929
16 oct 2022;16:03:28;1924
16 oct 2022;16:03:29;1919
16 oct 2022;16:03:30;1914
16 oct 2022;16:03:31;1909
16 oct 2022;16:03:32;1904
16 oct 2022;16:03:33;1899
16 oct 2022;16:03:34;1894
16 oct 2022;16:03:35;1894
16 oct 2022;16:03:36;1889
16 oct 2022;16:03:37;1889
16 oct 2022;16:03:38;1889
16 oct 2022;16:03:39;1884
16 oct 2022;16:03:40;1884
16 oct 2022;16:03:41;1884
16 oct 2022;16:03:42;1884
16 oct 2022;16:03:43;1884
16 oct 2022;16:03:44;1884
16 oct 2022;16:03:45;1889
16 oct 2022;16:03:46;1889
16 oct 2022;16:03:47;1889
16 oct 2022;16:03:48;1894
16 oct 2022;16:03:49;1894
16 oct 2022;16:03:50;1899
16 oct 2022;16:03:51;1904
16 oct 2022;16:03:52;1909
16 oct 2022;16:03:53;1914
16 oct 2022;16:03:54;1919
16 oct 2022;16:03:55;1924
16 oct 2022;16:03:56;1929
16 oct 2022;16:03:57;1934
16 oct 2022;16:03:58;1939
16 oct 2022;16:03:59;1934
16 oct 2022;16:04:00;1939
16 oct 2022;16:04:01;1939
16 oct 2022;16:04:02;1934
16 oct 2022;16:04:03;1934
16 oct 2022;16:04:04;1929
16 oct 2022;16:04:05;1929
16 oct 2022;16:04:06;1924
16 oct 2022;16:04:07;1924
16 oct 2022;16:04:08;1919
16 oct 2022;16:04:09;1914
16 oct 2022;16:04:10;1914
16 oct 2022;16:04:11;1909
16 oct 2022;16:04:12;1909
16 oct 2022;16:04:13;1904
16 oct 2022;16:04:14;1904
16 oct 2022;16:04:15;1904
16 oct 2022;16:04:16;1904
16 oct 2022;16:04:17;1904
16 oct 2022;16:04:18;1899
16 oct 2022;16:04:19;1904
16 oct 2022;16:04:20;1904
16 oct 2022;16:04:21;1904
16 oct 2022;16:04:22;1904
16 oct 2022;16:04:23;1904
16 oct 2022;16:04:24;1904
16 oct 2022;16:04:25;1904
16 oct 2022;16:04:26;1904
16 oct 2022;16:04:27;1904
16 oct 2022;16:04:28;1904
16 oct 2022;16:04:29;1904
16 oct 2022;16:04:30;1904
16 oct 2022;16:04:31;1904
16 oct 2022;16:04:32;1904
16 oct 2022;16:04:33;1899
16 oct 2022;16:04:34;1894
16 oct 2022;16:04:35;1894
16 oct 2022;16:04:36;1889
16 oct 2022;16:04:37;1889
16 oct 2022;16:04:38;1889
16 oct 2022;16:04:39;1889
16 oct 2022;16:04:40;1889
16 oct 2022;16:04:41;1889
16 oct 2022;16:04:42;1884
16 oct 2022;16:04:43;1879
16 oct 2022;16:04:44;1879
16 oct 2022;16:04:45;1879
16 oct 2022;16:04:46;1879
16 oct 2022;16:04:47;1874
16 oct 2022;16:04:48;1874
16 oct 2022;16:04:49;1874
16 oct 2022;16:04:50;1874
16 oct 2022;16:04:51;1874
16 oct 2022;16:04:52;1874
16 oct 2022;16:04:53;1869
16 oct 2022;16:04:54;1869
16 oct 2022;16:04:55;1869
16 oct 2022;16:04:56;1864
16 oct 2022;16:04:57;1864
16 oct 2022;16:04:58;1859
16 oct 2022;16:04:59;1859
16 oct 2022;16:05:00;1859
16 oct 2022;16:05:01;1854
16 oct 2022;16:05:02;1854
16 oct 2022;16:05:03;1849
16 oct 2022;16:05:04;1849
16 oct 2022;16:05:05;1849
16 oct 2022;16:05:06;1844
16 oct 2022;16:05:07;1849
16 oct 2022;16:05:08;1849
16 oct 2022;16:05:09;1849
16 oct 2022;16:05:10;1849
16 oct 2022;16:05:11;1849
16 oct 2022;16:05:12;1854
16 oct 2022;16:05:13;1854
16 oct 2022;16:05:14;1854
16 oct 2022;16:05:15;1859
16 oct 2022;16:05:16;1864
16 oct 2022;16:05:17;1864
16 oct 2022;16:05:18;1864
16 oct 2022;16:05:19;1864
16 oct 2022;16:05:20;1864
16 oct 2022;16:05:21;1864
16 oct 2022;16:05:22;1864
16 oct 2022;16:05:23;1864
16 oct 2022;16:05:24;1864
16 oct 2022;16:05:25;1859
16 oct 2022;16:05:26;1854
16 oct 2022;16:05:27;1854
16 oct 2022;16:05:28;1849
16 oct 2022;16:05:29;1844
16 oct 2022;16:05:30;1839
16 oct 2022;16:05:31;1839
16 oct 2022;16:05:32;1839
16 oct 2022;16:05:33;1839
16 oct 2022;16:05:34;1839
16 oct 2022;16:05:35;1844
16 oct 2022;16:05:36;1844
16 oct 2022;16:05:37;1849
16 oct 2022;16:05:38;1854
16 oct 2022;16:05:39;1864
16 oct 2022;16:05:40;1874
16 oct 2022;16:05:41;1879
16 oct 2022;16:05:42;1884
16 oct 2022;16:05:43;1894
16 oct 2022;16:05:44;1899
16 oct 2022;16:05:45;1904
16 oct 2022;16:05:46;1904
16 oct 2022;16:05:47;1904
16 oct 2022;16:05:48;1914
16 oct 2022;16:05:49;1919
16 oct 2022;16:05:50;1919
16 oct 2022;16:05:51;1924
16 oct 2022;16:05:52;1929
16 oct 2022;16:05:53;1929
16 oct 2022;16:05:54;1929
16 oct 2022;16:05:55;1934
16 oct 2022;16:05:56;1934
16 oct 2022;16:05:57;1939
16 oct 2022;16:05:58;1934
16 oct 2022;16:05:59;1939
16 oct 2022;16:06:00;1939
16 oct 2022;16:06:01;1939
16 oct 2022;16:06:02;1939
16 oct 2022;16:06:03;1934
16 oct 2022;16:06:04;1929
16 oct 2022;16:06:05;1929
16 oct 2022;16:06:06;1924
16 oct 2022;16:06:07;1919
16 oct 2022;16:06:08;1919
16 oct 2022;16:06:09;1914
16 oct 2022;16:06:10;1914
16 oct 2022;16:06:11;1909
16 oct 2022;16:06:12;1904
16 oct 2022;16:06:13;1904
16 oct 2022;16:06:14;1899
16 oct 2022;16:06:15;1899
16 oct 2022;16:06:16;1894
16 oct 2022;16:06:17;1894
16 oct 2022;16:06:18;1894
16 oct 2022;16:06:19;1894
16 oct 2022;16:06:20;1889
16 oct 2022;16:06:21;1889
16 oct 2022;16:06:22;1889
16 oct 2022;16:06:23;1884
16 oct 2022;16:06:24;1884
16 oct 2022;16:06:25;1884
16 oct 2022;16:06:26;1884
16 oct 2022;16:06:27;1884
16 oct 2022;16:06:28;1884
16 oct 2022;16:06:29;1889
16 oct 2022;16:06:30;1884
16 oct 2022;16:06:31;1884
16 oct 2022;16:06:32;1889
16 oct 2022;16:06:33;1889
16 oct 2022;16:06:34;1889
16 oct 2022;16:06:35;1894
16 oct 2022;16:06:36;1894
16 oct 2022;16:06:37;1899
16 oct 2022;16:06:38;1899
16 oct 2022;16:06:39;1899
16 oct 2022;16:06:40;1904
16 oct 2022;16:06:41;1904
16 oct 2022;16:06:42;1904
16 oct 2022;16:06:43;1904
16 oct 2022;16:06:44;1909
16 oct 2022;16:06:45;1914
16 oct 2022;16:06:46;1914
16 oct 2022;16:06:47;1919
16 oct 2022;16:06:48;1919
16 oct 2022;16:06:49;1919
16 oct 2022;16:06:50;1924
16 oct 2022;16:06:51;1929
16 oct 2022;16:06:52;1929
16 oct 2022;16:06:53;1929
16 oct 2022;16:06:54;1929
16 oct 2022;16:06:55;1934
16 oct 2022;16:06:56;1934
16 oct 2022;16:06:57;1934
16 oct 2022;16:06:58;1934
16 oct 2022;16:06:59;1934
16 oct 2022;16:07:00;1934
16 oct 2022;16:07:01;1939
16 oct 2022;16:07:02;1934
16 oct 2022;16:07:03;1934
16 oct 2022;16:07:04;1929
16 oct 2022;16:07:05;1929
16 oct 2022;16:07:06;1929
16 oct 2022;16:07:07;1929
16 oct 2022;16:07:08;1929
16 oct 2022;16:07:09;1929
16 oct 2022;16:07:10;1929
16 oct 2022;16:07:11;1929
16 oct 2022;16:07:12;1929
16 oct 2022;16:07:13;1929
16 oct 2022;16:07:14;1924
16 oct 2022;16:07:15;1924
16 oct 2022;16:07:16;1924
16 oct 2022;16:07:17;1924
16 oct 2022;16:07:18;1929
16 oct 2022;16:07:19;1929
16 oct 2022;16:07:20;1929
16 oct 2022;16:07:21;1934
16 oct 2022;16:07:22;1939
16 oct 2022;16:07:23;1944
16 oct 2022;16:07:24;1939
16 oct 2022;16:07:25;1944
16 oct 2022;16:07:26;1944
16 oct 2022;16:07:27;1944
16 oct 2022;16:07:28;1949
16 oct 2022;16:07:29;1949
16 oct 2022;16:07:30;1944
16 oct 2022;16:07:31;1944
16 oct 2022;16:07:32;1944
16 oct 2022;16:07:33;1944
16 oct 2022;16:07:34;1944
16 oct 2022;16:07:35;1944
16 oct 2022;16:07:36;1939
16 oct 2022;16:07:37;1939
16 oct 2022;16:07:38;1939
16 oct 2022;16:07:39;1939
16 oct 2022;16:07:40;1939
16 oct 2022;16:07:41;1939
16 oct 2022;16:07:42;1944
16 oct 2022;16:07:43;1949
16 oct 2022;16:07:44;1949
16 oct 2022;16:07:45;1954
16 oct 2022;16:07:46;1954
16 oct 2022;16:07:47;1959
16 oct 2022;16:07:48;1959
16 oct 2022;16:07:49;1964
16 oct 2022;16:07:50;1959
16 oct 2022;16:07:51;1964
16 oct 2022;16:07:52;1964
16 oct 2022;16:07:53;1964
16 oct 2022;16:07:54;1959
16 oct 2022;16:07:55;1959
16 oct 2022;16:07:56;1954
16 oct 2022;16:07:57;1954
16 oct 2022;16:07:58;1954
16 oct 2022;16:07:59;1949
16 oct 2022;16:08:00;1949
16 oct 2022;16:08:01;1949
16 oct 2022;16:08:02;1944
16 oct 2022;16:08:03;1944
16 oct 2022;16:08:04;1944
16 oct 2022;16:08:05;1944
16 oct 2022;16:08:06;1944
16 oct 2022;16:08:07;1944
16 oct 2022;16:08:08;1939
16 oct 2022;16:08:09;1939
16 oct 2022;16:08:10;1939
16 oct 2022;16:08:11;1944
16 oct 2022;16:08:12;1939
16 oct 2022;16:08:13;1939
16 oct 2022;16:08:14;1939
16 oct 2022;16:08:15;1939
16 oct 2022;16:08:16;1939
16 oct 2022;16:08:17;1934
16 oct 2022;16:08:18;1939
16 oct 2022;16:08:19;1944
16 oct 2022;16:08:20;1944
16 oct 2022;16:08:21;1949
16 oct 2022;16:08:22;1949
16 oct 2022;16:08:23;1954
16 oct 2022;16:08:24;1959
16 oct 2022;16:08:25;1959
16 oct 2022;16:08:26;1959
16 oct 2022;16:08:27;1964
16 oct 2022;16:08:28;1964
16 oct 2022;16:08:29;1969
16 oct 2022;16:08:30;1969
16 oct 2022;16:08:31;1974
16 oct 2022;16:08:32;1974
16 oct 2022;16:08:33;1974
16 oct 2022;16:08:34;1979
16 oct 2022;16:08:35;1979
16 oct 2022;16:08:36;1979
16 oct 2022;16:08:37;1979
16 oct 2022;16:08:38;1979
16 oct 2022;16:08:39;1979
16 oct 2022;16:08:40;1979
16 oct 2022;16:08:41;1974
16 oct 2022;16:08:42;1974
16 oct 2022;16:08:43;1969
16 oct 2022;16:08:44;1969
16 oct 2022;16:08:45;1964
16 oct 2022;16:08:46;1964
16 oct 2022;16:08:47;1959
16 oct 2022;16:08:48;1959
16 oct 2022;16:08:49;1954
16 oct 2022;16:08:50;1954
16 oct 2022;16:08:51;1949
16 oct 2022;16:08:52;1944
16 oct 2022;16:08:53;1944
16 oct 2022;16:08:54;1939
16 oct 2022;16:08:55;1939
16 oct 2022;16:08:56;1934
16 oct 2022;16:08:57;1934
16 oct 2022;16:08:58;1929
16 oct 2022;16:08:59;1929
16 oct 2022;16:09:00;1929
16 oct 2022;16:09:01;1929
16 oct 2022;16:09:02;1924
16 oct 2022;16:09:03;1924
16 oct 2022;16:09:04;1929
16 oct 2022;16:09:05;1929
16 oct 2022;16:09:06;1934
16 oct 2022;16:09:07;1934
16 oct 2022;16:09:08;1939
16 oct 2022;16:09:09;1944
16 oct 2022;16:09:10;1944
16 oct 2022;16:09:11;1949
16 oct 2022;16:09:12;1949
16 oct 2022;16:09:13;1954
16 oct 2022;16:09:14;1954
16 oct 2022;16:09:15;1964
16 oct 2022;16:09:16;1964
16 oct 2022;16:09:17;1969
16 oct 2022;16:09:18;1969
16 oct 2022;16:09:19;1969
16 oct 2022;16:09:20;1969
16 oct 2022;16:09:21;1969
16 oct 2022;16:09:22;1969
16 oct 2022;16:09:23;1964
16 oct 2022;16:09:24;1964
16 oct 2022;16:09:25;1964
16 oct 2022;16:09:26;1964
16 oct 2022;16:09:27;1959
16 oct 2022;16:09:28;1954
16 oct 2022;16:09:29;1954
16 oct 2022;16:09:30;1949
16 oct 2022;16:09:31;1944
16 oct 2022;16:09:32;1939
16 oct 2022;16:09:33;1934
16 oct 2022;16:09:34;1934
16 oct 2022;16:09:35;1934
16 oct 2022;16:09:36;1929
16 oct 2022;16:09:37;1929
16 oct 2022;16:09:38;1929
16 oct 2022;16:09:39;1929
16 oct 2022;16:09:40;1929
16 oct 2022;16:09:41;1929
16 oct 2022;16:09:42;1929
16 oct 2022;16:09:43;1929
16 oct 2022;16:09:44;1929
16 oct 2022;16:09:45;1934
16 oct 2022;16:09:46;1934
16 oct 2022;16:09:47;1934
16 oct 2022;16:09:48;1939
16 oct 2022;16:09:49;1939
16 oct 2022;16:09:50;1939
16 oct 2022;16:09:51;1944
16 oct 2022;16:09:52;1944
16 oct 2022;16:09:53;1944
16 oct 2022;16:09:54;1949
16 oct 2022;16:09:55;1949
16 oct 2022;16:09:56;1949
16 oct 2022;16:09:57;1954
16 oct 2022;16:09:58;1954
16 oct 2022;16:09:59;1954
16 oct 2022;16:10:00;1954
16 oct 2022;16:10:01;1954
16 oct 2022;16:10:02;1954
16 oct 2022;16:10:03;1954
16 oct 2022;16:10:04;1954
16 oct 2022;16:10:05;1954
16 oct 2022;16:10:06;1954
16 oct 2022;16:10:07;1954
16 oct 2022;16:10:08;1954
16 oct 2022;16:10:09;1959
16 oct 2022;16:10:10;1959
16 oct 2022;16:10:11;1964
16 oct 2022;16:10:12;1969
16 oct 2022;16:10:13;1974
16 oct 2022;16:10:14;1979
16 oct 2022;16:10:15;1984
16 oct 2022;16:10:16;1989
16 oct 2022;16:10:17;1994
16 oct 2022;16:10:18;1999
16 oct 2022;16:10:19;1999
16 oct 2022;16:10:20;2004
16 oct 2022;16:10:21;2004
16 oct 2022;16:10:22;2004
16 oct 2022;16:10:23;2004
16 oct 2022;16:10:24;2004
16 oct 2022;16:10:25;1999
16 oct 2022;16:10:26;1999
16 oct 2022;16:10:27;1994
16 oct 2022;16:10:28;1989
16 oct 2022;16:10:29;1984
16 oct 2022;16:10:30;1979
16 oct 2022;16:10:31;1979
16 oct 2022;16:10:32;1974
16 oct 2022;16:10:33;1974
16 oct 2022;16:10:34;1974
16 oct 2022;16:10:35;1974
16 oct 2022;16:10:36;1969
16 oct 2022;16:10:37;1969
16 oct 2022;16:10:38;1969
16 oct 2022;16:10:39;1969
16 oct 2022;16:10:40;1969
16 oct 2022;16:10:41;1969
16 oct 2022;16:10:42;1969
16 oct 2022;16:10:43;1969
16 oct 2022;16:10:44;1969
16 oct 2022;16:10:45;1974
16 oct 2022;16:10:46;1979
16 oct 2022;16:10:47;1979
16 oct 2022;16:10:48;1984
16 oct 2022;16:10:49;1989
16 oct 2022;16:10:50;1989
16 oct 2022;16:10:51;1994
16 oct 2022;16:10:52;1999
16 oct 2022;16:10:53;2004
16 oct 2022;16:10:54;2004
16 oct 2022;16:10:55;2004
16 oct 2022;16:10:56;2009
16 oct 2022;16:10:57;2009
16 oct 2022;16:10:58;2014
16 oct 2022;16:10:59;2014
16 oct 2022;16:11:00;2009
16 oct 2022;16:11:01;2004
16 oct 2022;16:11:02;2004
16 oct 2022;16:11:03;1994
16 oct 2022;16:11:04;1989
16 oct 2022;16:11:05;1979
16 oct 2022;16:11:06;1974
16 oct 2022;16:11:07;1969
16 oct 2022;16:11:08;1964
16 oct 2022;16:11:09;1959
16 oct 2022;16:11:10;1954
16 oct 2022;16:11:11;1949
16 oct 2022;16:11:12;1944
16 oct 2022;16:11:13;1944
16 oct 2022;16:11:14;1939
16 oct 2022;16:11:15;1939
16 oct 2022;16:11:16;1934
16 oct 2022;16:11:17;1934
16 oct 2022;16:11:18;1934
16 oct 2022;16:11:19;1934
16 oct 2022;16:11:20;1934
16 oct 2022;16:11:21;1934
16 oct 2022;16:11:22;1934
16 oct 2022;16:11:23;1939
16 oct 2022;16:11:24;1944
16 oct 2022;16:11:25;1944
16 oct 2022;16:11:26;1949
16 oct 2022;16:11:27;1954
16 oct 2022;16:11:28;1954
16 oct 2022;16:11:29;1959
16 oct 2022;16:11:30;1964
16 oct 2022;16:11:31;1969
16 oct 2022;16:11:32;1979
16 oct 2022;16:11:33;1979
16 oct 2022;16:11:34;1984
16 oct 2022;16:11:35;1984
16 oct 2022;16:11:36;1994
16 oct 2022;16:11:37;1994
16 oct 2022;16:11:38;1999
16 oct 2022;16:11:39;1999
16 oct 2022;16:11:40;1999
16 oct 2022;16:11:41;1999
16 oct 2022;16:11:42;1999
16 oct 2022;16:11:43;1999
16 oct 2022;16:11:44;1999
16 oct 2022;16:11:45;1999
16 oct 2022;16:11:46;1994
16 oct 2022;16:11:47;1994
16 oct 2022;16:11:48;1994
16 oct 2022;16:11:49;1984
16 oct 2022;16:11:50;1979
16 oct 2022;16:11:51;1979
16 oct 2022;16:11:52;1974
16 oct 2022;16:11:53;1969
16 oct 2022;16:11:54;1964
16 oct 2022;16:11:55;1959
16 oct 2022;16:11:56;1954
16 oct 2022;16:11:57;1954
16 oct 2022;16:11:58;1949
16 oct 2022;16:11:59;1944
16 oct 2022;16:12:00;1939
16 oct 2022;16:12:01;1939
16 oct 2022;16:12:02;1934
16 oct 2022;16:12:03;1939
16 oct 2022;16:12:04;1939
16 oct 2022;16:12:05;1944
16 oct 2022;16:12:06;1944
16 oct 2022;16:12:07;1949
16 oct 2022;16:12:08;1949
16 oct 2022;16:12:09;1954
16 oct 2022;16:12:10;1954
16 oct 2022;16:12:11;1959
16 oct 2022;16:12:12;1959
16 oct 2022;16:12:13;1954
16 oct 2022;16:12:14;1954
16 oct 2022;16:12:15;1959
16 oct 2022;16:12:16;1959
16 oct 2022;16:12:17;1954
16 oct 2022;16:12:18;1949
16 oct 2022;16:12:19;1944
16 oct 2022;16:12:20;1944
16 oct 2022;16:12:21;1939
16 oct 2022;16:12:22;1929
16 oct 2022;16:12:23;1924
16 oct 2022;16:12:24;1919
16 oct 2022;16:12:25;1919
16 oct 2022;16:12:26;1919
16 oct 2022;16:12:27;1919
16 oct 2022;16:12:28;1919
16 oct 2022;16:12:29;1919
16 oct 2022;16:12:30;1919
16 oct 2022;16:12:31;1919
16 oct 2022;16:12:32;1919
16 oct 2022;16:12:33;1924
16 oct 2022;16:12:34;1924
16 oct 2022;16:12:35;1929
16 oct 2022;16:12:36;1929
16 oct 2022;16:12:37;1934
16 oct 2022;16:12:38;1939
16 oct 2022;16:12:39;1939
16 oct 2022;16:12:40;1944
16 oct 2022;16:12:41;1944
16 oct 2022;16:12:42;1944
16 oct 2022;16:12:43;1939
16 oct 2022;16:12:44;1939
16 oct 2022;16:12:45;1939
16 oct 2022;16:12:46;1939
16 oct 2022;16:12:47;1939
16 oct 2022;16:12:48;1939
16 oct 2022;16:12:49;1939
16 oct 2022;16:12:50;1939
16 oct 2022;16:12:51;1934
16 oct 2022;16:12:52;1934
16 oct 2022;16:12:53;1929
16 oct 2022;16:12:54;1929
16 oct 2022;16:12:55;1929
16 oct 2022;16:12:56;1929
16 oct 2022;16:12:57;1929
16 oct 2022;16:12:58;1929
16 oct 2022;16:12:59;1924
16 oct 2022;16:13:00;1924
16 oct 2022;16:13:01;1924
16 oct 2022;16:13:02;1924
16 oct 2022;16:13:03;1924
16 oct 2022;16:13:04;1924
16 oct 2022;16:13:05;1924
16 oct 2022;16:13:06;1929
16 oct 2022;16:13:07;1929
16 oct 2022;16:13:08;1929
16 oct 2022;16:13:09;1929
16 oct 2022;16:13:10;1934
16 oct 2022;16:13:11;1934
16 oct 2022;16:13:12;1934
16 oct 2022;16:13:13;1934
16 oct 2022;16:13:14;1934
16 oct 2022;16:13:15;1934
16 oct 2022;16:13:16;1934
16 oct 2022;16:13:17;1939
16 oct 2022;16:13:18;1939
16 oct 2022;16:13:19;1934
16 oct 2022;16:13:20;1934
16 oct 2022;16:13:21;1934
16 oct 2022;16:13:22;1939
16 oct 2022;16:13:23;1939
16 oct 2022;16:13:24;1939
16 oct 2022;16:13:25;1944
16 oct 2022;16:13:26;1944
16 oct 2022;16:13:27;1944
16 oct 2022;16:13:28;1944
16 oct 2022;16:13:29;1949
16 oct 2022;16:13:30;1949
16 oct 2022;16:13:31;1954
16 oct 2022;16:13:32;1954
16 oct 2022;16:13:33;1954
16 oct 2022;16:13:34;1954
16 oct 2022;16:13:35;1954
16 oct 2022;16:13:36;1954
16 oct 2022;16:13:37;1954
16 oct 2022;16:13:38;1954
16 oct 2022;16:13:39;1954
16 oct 2022;16:13:40;1954
16 oct 2022;16:13:41;1954
16 oct 2022;16:13:42;1954
16 oct 2022;16:13:43;1954
16 oct 2022;16:13:44;1954
16 oct 2022;16:13:45;1954
16 oct 2022;16:13:46;1949
16 oct 2022;16:13:47;1949
16 oct 2022;16:13:48;1949
16 oct 2022;16:13:49;1949
16 oct 2022;16:13:50;1949
16 oct 2022;16:13:51;1949
16 oct 2022;16:13:52;1949
16 oct 2022;16:13:53;1949
16 oct 2022;16:13:54;1949
16 oct 2022;16:13:55;1954
16 oct 2022;16:13:56;1954
16 oct 2022;16:13:57;1954
16 oct 2022;16:13:58;1959
16 oct 2022;16:13:59;1964
16 oct 2022;16:14:00;1964
16 oct 2022;16:14:01;1969
16 oct 2022;16:14:02;1969
16 oct 2022;16:14:03;1974
16 oct 2022;16:14:04;1979
16 oct 2022;16:14:05;1979
16 oct 2022;16:14:06;1984
16 oct 2022;16:14:07;1984
16 oct 2022;16:14:08;1989
16 oct 2022;16:14:09;1994
16 oct 2022;16:14:10;1994
16 oct 2022;16:14:11;2004
16 oct 2022;16:14:12;2004
16 oct 2022;16:14:13;2009
16 oct 2022;16:14:14;2014
16 oct 2022;16:14:15;2019
16 oct 2022;16:14:16;2019
16 oct 2022;16:14:17;2019
16 oct 2022;16:14:18;2019
16 oct 2022;16:14:19;2019
16 oct 2022;16:14:20;2019
16 oct 2022;16:14:21;2019
16 oct 2022;16:14:22;2014
16 oct 2022;16:14:23;2009
16 oct 2022;16:14:24;2009
16 oct 2022;16:14:25;2004
16 oct 2022;16:14:26;1999
16 oct 2022;16:14:27;1994
16 oct 2022;16:14:28;1989
16 oct 2022;16:14:29;1984
16 oct 2022;16:14:30;1984
16 oct 2022;16:14:31;1979
16 oct 2022;16:14:32;1979
16 oct 2022;16:14:33;1974
16 oct 2022;16:14:34;1974
16 oct 2022;16:14:35;1969
16 oct 2022;16:14:36;1969
16 oct 2022;16:14:37;1969
16 oct 2022;16:14:38;1969
16 oct 2022;16:14:39;1969
16 oct 2022;16:14:40;1969
16 oct 2022;16:14:41;1969
16 oct 2022;16:14:42;1969
16 oct 2022;16:14:43;1969
16 oct 2022;16:14:44;1969
16 oct 2022;16:14:45;1969
16 oct 2022;16:14:46;1969
16 oct 2022;16:14:47;1969
16 oct 2022;16:14:48;1974
16 oct 2022;16:14:49;1974
16 oct 2022;16:14:50;1979
16 oct 2022;16:14:51;1979
16 oct 2022;16:14:52;1979
16 oct 2022;16:14:53;1979
16 oct 2022;16:14:54;1979
16 oct 2022;16:14:55;1979
16 oct 2022;16:14:56;1979
16 oct 2022;16:14:57;1979
16 oct 2022;16:14:58;1979
16 oct 2022;16:14:59;1979
16 oct 2022;16:15:00;1974
16 oct 2022;16:15:01;1974
16 oct 2022;16:15:02;1969
16 oct 2022;16:15:03;1969
16 oct 2022;16:15:04;1969
16 oct 2022;16:15:05;1964
16 oct 2022;16:15:06;1964
16 oct 2022;16:15:07;1954
16 oct 2022;16:15:08;1954
16 oct 2022;16:15:09;1954
16 oct 2022;16:15:10;1949
16 oct 2022;16:15:11;1944
16 oct 2022;16:15:12;1944
16 oct 2022;16:15:13;1944
16 oct 2022;16:15:14;1944
16 oct 2022;16:15:15;1939
16 oct 2022;16:15:16;1939
16 oct 2022;16:15:17;1939
16 oct 2022;16:15:18;1939
16 oct 2022;16:15:19;1939
16 oct 2022;16:15:20;1944
16 oct 2022;16:15:21;1944
16 oct 2022;16:15:22;1944
16 oct 2022;16:15:23;1944
16 oct 2022;16:15:24;1944
16 oct 2022;16:15:25;1949
16 oct 2022;16:15:26;1949
16 oct 2022;16:15:27;1949
16 oct 2022;16:15:28;1954
16 oct 2022;16:15:29;1954
16 oct 2022;16:15:30;1954
16 oct 2022;16:15:31;1954
16 oct 2022;16:15:32;1954
16 oct 2022;16:15:33;1954
16 oct 2022;16:15:34;1949
16 oct 2022;16:15:35;1954
16 oct 2022;16:15:36;1954
16 oct 2022;16:15:37;1954
16 oct 2022;16:15:38;1959
16 oct 2022;16:15:39;1959
16 oct 2022;16:15:40;1964
16 oct 2022;16:15:41;1964
16 oct 2022;16:15:42;1969
16 oct 2022;16:15:43;1969
16 oct 2022;16:15:44;1974
16 oct 2022;16:15:45;1974
16 oct 2022;16:15:46;1979
16 oct 2022;16:15:47;1979
16 oct 2022;16:15:48;1979
16 oct 2022;16:15:49;1979
16 oct 2022;16:15:50;1984
16 oct 2022;16:15:51;1984
16 oct 2022;16:15:52;1989
16 oct 2022;16:15:53;1989
16 oct 2022;16:15:54;1994
16 oct 2022;16:15:55;1994
16 oct 2022;16:15:56;1994
16 oct 2022;16:15:57;1999
16 oct 2022;16:15:58;2004
16 oct 2022;16:15:59;2004
16 oct 2022;16:16:00;2009
16 oct 2022;16:16:01;2009
16 oct 2022;16:16:02;2014
16 oct 2022;16:16:03;2019
16 oct 2022;16:16:04;2019
16 oct 2022;16:16:05;2019
16 oct 2022;16:16:06;2019
16 oct 2022;16:16:07;2019
16 oct 2022;16:16:08;2019
16 oct 2022;16:16:09;2019
16 oct 2022;16:16:10;2019
16 oct 2022;16:16:11;2019
16 oct 2022;16:16:12;2014
16 oct 2022;16:16:13;2014
16 oct 2022;16:16:14;2014
16 oct 2022;16:16:15;2014
16 oct 2022;16:16:16;2014
16 oct 2022;16:16:17;2014
16 oct 2022;16:16:18;2014
16 oct 2022;16:16:19;2014
16 oct 2022;16:16:20;2014
16 oct 2022;16:16:21;2019
16 oct 2022;16:16:22;2019
16 oct 2022;16:16:23;2019
16 oct 2022;16:16:24;2019
16 oct 2022;16:16:25;2019
16 oct 2022;16:16:26;2024
16 oct 2022;16:16:27;2024
16 oct 2022;16:16:28;2029
16 oct 2022;16:16:29;2029
16 oct 2022;16:16:30;2029
16 oct 2022;16:16:31;2029
16 oct 2022;16:16:32;2029
16 oct 2022;16:16:33;2029
16 oct 2022;16:16:34;2029
16 oct 2022;16:16:35;2029
16 oct 2022;16:16:36;2029
16 oct 2022;16:16:37;2024
16 oct 2022;16:16:38;2029
16 oct 2022;16:16:39;2024
16 oct 2022;16:16:40;2019
16 oct 2022;16:16:41;2014
16 oct 2022;16:16:42;2009
16 oct 2022;16:16:43;2004
16 oct 2022;16:16:44;1994
16 oct 2022;16:16:45;1984
16 oct 2022;16:16:46;1979
16 oct 2022;16:16:47;1974
16 oct 2022;16:16:48;1969
16 oct 2022;16:16:49;1964
16 oct 2022;16:16:50;1959
16 oct 2022;16:16:51;1954
16 oct 2022;16:16:52;1949
16 oct 2022;16:16:53;1944
16 oct 2022;16:16:54;1944
16 oct 2022;16:16:55;1944
16 oct 2022;16:16:56;1944
16 oct 2022;16:16:57;1944
16 oct 2022;16:16:58;1944
16 oct 2022;16:16:59;1949
16 oct 2022;16:17:00;1954
16 oct 2022;16:17:01;1954
16 oct 2022;16:17:02;1959
16 oct 2022;16:17:03;1959
16 oct 2022;16:17:04;1959
16 oct 2022;16:17:05;1964
16 oct 2022;16:17:06;1969
16 oct 2022;16:17:07;1974
16 oct 2022;16:17:08;1974
16 oct 2022;16:17:09;1979
16 oct 2022;16:17:10;1984
16 oct 2022;16:17:11;1984
16 oct 2022;16:17:12;1989
16 oct 2022;16:17:13;1989
16 oct 2022;16:17:14;1994
16 oct 2022;16:17:15;1994
16 oct 2022;16:17:16;1999
16 oct 2022;16:17:17;1999
16 oct 2022;16:17:18;1999
16 oct 2022;16:17:19;2004
16 oct 2022;16:17:20;2004
16 oct 2022;16:17:21;1999
16 oct 2022;16:17:22;1999
16 oct 2022;16:17:23;1999
16 oct 2022;16:17:24;1999
16 oct 2022;16:17:25;1999
16 oct 2022;16:17:26;1999
16 oct 2022;16:17:27;1999
16 oct 2022;16:17:28;1994
16 oct 2022;16:17:29;1994
16 oct 2022;16:17:30;1994
16 oct 2022;16:17:31;1994
16 oct 2022;16:17:32;1994
16 oct 2022;16:17:33;1994
16 oct 2022;16:17:34;1999
16 oct 2022;16:17:35;2004
16 oct 2022;16:17:36;2004
16 oct 2022;16:17:37;2009
16 oct 2022;16:17:38;2009
16 oct 2022;16:17:39;2009
16 oct 2022;16:17:40;2014
16 oct 2022;16:17:41;2019
16 oct 2022;16:17:42;2019
16 oct 2022;16:17:43;2024
16 oct 2022;16:17:44;2029
16 oct 2022;16:17:45;2029
16 oct 2022;16:17:46;2039
16 oct 2022;16:17:47;2044
16 oct 2022;16:17:48;2044
16 oct 2022;16:17:49;2049
16 oct 2022;16:17:50;2054
16 oct 2022;16:17:51;2054
16 oct 2022;16:17:52;2054
16 oct 2022;16:17:53;2054
16 oct 2022;16:17:54;2059
16 oct 2022;16:17:55;2059
16 oct 2022;16:17:56;2064
16 oct 2022;16:17:57;2064
16 oct 2022;16:17:58;2064
16 oct 2022;16:17:59;2064
16 oct 2022;16:18:00;2064
16 oct 2022;16:18:01;2059
16 oct 2022;16:18:02;2059
16 oct 2022;16:18:03;2059
16 oct 2022;16:18:04;2064
16 oct 2022;16:18:05;2059
16 oct 2022;16:18:06;2059
16 oct 2022;16:18:07;2054
16 oct 2022;16:18:08;2054
16 oct 2022;16:18:09;2054
16 oct 2022;16:18:10;2054
16 oct 2022;16:18:11;2049
16 oct 2022;16:18:12;2044
16 oct 2022;16:18:13;2044
16 oct 2022;16:18:14;2039
16 oct 2022;16:18:15;2039
16 oct 2022;16:18:16;2039
16 oct 2022;16:18:17;2034
16 oct 2022;16:18:18;2034
16 oct 2022;16:18:19;2034
16 oct 2022;16:18:20;2034
16 oct 2022;16:18:21;2034
16 oct 2022;16:18:22;2034
16 oct 2022;16:18:23;2034
16 oct 2022;16:18:24;2034
16 oct 2022;16:18:25;2039
16 oct 2022;16:18:26;2039
16 oct 2022;16:18:27;2039
16 oct 2022;16:18:28;2039
16 oct 2022;16:18:29;2034
16 oct 2022;16:18:30;2034
16 oct 2022;16:18:31;2034
16 oct 2022;16:18:32;2034
16 oct 2022;16:18:33;2034
16 oct 2022;16:18:34;2034
16 oct 2022;16:18:35;2034
16 oct 2022;16:18:36;2034
16 oct 2022;16:18:37;2034
16 oct 2022;16:18:38;2039
16 oct 2022;16:18:39;2039
16 oct 2022;16:18:40;2039
16 oct 2022;16:18:41;2039
16 oct 2022;16:18:42;2039
16 oct 2022;16:18:43;2044
16 oct 2022;16:18:44;2049
16 oct 2022;16:18:45;2049
16 oct 2022;16:18:46;2054
16 oct 2022;16:18:47;2059
16 oct 2022;16:18:48;2064
16 oct 2022;16:18:49;2069
16 oct 2022;16:18:50;2069
16 oct 2022;16:18:51;2069
16 oct 2022;16:18:52;2079
16 oct 2022;16:18:53;2084
16 oct 2022;16:18:54;2089
16 oct 2022;16:18:55;2094
16 oct 2022;16:18:56;2099
16 oct 2022;16:18:57;2104
16 oct 2022;16:18:58;2109
16 oct 2022;16:18:59;2109
16 oct 2022;16:19:00;2114
16 oct 2022;16:19:01;2114
16 oct 2022;16:19:02;2119
16 oct 2022;16:19:03;2119
16 oct 2022;16:19:04;2124
16 oct 2022;16:19:05;2124
16 oct 2022;16:19:06;2124
16 oct 2022;16:19:07;2129
16 oct 2022;16:19:08;2129
16 oct 2022;16:19:09;2129
16 oct 2022;16:19:10;2129
16 oct 2022;16:19:11;2129
16 oct 2022;16:19:12;2129
16 oct 2022;16:19:13;2134
16 oct 2022;16:19:14;2134
16 oct 2022;16:19:15;2134
16 oct 2022;16:19:16;2134
16 oct 2022;16:19:17;2134
16 oct 2022;16:19:18;2134
16 oct 2022;16:19:19;2134
16 oct 2022;16:19:20;2129
16 oct 2022;16:19:21;2129
16 oct 2022;16:19:22;2124
16 oct 2022;16:19:23;2129
16 oct 2022;16:19:24;2124
16 oct 2022;16:19:25;2124
16 oct 2022;16:19:26;2119
16 oct 2022;16:19:27;2119
16 oct 2022;16:19:28;2119
16 oct 2022;16:19:29;2119
16 oct 2022;16:19:30;2114
16 oct 2022;16:19:31;2114
16 oct 2022;16:19:32;2114
16 oct 2022;16:19:33;2119
16 oct 2022;16:19:34;2119
16 oct 2022;16:19:35;2124
16 oct 2022;16:19:36;2119
16 oct 2022;16:19:37;2124
16 oct 2022;16:19:38;2119
16 oct 2022;16:19:39;2119
16 oct 2022;16:19:40;2114
16 oct 2022;16:19:41;2109
16 oct 2022;16:19:42;2109
16 oct 2022;16:19:43;2104
16 oct 2022;16:19:44;2099
16 oct 2022;16:19:45;2094
16 oct 2022;16:19:46;2084
16 oct 2022;16:19:47;2079
16 oct 2022;16:19:48;2074
16 oct 2022;16:19:49;2069
16 oct 2022;16:19:50;2059
16 oct 2022;16:19:51;2054
16 oct 2022;16:19:52;2049
16 oct 2022;16:19:53;2044
16 oct 2022;16:19:54;2039
16 oct 2022;16:19:55;2034
16 oct 2022;16:19:56;2024
16 oct 2022;16:19:57;2014
16 oct 2022;16:19:58;2009
16 oct 2022;16:19:59;1999
16 oct 2022;16:20:00;1994
16 oct 2022;16:20:01;1984
16 oct 2022;16:20:02;1979
16 oct 2022;16:20:03;1969
16 oct 2022;16:20:04;1969
16 oct 2022;16:20:05;1959
16 oct 2022;16:20:06;1959
16 oct 2022;16:20:07;1959
16 oct 2022;16:20:08;1959
16 oct 2022;16:20:09;1959
16 oct 2022;16:20:10;1964
16 oct 2022;16:20:11;1969
16 oct 2022;16:20:12;1979
16 oct 2022;16:20:13;1984
16 oct 2022;16:20:14;1994
16 oct 2022;16:20:15;1999
16 oct 2022;16:20:16;2004
16 oct 2022;16:20:17;2009
16 oct 2022;16:20:18;2014
16 oct 2022;16:20:19;2024
16 oct 2022;16:20:20;2029
16 oct 2022;16:20:21;2039
16 oct 2022;16:20:22;2049
16 oct 2022;16:20:23;2054
16 oct 2022;16:20:24;2059
16 oct 2022;16:20:25;2074
16 oct 2022;16:20:26;2084
16 oct 2022;16:20:27;2089
16 oct 2022;16:20:28;2099
16 oct 2022;16:20:29;2104
16 oct 2022;16:20:30;2119
16 oct 2022;16:20:31;2129
16 oct 2022;16:20:32;2144
16 oct 2022;16:20:33;2159
16 oct 2022;16:20:34;2169
16 oct 2022;16:20:35;2184
16 oct 2022;16:20:36;2199
16 oct 2022;16:20:37;2214
16 oct 2022;16:20:38;2219
16 oct 2022;16:20:39;2234
16 oct 2022;16:20:40;2239
16 oct 2022;16:20:41;2249
16 oct 2022;16:20:42;2254
16 oct 2022;16:20:43;2264
16 oct 2022;16:20:44;2269
16 oct 2022;16:20:45;2279
16 oct 2022;16:20:46;2284
16 oct 2022;16:20:47;2289
16 oct 2022;16:20:48;2294
16 oct 2022;16:20:49;2299
16 oct 2022;16:20:50;2304
16 oct 2022;16:20:51;2309
16 oct 2022;16:20:52;2314
16 oct 2022;16:20:53;2324
16 oct 2022;16:20:54;2329
16 oct 2022;16:20:55;2340
16 oct 2022;16:20:56;2350
16 oct 2022;16:20:57;2365
16 oct 2022;16:20:58;2375
16 oct 2022;16:20:59;2380
16 oct 2022;16:21:00;2390
16 oct 2022;16:21:01;2395
16 oct 2022;16:21:02;2400
16 oct 2022;16:21:03;2410
16 oct 2022;16:21:04;2410
16 oct 2022;16:21:05;2420
16 oct 2022;16:21:06;2430
16 oct 2022;16:21:07;2435
16 oct 2022;16:21:08;2445
16 oct 2022;16:21:09;2450
16 oct 2022;16:21:10;2455
16 oct 2022;16:21:11;2455
16 oct 2022;16:21:12;2460
16 oct 2022;16:21:13;2465
16 oct 2022;16:21:14;2465
16 oct 2022;16:21:15;2470
16 oct 2022;16:21:16;2475
16 oct 2022;16:21:17;2480
16 oct 2022;16:21:18;2485
16 oct 2022;16:21:19;2490
16 oct 2022;16:21:20;2495
16 oct 2022;16:21:21;2495
16 oct 2022;16:21:22;2500
16 oct 2022;16:21:23;2495
16 oct 2022;16:21:24;2490
16 oct 2022;16:21:25;2490
16 oct 2022;16:21:26;2490
16 oct 2022;16:21:27;2490
16 oct 2022;16:21:28;2485
16 oct 2022;16:21:29;2480
16 oct 2022;16:21:30;2475
16 oct 2022;16:21:31;2470
16 oct 2022;16:21:32;2465
16 oct 2022;16:21:33;2455
16 oct 2022;16:21:34;2450
16 oct 2022;16:21:35;2440
16 oct 2022;16:21:36;2435
16 oct 2022;16:21:37;2430
16 oct 2022;16:21:38;2425
16 oct 2022;16:21:39;2425
16 oct 2022;16:21:40;2415
16 oct 2022;16:21:41;2415
16 oct 2022;16:21:42;2415
16 oct 2022;16:21:43;2410
16 oct 2022;16:21:44;2410
16 oct 2022;16:21:45;2405
16 oct 2022;16:21:46;2405
16 oct 2022;16:21:47;2400
16 oct 2022;16:21:48;2400
16 oct 2022;16:21:49;2390
16 oct 2022;16:21:50;2385
16 oct 2022;16:21:51;2380
16 oct 2022;16:21:52;2375
16 oct 2022;16:21:53;2365
16 oct 2022;16:21:54;2360
16 oct 2022;16:21:55;2350
16 oct 2022;16:21:56;2345
16 oct 2022;16:21:57;2340
16 oct 2022;16:21:58;2334
16 oct 2022;16:21:59;2334
16 oct 2022;16:22:00;2329
16 oct 2022;16:22:01;2324
16 oct 2022;16:22:02;2319
16 oct 2022;16:22:03;2319
16 oct 2022;16:22:04;2314
16 oct 2022;16:22:05;2314
16 oct 2022;16:22:06;2309
16 oct 2022;16:22:07;2309
16 oct 2022;16:22:08;2309
16 oct 2022;16:22:09;2309
16 oct 2022;16:22:10;2309
16 oct 2022;16:22:11;2304
16 oct 2022;16:22:12;2304
16 oct 2022;16:22:13;2299
16 oct 2022;16:22:14;2299
16 oct 2022;16:22:15;2299
16 oct 2022;16:22:16;2299
16 oct 2022;16:22:17;2299
16 oct 2022;16:22:18;2299
16 oct 2022;16:22:19;2299
16 oct 2022;16:22:20;2299
16 oct 2022;16:22:21;2304
16 oct 2022;16:22:22;2309
