Serial_number:,,,,
2106253,,,,
Project ID:,,,,
,,,,
Location:,,,,
,,,,
LEVEL,,,,
UNIT: kPa,,,,
TEMPERATURE,,,,
UNIT: °C,,,,
Date,Time,ms,LEVEL,TEMPERATURE
10/12/2022,1:15:00 PM,0,62.5108,33.68
10/12/2022,1:30:00 PM,0,62.5181,17.124
10/12/2022,1:45:00 PM,0,62.4609,10.773
10/12/2022,2:00:00 PM,0,62.4404,8.604
10/12/2022,2:15:00 PM,0,62.4004,7.677
10/12/2022,2:30:00 PM,0,62.3688,7.235
10/12/2022,2:45:00 PM,0,62.3701,7.4
10/12/2022,3:00:00 PM,0,62.3514,6.87
10/12/2022,3:15:00 PM,0,62.3352,6.787
10/12/2022,3:30:00 PM,0,62.3217,6.733
10/12/2022,3:45:00 PM,0,62.3423,6.692
10/12/2022,4:00:00 PM,0,62.3377,6.663
10/12/2022,4:15:00 PM,0,62.3452,6.64
10/12/2022,4:30:00 PM,0,62.336,6.622
10/12/2022,4:45:00 PM,0,62.3471,6.608
10/12/2022,5:00:00 PM,0,62.3599,6.596
10/12/2022,5:15:00 PM,0,62.3602,6.586
10/12/2022,5:30:00 PM,0,62.3607,6.577
10/12/2022,5:45:00 PM,0,62.3553,6.566
10/12/2022,6:00:00 PM,0,62.365,6.549
10/12/2022,6:15:00 PM,0,62.3702,6.54
10/12/2022,6:30:00 PM,0,62.3809,6.538
10/12/2022,6:45:00 PM,0,62.3855,6.538
10/12/2022,7:00:00 PM,0,62.4059,6.538
10/12/2022,7:15:00 PM,0,62.4167,6.537
10/12/2022,7:30:00 PM,0,62.4392,6.535
10/12/2022,7:45:00 PM,0,62.4553,6.533
10/12/2022,8:00:00 PM,0,62.4467,6.532
10/12/2022,8:15:00 PM,0,62.452,6.528
10/12/2022,8:30:00 PM,0,62.4569,6.519
10/12/2022,8:45:00 PM,0,62.4707,6.514
10/12/2022,9:00:00 PM,0,62.486,6.497
10/12/2022,9:15:00 PM,0,62.4926,6.472
10/12/2022,9:30:00 PM,0,62.4969,6.456
10/12/2022,9:45:00 PM,0,62.5181,6.447
10/12/2022,10:00:00 PM,0,62.5218,6.47
10/12/2022,10:15:00 PM,0,62.5312,6.49
10/12/2022,10:30:00 PM,0,62.529,6.499
10/12/2022,10:45:00 PM,0,62.5326,6.505
10/12/2022,11:00:00 PM,0,62.5235,6.512
10/12/2022,11:15:00 PM,0,62.522,6.519
10/12/2022,11:30:00 PM,0,62.5156,6.512
10/12/2022,11:45:00 PM,0,62.4988,6.496
10/13/2022,12:00:00 AM,0,62.4923,6.47
10/13/2022,12:15:00 AM,0,62.4751,6.465
10/13/2022,12:30:00 AM,0,62.465,6.471
10/13/2022,12:45:00 AM,0,62.4494,6.481
10/13/2022,1:00:00 AM,0,62.429,6.48
10/13/2022,1:15:00 AM,0,62.4096,6.484
10/13/2022,1:30:00 AM,0,62.3915,6.484
10/13/2022,1:45:00 AM,0,62.386,6.481
10/13/2022,2:00:00 AM,0,62.3762,6.479
10/13/2022,2:15:00 AM,0,62.377,6.48
10/13/2022,2:30:00 AM,0,62.3755,6.466
10/13/2022,2:45:00 AM,0,62.3683,6.454
10/13/2022,3:00:00 AM,0,62.3599,6.443
10/13/2022,3:15:00 AM,0,62.3542,6.444
10/13/2022,3:30:00 AM,0,62.3497,6.45
10/13/2022,3:45:00 AM,0,62.3527,6.457
10/13/2022,4:00:00 AM,0,62.3465,6.457
10/13/2022,4:15:00 AM,0,62.3496,6.454
10/13/2022,4:30:00 AM,0,62.3443,6.449
10/13/2022,4:45:00 AM,0,62.3359,6.432
10/13/2022,5:00:00 AM,0,62.3452,6.417
10/13/2022,5:15:00 AM,0,62.3407,6.401
10/13/2022,5:30:00 AM,0,62.3442,6.4
10/13/2022,5:45:00 AM,0,62.3532,6.398
10/13/2022,6:00:00 AM,0,62.3537,6.389
10/13/2022,6:15:00 AM,0,62.3686,6.388
10/13/2022,6:30:00 AM,0,62.3813,6.38
10/13/2022,6:45:00 AM,0,62.3935,6.39
10/13/2022,7:00:00 AM,0,62.4082,6.409
10/13/2022,7:15:00 AM,0,62.4246,6.423
10/13/2022,7:30:00 AM,0,62.4374,6.455
10/13/2022,7:45:00 AM,0,62.4426,6.485
10/13/2022,8:00:00 AM,0,62.4571,6.508
10/13/2022,8:15:00 AM,0,62.4639,6.529
10/13/2022,8:30:00 AM,0,62.4753,6.545
10/13/2022,8:45:00 AM,0,62.4905,6.557
10/13/2022,9:00:00 AM,0,62.5062,6.569
10/13/2022,9:15:00 AM,0,62.5166,6.581
10/13/2022,9:30:00 AM,0,62.5169,6.59
10/13/2022,9:45:00 AM,0,62.5243,6.6
10/13/2022,10:00:00 AM,0,62.5356,6.602
10/13/2022,10:15:00 AM,0,62.5279,6.602
10/13/2022,10:30:00 AM,0,62.5263,6.609
10/13/2022,10:45:00 AM,0,62.5188,6.616
10/13/2022,11:00:00 AM,0,62.5055,6.617
10/13/2022,11:15:00 AM,0,62.4874,6.621
10/13/2022,11:30:00 AM,0,62.4703,6.625
10/13/2022,11:45:00 AM,0,62.4557,6.63
10/13/2022,12:00:00 PM,0,62.4452,6.635
10/13/2022,12:15:00 PM,0,62.4328,6.634
10/13/2022,12:30:00 PM,0,62.4092,6.628
10/13/2022,12:45:00 PM,0,62.386,6.629
10/13/2022,1:00:00 PM,0,62.3755,6.629
10/13/2022,1:15:00 PM,0,62.3579,6.626
10/13/2022,1:30:00 PM,0,62.3554,6.621
10/13/2022,1:45:00 PM,0,62.3391,6.617
10/13/2022,2:00:00 PM,0,62.3311,6.614
10/13/2022,2:15:00 PM,0,62.3152,6.613
10/13/2022,2:30:00 PM,0,62.2888,6.611
10/13/2022,2:45:00 PM,0,62.2887,6.61
10/13/2022,3:00:00 PM,0,62.2971,6.608
10/13/2022,3:15:00 PM,0,62.2896,6.607
10/13/2022,3:30:00 PM,0,62.3016,6.606
10/13/2022,3:45:00 PM,0,62.2971,6.603
10/13/2022,4:00:00 PM,0,62.2962,6.602
10/13/2022,4:15:00 PM,0,62.3011,6.601
10/13/2022,4:30:00 PM,0,62.3006,6.6
10/13/2022,4:45:00 PM,0,62.2927,6.6
10/13/2022,5:00:00 PM,0,62.2965,6.6
10/13/2022,5:15:00 PM,0,62.3008,6.601
10/13/2022,5:30:00 PM,0,62.3097,6.602
10/13/2022,5:45:00 PM,0,62.3096,6.601
10/13/2022,6:00:00 PM,0,62.3128,6.6
10/13/2022,6:15:00 PM,0,62.3144,6.598
10/13/2022,6:30:00 PM,0,62.316,6.597
10/13/2022,6:45:00 PM,0,62.3229,6.597
10/13/2022,7:00:00 PM,0,62.3359,6.598
10/13/2022,7:15:00 PM,0,62.3605,6.597
10/13/2022,7:30:00 PM,0,62.365,6.598
10/13/2022,7:45:00 PM,0,62.382,6.6
10/13/2022,8:00:00 PM,0,62.4072,6.602
10/13/2022,8:15:00 PM,0,62.4341,6.605
10/13/2022,8:30:00 PM,0,62.4498,6.607
10/13/2022,8:45:00 PM,0,62.4593,6.61
10/13/2022,9:00:00 PM,0,62.4689,6.613
10/13/2022,9:15:00 PM,0,62.4813,6.614
10/13/2022,9:30:00 PM,0,62.4886,6.613
10/13/2022,9:45:00 PM,0,62.4938,6.615
10/13/2022,10:00:00 PM,0,62.5051,6.618
10/13/2022,10:15:00 PM,0,62.5164,6.62
10/13/2022,10:30:00 PM,0,62.5241,6.618
10/13/2022,10:45:00 PM,0,62.5194,6.619
10/13/2022,11:00:00 PM,0,62.5085,6.617
10/13/2022,11:15:00 PM,0,62.5075,6.612
10/13/2022,11:30:00 PM,0,62.4995,6.603
10/13/2022,11:45:00 PM,0,62.5016,6.587
10/14/2022,12:00:00 AM,0,62.491,6.585
10/14/2022,12:15:00 AM,0,62.4783,6.579
10/14/2022,12:30:00 AM,0,62.4505,6.566
10/14/2022,12:45:00 AM,0,62.4295,6.553
10/14/2022,1:00:00 AM,0,62.409,6.548
10/14/2022,1:15:00 AM,0,62.3945,6.542
10/14/2022,1:30:00 AM,0,62.373,6.534
10/14/2022,1:45:00 AM,0,62.3547,6.527
10/14/2022,2:00:00 AM,0,62.3439,6.522
10/14/2022,2:15:00 AM,0,62.3507,6.514
10/14/2022,2:30:00 AM,0,62.3396,6.509
10/14/2022,2:45:00 AM,0,62.3406,6.512
10/14/2022,3:00:00 AM,0,62.3344,6.506
10/14/2022,3:15:00 AM,0,62.339,6.504
10/14/2022,3:30:00 AM,0,62.3348,6.502
10/14/2022,3:45:00 AM,0,62.3334,6.498
10/14/2022,4:00:00 AM,0,62.3322,6.494
10/14/2022,4:15:00 AM,0,62.3271,6.508
10/14/2022,4:30:00 AM,0,62.332,6.531
10/14/2022,4:45:00 AM,0,62.3358,6.553
10/14/2022,5:00:00 AM,0,62.3504,6.566
10/14/2022,5:15:00 AM,0,62.3636,6.576
10/14/2022,5:30:00 AM,0,62.3814,6.586
10/14/2022,5:45:00 AM,0,62.3911,6.596
10/14/2022,6:00:00 AM,0,62.3936,6.599
10/14/2022,6:15:00 AM,0,62.4019,6.605
10/14/2022,6:30:00 AM,0,62.4136,6.609
10/14/2022,6:45:00 AM,0,62.4352,6.621
10/14/2022,7:00:00 AM,0,62.4514,6.632
10/14/2022,7:15:00 AM,0,62.4638,6.642
10/14/2022,7:30:00 AM,0,62.4707,6.654
10/14/2022,7:45:00 AM,0,62.4789,6.664
10/14/2022,8:00:00 AM,0,62.5017,6.674
10/14/2022,8:15:00 AM,0,62.5091,6.685
10/14/2022,8:30:00 AM,0,62.5151,6.693
10/14/2022,8:45:00 AM,0,62.5218,6.7
10/14/2022,9:00:00 AM,0,62.5205,6.709
10/14/2022,9:15:00 AM,0,62.5212,6.716
10/14/2022,9:30:00 AM,0,62.5192,6.727
10/14/2022,9:45:00 AM,0,62.5182,6.738
10/14/2022,10:00:00 AM,0,62.5297,6.737
10/14/2022,10:15:00 AM,0,62.536,6.74
10/14/2022,10:30:00 AM,0,62.5346,6.739
10/14/2022,10:45:00 AM,0,62.5293,6.745
10/14/2022,11:00:00 AM,0,62.5251,6.749
10/14/2022,11:15:00 AM,0,62.5224,6.747
10/14/2022,11:30:00 AM,0,62.5079,6.748
10/14/2022,11:45:00 AM,0,62.5019,6.748
10/14/2022,12:00:00 PM,0,62.4949,6.745
10/14/2022,12:15:00 PM,0,62.469,6.742
10/14/2022,12:30:00 PM,0,62.4492,6.741
10/14/2022,12:45:00 PM,0,62.4342,6.742
10/14/2022,1:00:00 PM,0,62.4188,6.748
10/14/2022,1:15:00 PM,0,62.3941,6.75
10/14/2022,1:30:00 PM,0,62.3793,6.747
10/14/2022,1:45:00 PM,0,62.3562,6.743
10/14/2022,2:00:00 PM,0,62.3284,6.744
10/14/2022,2:15:00 PM,0,62.3304,6.745
10/14/2022,2:30:00 PM,0,62.3121,6.742
10/14/2022,2:45:00 PM,0,62.2995,6.74
10/14/2022,3:00:00 PM,0,62.2726,6.74
10/14/2022,3:15:00 PM,0,62.2541,6.741
10/14/2022,3:30:00 PM,0,62.2497,6.741
10/14/2022,3:45:00 PM,0,62.2507,6.738
10/14/2022,4:00:00 PM,0,62.2537,6.738
10/14/2022,4:15:00 PM,0,62.2518,6.737
10/14/2022,4:30:00 PM,0,62.2524,6.735
10/14/2022,4:45:00 PM,0,62.2512,6.734
10/14/2022,5:00:00 PM,0,62.2543,6.733
10/14/2022,5:15:00 PM,0,62.2661,6.732
10/14/2022,5:30:00 PM,0,62.2605,6.732
10/14/2022,5:45:00 PM,0,62.2674,6.732
10/14/2022,6:00:00 PM,0,62.2857,6.73
10/14/2022,6:15:00 PM,0,62.2976,6.73
10/14/2022,6:30:00 PM,0,62.3074,6.73
10/14/2022,6:45:00 PM,0,62.3206,6.73
10/14/2022,7:00:00 PM,0,62.3407,6.73
10/14/2022,7:15:00 PM,0,62.3605,6.731
10/14/2022,7:30:00 PM,0,62.3765,6.732
10/14/2022,7:45:00 PM,0,62.39,6.734
10/14/2022,8:00:00 PM,0,62.3966,6.736
10/14/2022,8:15:00 PM,0,62.4154,6.742
10/14/2022,8:30:00 PM,0,62.4209,6.757
10/14/2022,8:45:00 PM,0,62.4476,6.765
10/14/2022,9:00:00 PM,0,62.4601,6.773
10/14/2022,9:15:00 PM,0,62.4811,6.777
10/14/2022,9:30:00 PM,0,62.4983,6.781
10/14/2022,9:45:00 PM,0,62.5041,6.848
10/14/2022,10:00:00 PM,0,62.5069,6.896
10/14/2022,10:15:00 PM,0,62.5051,6.938
10/14/2022,10:30:00 PM,0,62.504,6.959
10/14/2022,10:45:00 PM,0,62.5066,6.975
10/14/2022,11:00:00 PM,0,62.5026,6.99
10/14/2022,11:15:00 PM,0,62.4942,7.4
10/14/2022,11:30:00 PM,0,62.4909,7.11
10/14/2022,11:45:00 PM,0,62.4901,6.993
10/15/2022,12:00:00 AM,0,62.4783,6.966
10/15/2022,12:15:00 AM,0,62.4467,6.951
10/15/2022,12:30:00 AM,0,62.4599,6.939
10/15/2022,12:45:00 AM,0,62.447,6.93
10/15/2022,1:00:00 AM,0,62.4222,6.922
10/15/2022,1:15:00 AM,0,62.4016,6.916
10/15/2022,1:30:00 AM,0,62.3826,6.91
10/15/2022,1:45:00 AM,0,62.3686,6.906
10/15/2022,2:00:00 AM,0,62.3564,6.902
10/15/2022,2:15:00 AM,0,62.3424,6.898
10/15/2022,2:30:00 AM,0,62.3409,6.896
10/15/2022,2:45:00 AM,0,62.3411,6.894
10/15/2022,3:00:00 AM,0,62.3342,6.892
10/15/2022,3:15:00 AM,0,62.3355,6.891
10/15/2022,3:30:00 AM,0,62.331,6.889
10/15/2022,3:45:00 AM,0,62.3326,6.888
10/15/2022,4:00:00 AM,0,62.33,6.887
10/15/2022,4:15:00 AM,0,62.3294,6.886
10/15/2022,4:30:00 AM,0,62.3422,6.886
10/15/2022,4:45:00 AM,0,62.3479,6.887
10/15/2022,5:00:00 AM,0,62.3563,6.89
10/15/2022,5:15:00 AM,0,62.3669,6.892
10/15/2022,5:30:00 AM,0,62.3656,6.894
10/15/2022,5:45:00 AM,0,62.3715,6.895
10/15/2022,6:00:00 AM,0,62.3803,6.895
10/15/2022,6:15:00 AM,0,62.3967,6.895
10/15/2022,6:30:00 AM,0,62.4181,6.894
10/15/2022,6:45:00 AM,0,62.426,6.894
10/15/2022,7:00:00 AM,0,62.4458,6.894
10/15/2022,7:15:00 AM,0,62.4566,6.894
10/15/2022,7:30:00 AM,0,62.4754,6.894
10/15/2022,7:45:00 AM,0,62.489,6.895
10/15/2022,8:00:00 AM,0,62.5023,6.897
10/15/2022,8:15:00 AM,0,62.5128,6.897
10/15/2022,8:30:00 AM,0,62.5341,6.899
10/15/2022,8:45:00 AM,0,62.5405,6.901
10/15/2022,9:00:00 AM,0,62.539,6.902
10/15/2022,9:15:00 AM,0,62.5518,6.904
10/15/2022,9:30:00 AM,0,62.5544,6.906
10/15/2022,9:45:00 AM,0,62.5609,6.905
10/15/2022,10:00:00 AM,0,62.5553,6.904
10/15/2022,10:15:00 AM,0,62.557,6.902
10/15/2022,10:30:00 AM,0,62.5499,6.901
10/15/2022,10:45:00 AM,0,62.5589,6.901
10/15/2022,11:00:00 AM,0,62.5586,6.902
10/15/2022,11:15:00 AM,0,62.5556,6.903
10/15/2022,11:30:00 AM,0,62.5518,6.904
10/15/2022,11:45:00 AM,0,62.541,6.903
10/15/2022,12:00:00 PM,0,62.5276,6.902
10/15/2022,12:15:00 PM,0,62.5265,6.9
10/15/2022,12:30:00 PM,0,62.5118,6.899
10/15/2022,12:45:00 PM,0,62.4949,6.898
10/15/2022,1:00:00 PM,0,62.4876,6.895
10/15/2022,1:15:00 PM,0,62.4702,6.891
10/15/2022,1:30:00 PM,0,62.455,6.89
10/15/2022,1:45:00 PM,0,62.4393,6.892
10/15/2022,2:00:00 PM,0,62.4262,6.893
10/15/2022,2:15:00 PM,0,62.4081,6.894
10/15/2022,2:30:00 PM,0,62.3931,6.893
10/15/2022,2:45:00 PM,0,62.3749,6.893
10/15/2022,3:00:00 PM,0,62.3642,6.893
10/15/2022,3:15:00 PM,0,62.3556,6.893
10/15/2022,3:30:00 PM,0,62.3535,6.892
10/15/2022,3:45:00 PM,0,62.3415,6.892
10/15/2022,4:00:00 PM,0,62.3348,6.89
10/15/2022,4:15:00 PM,0,62.3249,6.889
10/15/2022,4:30:00 PM,0,62.3262,6.888
10/15/2022,4:45:00 PM,0,62.3345,6.886
10/15/2022,5:00:00 PM,0,62.34,6.883
10/15/2022,5:15:00 PM,0,62.3386,6.881
10/15/2022,5:30:00 PM,0,62.3443,6.879
10/15/2022,5:45:00 PM,0,62.358,6.877
10/15/2022,6:00:00 PM,0,62.3757,6.874
10/15/2022,6:15:00 PM,0,62.3844,6.872
10/15/2022,6:30:00 PM,0,62.3988,6.869
10/15/2022,6:45:00 PM,0,62.408,6.867
10/15/2022,7:00:00 PM,0,62.4202,6.865
10/15/2022,7:15:00 PM,0,62.4333,6.864
10/15/2022,7:30:00 PM,0,62.4461,6.863
10/15/2022,7:45:00 PM,0,62.4584,6.862
10/15/2022,8:00:00 PM,0,62.4676,6.861
10/15/2022,8:15:00 PM,0,62.473,6.861
10/15/2022,8:30:00 PM,0,62.4841,6.859
10/15/2022,8:45:00 PM,0,62.5022,6.859
10/15/2022,9:00:00 PM,0,62.5136,6.858
10/15/2022,9:15:00 PM,0,62.5305,6.856
10/15/2022,9:30:00 PM,0,62.5318,6.855
10/15/2022,9:45:00 PM,0,62.5382,6.855
10/15/2022,10:00:00 PM,0,62.5379,6.853
10/15/2022,10:15:00 PM,0,62.541,6.852
10/15/2022,10:30:00 PM,0,62.5394,6.852
10/15/2022,10:45:00 PM,0,62.5367,6.852
10/15/2022,11:00:00 PM,0,62.5317,6.851
10/15/2022,11:15:00 PM,0,62.5192,6.851
10/15/2022,11:30:00 PM,0,62.5075,6.85
10/15/2022,11:45:00 PM,0,62.5083,6.85
10/16/2022,12:00:00 AM,0,62.4927,6.848
10/16/2022,12:15:00 AM,0,62.4713,6.848
10/16/2022,12:30:00 AM,0,62.4558,6.847
10/16/2022,12:45:00 AM,0,62.447,6.847
10/16/2022,1:00:00 AM,0,62.4331,6.846
10/16/2022,1:15:00 AM,0,62.4169,6.845
10/16/2022,1:30:00 AM,0,62.4038,6.844
10/16/2022,1:45:00 AM,0,62.3846,6.844
10/16/2022,2:00:00 AM,0,62.3757,6.842
10/16/2022,2:15:00 AM,0,62.3682,6.84
10/16/2022,2:30:00 AM,0,62.366,6.839
10/16/2022,2:45:00 AM,0,62.3599,6.836
10/16/2022,3:00:00 AM,0,62.3496,6.834
10/16/2022,3:15:00 AM,0,62.3435,6.83
10/16/2022,3:30:00 AM,0,62.3428,6.827
10/16/2022,3:45:00 AM,0,62.3474,6.827
10/16/2022,4:00:00 AM,0,62.3428,6.825
10/16/2022,4:15:00 AM,0,62.3416,6.822
10/16/2022,4:30:00 AM,0,62.3394,6.82
10/16/2022,4:45:00 AM,0,62.3443,6.819
10/16/2022,5:00:00 AM,0,62.3501,6.815
10/16/2022,5:15:00 AM,0,62.3603,6.811
10/16/2022,5:30:00 AM,0,62.372,6.804
10/16/2022,5:45:00 AM,0,62.3835,6.804
10/16/2022,6:00:00 AM,0,62.3934,6.799
10/16/2022,6:15:00 AM,0,62.4086,6.801
10/16/2022,6:30:00 AM,0,62.413,6.804
10/16/2022,6:45:00 AM,0,62.4174,6.805
10/16/2022,7:00:00 AM,0,62.42,6.806
10/16/2022,7:15:00 AM,0,62.4427,6.809
10/16/2022,7:30:00 AM,0,62.4558,6.812
10/16/2022,7:45:00 AM,0,62.4716,6.812
10/16/2022,8:00:00 AM,0,62.4881,6.812
10/16/2022,8:15:00 AM,0,62.505,6.813
10/16/2022,8:30:00 AM,0,62.5152,6.816
10/16/2022,8:45:00 AM,0,62.521,6.819
10/16/2022,9:00:00 AM,0,62.5279,6.821
10/16/2022,9:15:00 AM,0,62.528,6.821
10/16/2022,9:30:00 AM,0,62.5337,6.821
10/16/2022,9:45:00 AM,0,62.5247,6.822
10/16/2022,10:00:00 AM,0,62.5282,6.822
10/16/2022,10:15:00 AM,0,62.5231,6.823
10/16/2022,10:30:00 AM,0,62.5213,6.824
10/16/2022,10:45:00 AM,0,62.508,6.825
10/16/2022,11:00:00 AM,0,62.4997,6.825
10/16/2022,11:15:00 AM,0,62.4993,6.824
10/16/2022,11:30:00 AM,0,62.4906,6.823
10/16/2022,11:45:00 AM,0,62.4787,6.822
10/16/2022,12:00:00 PM,0,62.4645,6.821
10/16/2022,12:15:00 PM,0,62.4582,6.819
10/16/2022,12:30:00 PM,0,62.4405,6.821
10/16/2022,12:45:00 PM,0,62.4354,6.824
10/16/2022,1:00:00 PM,0,62.4221,6.823
10/16/2022,1:15:00 PM,0,62.3924,6.821
10/16/2022,1:30:00 PM,0,62.3876,6.82
10/16/2022,1:45:00 PM,0,62.366,6.82
10/16/2022,2:00:00 PM,0,62.3531,6.819
10/16/2022,2:15:00 PM,0,62.3425,6.819
10/16/2022,2:30:00 PM,0,62.329,6.818
10/16/2022,2:45:00 PM,0,62.3109,6.817
10/16/2022,3:00:00 PM,0,62.2847,6.816
10/16/2022,3:15:00 PM,0,62.2788,6.815
10/16/2022,3:30:00 PM,0,62.2806,6.813
10/16/2022,3:45:00 PM,0,62.2696,6.81
10/16/2022,4:00:00 PM,0,62.2605,6.807
10/16/2022,4:15:00 PM,0,62.2628,6.804
10/16/2022,4:30:00 PM,0,62.2664,6.802
10/16/2022,4:45:00 PM,0,62.2687,6.8
10/16/2022,5:00:00 PM,0,62.2743,6.798
10/16/2022,5:15:00 PM,0,62.2779,6.797
10/16/2022,5:30:00 PM,0,62.2807,6.796
10/16/2022,5:45:00 PM,0,62.2766,6.794
10/16/2022,6:00:00 PM,0,62.2861,6.793
10/16/2022,6:15:00 PM,0,62.2922,6.792
10/16/2022,6:30:00 PM,0,62.3057,6.791
10/16/2022,6:45:00 PM,0,62.3174,6.79
10/16/2022,7:00:00 PM,0,62.3178,6.79
10/16/2022,7:15:00 PM,0,62.3382,6.791
10/16/2022,7:30:00 PM,0,62.3516,6.79
10/16/2022,7:45:00 PM,0,62.3551,6.791
10/16/2022,8:00:00 PM,0,62.3771,6.791
10/16/2022,8:15:00 PM,0,62.3894,6.791
10/16/2022,8:30:00 PM,0,62.4036,6.792
10/16/2022,8:45:00 PM,0,62.4147,6.792
10/16/2022,9:00:00 PM,0,62.4223,6.792
10/16/2022,9:15:00 PM,0,62.4316,6.793
10/16/2022,9:30:00 PM,0,62.4387,6.795
10/16/2022,9:45:00 PM,0,62.4519,6.79
10/16/2022,10:00:00 PM,0,62.4581,6.779
10/16/2022,10:15:00 PM,0,62.4656,6.764
10/16/2022,10:30:00 PM,0,62.471,6.761
10/16/2022,10:45:00 PM,0,62.4789,6.746
10/16/2022,11:00:00 PM,0,62.4783,6.738
10/16/2022,11:15:00 PM,0,62.4793,6.739
10/16/2022,11:30:00 PM,0,62.4677,6.741
10/16/2022,11:45:00 PM,0,62.4677,6.754
10/17/2022,12:00:00 AM,0,62.4441,6.766
10/17/2022,12:15:00 AM,0,62.4346,6.775
10/17/2022,12:30:00 AM,0,62.4185,6.78
10/17/2022,12:45:00 AM,0,62.4122,6.784
10/17/2022,1:00:00 AM,0,62.3941,6.788
10/17/2022,1:15:00 AM,0,62.3797,6.791
10/17/2022,1:30:00 AM,0,62.3625,6.793
10/17/2022,1:45:00 AM,0,62.352,6.796
10/17/2022,2:00:00 AM,0,62.3463,6.797
10/17/2022,2:15:00 AM,0,62.3336,6.799
10/17/2022,2:30:00 AM,0,62.3217,6.802
10/17/2022,2:45:00 AM,0,62.3119,6.801
10/17/2022,3:00:00 AM,0,62.3124,6.796
10/17/2022,3:15:00 AM,0,62.3145,6.786
10/17/2022,3:30:00 AM,0,62.325,6.785
10/17/2022,3:45:00 AM,0,62.3199,6.793
10/17/2022,4:00:00 AM,0,62.3147,6.796
10/17/2022,4:15:00 AM,0,62.3199,6.79
10/17/2022,4:30:00 AM,0,62.3178,6.773
10/17/2022,4:45:00 AM,0,62.3222,6.765
10/17/2022,5:00:00 AM,0,62.3369,6.761
10/17/2022,5:15:00 AM,0,62.3498,6.764
10/17/2022,5:30:00 AM,0,62.358,6.77
10/17/2022,5:45:00 AM,0,62.365,6.775
10/17/2022,6:00:00 AM,0,62.3824,6.781
10/17/2022,6:15:00 AM,0,62.3907,6.789
10/17/2022,6:30:00 AM,0,62.3995,6.797
10/17/2022,6:45:00 AM,0,62.4099,6.803
10/17/2022,7:00:00 AM,0,62.4252,6.809
10/17/2022,7:15:00 AM,0,62.4517,6.812
10/17/2022,7:30:00 AM,0,62.4547,6.817
10/17/2022,7:45:00 AM,0,62.4642,6.823
10/17/2022,8:00:00 AM,0,62.4882,6.828
10/17/2022,8:15:00 AM,0,62.4948,6.834
10/17/2022,8:30:00 AM,0,62.5035,6.839
10/17/2022,8:45:00 AM,0,62.5074,6.844
10/17/2022,9:00:00 AM,0,62.5133,6.848
10/17/2022,9:15:00 AM,0,62.5094,6.852
10/17/2022,9:30:00 AM,0,62.5116,6.859
10/17/2022,9:45:00 AM,0,62.5134,6.865
10/17/2022,10:00:00 AM,0,62.5116,6.868
10/17/2022,10:15:00 AM,0,62.5152,6.87
10/17/2022,10:30:00 AM,0,62.5063,6.871
10/17/2022,10:45:00 AM,0,62.4945,6.874
10/17/2022,11:00:00 AM,0,62.488,6.876
10/17/2022,11:15:00 AM,0,62.4654,6.876
10/17/2022,11:30:00 AM,0,62.4562,6.876
10/17/2022,11:45:00 AM,0,62.4389,6.877
10/17/2022,12:00:00 PM,0,62.4294,6.874
10/17/2022,12:15:00 PM,0,62.4059,6.872
10/17/2022,12:30:00 PM,0,62.3928,6.873
10/17/2022,12:45:00 PM,0,62.3749,6.872
10/17/2022,1:00:00 PM,0,62.3741,6.872
10/17/2022,1:15:00 PM,0,62.3598,6.871
10/17/2022,1:30:00 PM,0,62.3398,6.87
10/17/2022,1:45:00 PM,0,62.3154,6.87
10/17/2022,2:00:00 PM,0,62.2865,6.872
10/17/2022,2:15:00 PM,0,62.266,6.873
10/17/2022,2:30:00 PM,0,62.2518,6.873
10/17/2022,2:45:00 PM,0,62.2282,6.872
10/17/2022,3:00:00 PM,0,62.232,6.872
10/17/2022,3:15:00 PM,0,62.2196,6.872
10/17/2022,3:30:00 PM,0,62.2139,6.873
10/17/2022,3:45:00 PM,0,62.21,6.872
10/17/2022,4:00:00 PM,0,62.214,6.871
10/17/2022,4:15:00 PM,0,62.2298,6.87
10/17/2022,4:30:00 PM,0,62.2426,6.868
10/17/2022,4:45:00 PM,0,62.2387,6.867
10/17/2022,5:00:00 PM,0,62.2468,6.866
10/17/2022,5:15:00 PM,0,62.2588,6.866
10/17/2022,5:30:00 PM,0,62.2772,6.865
10/17/2022,5:45:00 PM,0,62.2851,6.865
10/17/2022,6:00:00 PM,0,62.2942,6.866
10/17/2022,6:15:00 PM,0,62.3074,6.867
10/17/2022,6:30:00 PM,0,62.3171,6.868
10/17/2022,6:45:00 PM,0,62.326,6.869
10/17/2022,7:00:00 PM,0,62.3378,6.87
10/17/2022,7:15:00 PM,0,62.3457,6.872
10/17/2022,7:30:00 PM,0,62.3596,6.874
10/17/2022,7:45:00 PM,0,62.3714,6.875
10/17/2022,8:00:00 PM,0,62.3858,6.878
10/17/2022,8:15:00 PM,0,62.41,6.88
10/17/2022,8:30:00 PM,0,62.4159,6.881
10/17/2022,8:45:00 PM,0,62.4231,6.883
10/17/2022,9:00:00 PM,0,62.433,6.886
10/17/2022,9:15:00 PM,0,62.4405,6.888
10/17/2022,9:30:00 PM,0,62.459,6.89
10/17/2022,9:45:00 PM,0,62.4583,6.892
10/17/2022,10:00:00 PM,0,62.4564,6.893
10/17/2022,10:15:00 PM,0,62.4721,6.893
10/17/2022,10:30:00 PM,0,62.476,6.893
10/17/2022,10:45:00 PM,0,62.4689,6.891
10/17/2022,11:00:00 PM,0,62.4648,6.891
10/17/2022,11:15:00 PM,0,62.4541,6.893
10/17/2022,11:30:00 PM,0,62.4543,6.888
10/17/2022,11:45:00 PM,0,62.4464,6.886
10/18/2022,12:00:00 AM,0,62.4173,6.886
10/18/2022,12:15:00 AM,0,62.408,6.889
10/18/2022,12:30:00 AM,0,62.3888,6.887
10/18/2022,12:45:00 AM,0,62.3613,6.87
10/18/2022,1:00:00 AM,0,62.338,6.861
10/18/2022,1:15:00 AM,0,62.3158,6.859
10/18/2022,1:30:00 AM,0,62.3107,6.845
10/18/2022,1:45:00 AM,0,62.3173,6.838
10/18/2022,2:00:00 AM,0,62.32,6.833
10/18/2022,2:15:00 AM,0,62.3037,6.844
10/18/2022,2:30:00 AM,0,62.2967,6.858
10/18/2022,2:45:00 AM,0,62.2947,6.873
10/18/2022,3:00:00 AM,0,62.2861,6.886
10/18/2022,3:15:00 AM,0,62.29,6.895
10/18/2022,3:30:00 AM,0,62.2811,6.903
10/18/2022,3:45:00 AM,0,62.2852,6.909
10/18/2022,4:00:00 AM,0,62.2871,6.913
10/18/2022,4:15:00 AM,0,62.2806,6.918
10/18/2022,4:30:00 AM,0,62.2872,6.921
10/18/2022,4:45:00 AM,0,62.2859,6.924
10/18/2022,5:00:00 AM,0,62.2991,6.927
10/18/2022,5:15:00 AM,0,62.3002,6.929
10/18/2022,5:30:00 AM,0,62.3125,6.931
10/18/2022,5:45:00 AM,0,62.327,6.932
10/18/2022,6:00:00 AM,0,62.3344,6.934
10/18/2022,6:15:00 AM,0,62.3489,6.936
10/18/2022,6:30:00 AM,0,62.3592,6.938
10/18/2022,6:45:00 AM,0,62.3743,6.941
10/18/2022,7:00:00 AM,0,62.3913,6.945
10/18/2022,7:15:00 AM,0,62.4032,6.949
10/18/2022,7:30:00 AM,0,62.4191,6.953
10/18/2022,7:45:00 AM,0,62.4391,6.955
10/18/2022,8:00:00 AM,0,62.4496,6.957
10/18/2022,8:15:00 AM,0,62.456,6.961
10/18/2022,8:30:00 AM,0,62.4751,6.964
10/18/2022,8:45:00 AM,0,62.4881,6.968
10/18/2022,9:00:00 AM,0,62.4944,6.972
10/18/2022,9:15:00 AM,0,62.5066,6.974
10/18/2022,9:30:00 AM,0,62.508,6.977
10/18/2022,9:45:00 AM,0,62.5104,6.98
10/18/2022,10:00:00 AM,0,62.5065,6.985
10/18/2022,10:15:00 AM,0,62.5161,6.987
10/18/2022,10:30:00 AM,0,62.5137,6.99
10/18/2022,10:45:00 AM,0,62.5153,6.99
10/18/2022,11:00:00 AM,0,62.5124,6.99
10/18/2022,11:15:00 AM,0,62.4933,6.992
10/18/2022,11:30:00 AM,0,62.479,6.998
10/18/2022,11:45:00 AM,0,62.4635,7.3
10/18/2022,12:00:00 PM,0,62.4413,7.6
10/18/2022,12:15:00 PM,0,62.4306,7.9
10/18/2022,12:30:00 PM,0,62.4179,7.9
10/18/2022,12:45:00 PM,0,62.3982,7.7
10/18/2022,1:00:00 PM,0,62.3824,7.6
10/18/2022,1:15:00 PM,0,62.3561,7.8
10/18/2022,1:30:00 PM,0,62.3456,7.9
10/18/2022,1:45:00 PM,0,62.3265,7.7
10/18/2022,2:00:00 PM,0,62.3144,7.8
10/18/2022,2:15:00 PM,0,62.2932,7.6
10/18/2022,2:30:00 PM,0,62.2786,7.5
10/18/2022,2:45:00 PM,0,62.2685,7.4
10/18/2022,3:00:00 PM,0,62.2614,7.5
10/18/2022,3:15:00 PM,0,62.2525,7.4
10/18/2022,3:30:00 PM,0,62.2441,7.3
10/18/2022,3:45:00 PM,0,62.2489,7.3
10/18/2022,4:00:00 PM,0,62.259,7.3
10/18/2022,4:15:00 PM,0,62.269,7.3
10/18/2022,4:30:00 PM,0,62.2709,7.3
10/18/2022,4:45:00 PM,0,62.2793,7.4
10/18/2022,5:00:00 PM,0,62.3032,7.3
10/18/2022,5:15:00 PM,0,62.2968,7.3
10/18/2022,5:30:00 PM,0,62.3248,7.2
10/18/2022,5:45:00 PM,0,62.3382,7.2
10/18/2022,6:00:00 PM,0,62.3347,7.3
10/18/2022,6:15:00 PM,0,62.3411,7.3
10/18/2022,6:30:00 PM,0,62.3502,7.4
10/18/2022,6:45:00 PM,0,62.3802,7.5
10/18/2022,7:00:00 PM,0,62.3979,7.6
10/18/2022,7:15:00 PM,0,62.4107,7.7
10/18/2022,7:30:00 PM,0,62.4204,7.9
10/18/2022,7:45:00 PM,0,62.437,7.9
10/18/2022,8:00:00 PM,0,62.4499,7.5
10/18/2022,8:15:00 PM,0,62.4693,7
10/18/2022,8:30:00 PM,0,62.4752,7.3
10/18/2022,8:45:00 PM,0,62.4972,6.999
10/18/2022,9:00:00 PM,0,62.5238,6.992
10/18/2022,9:15:00 PM,0,62.5299,6.999
10/18/2022,9:30:00 PM,0,62.5356,7.5
10/18/2022,9:45:00 PM,0,62.5392,7.2
10/18/2022,10:00:00 PM,0,62.5401,7.6
10/18/2022,10:15:00 PM,0,62.5383,7.12
10/18/2022,10:30:00 PM,0,62.5374,7.17
10/18/2022,10:45:00 PM,0,62.5423,7.23
10/18/2022,11:00:00 PM,0,62.5417,7.24
10/18/2022,11:15:00 PM,0,62.5281,7.25
10/18/2022,11:30:00 PM,0,62.5236,7.27
10/18/2022,11:45:00 PM,0,62.5111,7.32
10/19/2022,12:00:00 AM,0,62.5024,7.37
10/19/2022,12:15:00 AM,0,62.4912,7.42
10/19/2022,12:30:00 AM,0,62.4732,7.43
10/19/2022,12:45:00 AM,0,62.4549,7.38
10/19/2022,1:00:00 AM,0,62.4332,7.43
10/19/2022,1:15:00 AM,0,62.4196,7.44
10/19/2022,1:30:00 AM,0,62.4107,7.45
10/19/2022,1:45:00 AM,0,62.4056,7.47
10/19/2022,2:00:00 AM,0,62.4045,7.5
10/19/2022,2:15:00 AM,0,62.3967,7.54
10/19/2022,2:30:00 AM,0,62.3938,7.57
10/19/2022,2:45:00 AM,0,62.3911,7.61
10/19/2022,3:00:00 AM,0,62.3893,7.64
10/19/2022,3:15:00 AM,0,62.3871,7.66
10/19/2022,3:30:00 AM,0,62.3797,7.69
10/19/2022,3:45:00 AM,0,62.3789,7.72
10/19/2022,4:00:00 AM,0,62.3666,7.132
10/19/2022,4:15:00 AM,0,62.3583,7.171
10/19/2022,4:30:00 AM,0,62.3651,7.192
10/19/2022,4:45:00 AM,0,62.3754,7.204
10/19/2022,5:00:00 AM,0,62.3932,7.213
10/19/2022,5:15:00 AM,0,62.4015,7.219
10/19/2022,5:30:00 AM,0,62.4205,7.219
10/19/2022,5:45:00 AM,0,62.4396,7.215
10/19/2022,6:00:00 AM,0,62.4527,7.21
10/19/2022,6:15:00 AM,0,62.4626,7.208
10/19/2022,6:30:00 AM,0,62.4811,7.206
10/19/2022,6:45:00 AM,0,62.5018,7.202
10/19/2022,7:00:00 AM,0,62.521,7.198
10/19/2022,7:15:00 AM,0,62.5441,7.191
10/19/2022,7:30:00 AM,0,62.5678,7.186
10/19/2022,7:45:00 AM,0,62.5845,7.18
10/19/2022,8:00:00 AM,0,62.5971,7.173
10/19/2022,8:15:00 AM,0,62.6091,7.167
10/19/2022,8:30:00 AM,0,62.616,7.163
10/19/2022,8:45:00 AM,0,62.6318,7.158
10/19/2022,9:00:00 AM,0,62.6319,7.151
10/19/2022,9:15:00 AM,0,62.6411,7.143
10/19/2022,9:30:00 AM,0,62.6359,7.135
10/19/2022,9:45:00 AM,0,62.6367,7.127
10/19/2022,10:00:00 AM,0,62.6414,7.118
10/19/2022,10:15:00 AM,0,62.6373,7.114
10/19/2022,10:30:00 AM,0,62.6335,7.127
10/19/2022,10:45:00 AM,0,62.6319,7.135
10/19/2022,11:00:00 AM,0,62.6231,7.14
10/19/2022,11:15:00 AM,0,62.6162,7.146
10/19/2022,11:30:00 AM,0,62.6049,7.149
10/19/2022,11:45:00 AM,0,62.5933,7.152
10/19/2022,12:00:00 PM,0,62.5795,7.152
10/19/2022,12:15:00 PM,0,62.5682,7.152
10/19/2022,12:30:00 PM,0,62.5473,7.152
10/19/2022,12:45:00 PM,0,62.5307,7.152
10/19/2022,1:00:00 PM,0,62.5017,7.153
10/19/2022,1:15:00 PM,0,62.4801,7.155
10/19/2022,1:30:00 PM,0,62.4448,7.157
10/19/2022,1:45:00 PM,0,62.4228,7.155
10/19/2022,2:00:00 PM,0,62.409,7.153
10/19/2022,2:15:00 PM,0,62.375,7.151
10/19/2022,2:30:00 PM,0,62.3585,7.151
10/19/2022,2:45:00 PM,0,62.3455,7.148
10/19/2022,3:00:00 PM,0,62.3426,7.145
10/19/2022,3:15:00 PM,0,62.3339,7.141
10/19/2022,3:30:00 PM,0,62.3448,7.137
10/19/2022,3:45:00 PM,0,62.3381,7.133
10/19/2022,4:00:00 PM,0,62.3389,7.129
10/19/2022,4:15:00 PM,0,62.3419,7.126
10/19/2022,4:30:00 PM,0,62.3447,7.123
10/19/2022,4:45:00 PM,0,62.3525,7.12
10/19/2022,5:00:00 PM,0,62.3542,7.118
10/19/2022,5:15:00 PM,0,62.3577,7.116
10/19/2022,5:30:00 PM,0,62.3713,7.114
10/19/2022,5:45:00 PM,0,62.3831,7.112
10/19/2022,6:00:00 PM,0,62.3947,7.109
10/19/2022,6:15:00 PM,0,62.4034,7.107
10/19/2022,6:30:00 PM,0,62.4197,7.105
10/19/2022,6:45:00 PM,0,62.4301,7.103
10/19/2022,7:00:00 PM,0,62.4451,7.102
10/19/2022,7:15:00 PM,0,62.4616,7.101
10/19/2022,7:30:00 PM,0,62.4717,7.1
10/19/2022,7:45:00 PM,0,62.4893,7.99
10/19/2022,8:00:00 PM,0,62.5057,7.98
10/19/2022,8:15:00 PM,0,62.5029,7.93
10/19/2022,8:30:00 PM,0,62.5182,7.77
10/19/2022,8:45:00 PM,0,62.5255,7.58
10/19/2022,9:00:00 PM,0,62.5437,7.59
10/19/2022,9:15:00 PM,0,62.5541,7.65
10/19/2022,9:30:00 PM,0,62.5583,7.7
10/19/2022,9:45:00 PM,0,62.5514,7.76
10/19/2022,10:00:00 PM,0,62.5555,7.78
10/19/2022,10:15:00 PM,0,62.5635,7.81
10/19/2022,10:30:00 PM,0,62.5625,7.83
10/19/2022,10:45:00 PM,0,62.5589,7.84
10/19/2022,11:00:00 PM,0,62.5518,7.85
10/19/2022,11:15:00 PM,0,62.5476,7.86
10/19/2022,11:30:00 PM,0,62.5399,7.86
10/19/2022,11:45:00 PM,0,62.5263,7.86
10/20/2022,12:00:00 AM,0,62.517,7.86
10/20/2022,12:15:00 AM,0,62.5083,7.86
10/20/2022,12:30:00 AM,0,62.5012,7.86
10/20/2022,12:45:00 AM,0,62.4843,7.85
10/20/2022,1:00:00 AM,0,62.4724,7.85
10/20/2022,1:15:00 AM,0,62.465,7.84
10/20/2022,1:30:00 AM,0,62.4476,7.84
10/20/2022,1:45:00 AM,0,62.4164,7.83
10/20/2022,2:00:00 AM,0,62.408,7.8
10/20/2022,2:15:00 AM,0,62.4095,7.74
10/20/2022,2:30:00 AM,0,62.4022,7.73
10/20/2022,2:45:00 AM,0,62.3937,7.74
10/20/2022,3:00:00 AM,0,62.3866,7.76
10/20/2022,3:15:00 AM,0,62.3769,7.78
10/20/2022,3:30:00 AM,0,62.3577,7.79
10/20/2022,3:45:00 AM,0,62.3434,7.78
10/20/2022,4:00:00 AM,0,62.3372,7.73
10/20/2022,4:15:00 AM,0,62.3293,7.59
10/20/2022,4:30:00 AM,0,62.3251,7.47
10/20/2022,4:45:00 AM,0,62.3413,7.39
10/20/2022,5:00:00 AM,0,62.3575,7.37
10/20/2022,5:15:00 AM,0,62.3666,7.34
10/20/2022,5:30:00 AM,0,62.3831,7.33
10/20/2022,5:45:00 AM,0,62.3791,7.35
10/20/2022,6:00:00 AM,0,62.3789,7.38
10/20/2022,6:15:00 AM,0,62.4013,7.44
10/20/2022,6:30:00 AM,0,62.4185,7.5
10/20/2022,6:45:00 AM,0,62.4317,7.54
10/20/2022,7:00:00 AM,0,62.4427,7.6
10/20/2022,7:15:00 AM,0,62.4676,7.64
10/20/2022,7:30:00 AM,0,62.4851,7.67
10/20/2022,7:45:00 AM,0,62.4985,7.71
10/20/2022,8:00:00 AM,0,62.5147,7.74
10/20/2022,8:15:00 AM,0,62.5263,7.76
10/20/2022,8:30:00 AM,0,62.5421,7.77
10/20/2022,8:45:00 AM,0,62.549,7.79
10/20/2022,9:00:00 AM,0,62.564,7.8
10/20/2022,9:15:00 AM,0,62.5784,7.82
10/20/2022,9:30:00 AM,0,62.5872,7.82
10/20/2022,9:45:00 AM,0,62.5947,7.83
10/20/2022,10:00:00 AM,0,62.5966,7.84
10/20/2022,10:15:00 AM,0,62.5948,7.84
10/20/2022,10:30:00 AM,0,62.5885,7.85
10/20/2022,10:45:00 AM,0,62.5823,7.87
10/20/2022,11:00:00 AM,0,62.5711,7.89
10/20/2022,11:15:00 AM,0,62.5549,7.91
10/20/2022,11:30:00 AM,0,62.5389,7.93
10/20/2022,11:45:00 AM,0,62.5302,7.94
10/20/2022,12:00:00 PM,0,62.5153,7.95
10/20/2022,12:15:00 PM,0,62.4914,7.95
10/20/2022,12:30:00 PM,0,62.4769,7.97
10/20/2022,12:45:00 PM,0,62.4653,7.98
10/20/2022,1:00:00 PM,0,62.4417,7.96
10/20/2022,1:15:00 PM,0,62.42,7.93
10/20/2022,1:30:00 PM,0,62.3953,7.91
10/20/2022,1:45:00 PM,0,62.3872,7.87
10/20/2022,2:00:00 PM,0,62.3683,7.84
10/20/2022,2:15:00 PM,0,62.3578,7.82
10/20/2022,2:30:00 PM,0,62.3378,7.81
10/20/2022,2:45:00 PM,0,62.3284,7.8
10/20/2022,3:00:00 PM,0,62.3153,7.79
10/20/2022,3:15:00 PM,0,62.3025,7.77
10/20/2022,3:30:00 PM,0,62.2865,7.75
10/20/2022,3:45:00 PM,0,62.2794,7.73
10/20/2022,4:00:00 PM,0,62.2789,7.72
10/20/2022,4:15:00 PM,0,62.2848,7.71
10/20/2022,4:30:00 PM,0,62.2854,7.7
10/20/2022,4:45:00 PM,0,62.2829,7.7
10/20/2022,5:00:00 PM,0,62.2852,7.69
10/20/2022,5:15:00 PM,0,62.2998,7.68
10/20/2022,5:30:00 PM,0,62.3069,7.67
10/20/2022,5:45:00 PM,0,62.3168,7.66
10/20/2022,6:00:00 PM,0,62.3231,7.65
10/20/2022,6:15:00 PM,0,62.3279,7.65
10/20/2022,6:30:00 PM,0,62.3535,7.65
10/20/2022,6:45:00 PM,0,62.367,7.65
10/20/2022,7:00:00 PM,0,62.3721,7.65
10/20/2022,7:15:00 PM,0,62.386,7.65
10/20/2022,7:30:00 PM,0,62.4016,7.65
10/20/2022,7:45:00 PM,0,62.4186,7.65
10/20/2022,8:00:00 PM,0,62.4394,7.65
10/20/2022,8:15:00 PM,0,62.4538,7.66
10/20/2022,8:30:00 PM,0,62.4726,7.66
10/20/2022,8:45:00 PM,0,62.4775,7.66
10/20/2022,9:00:00 PM,0,62.4755,7.67
10/20/2022,9:15:00 PM,0,62.4869,7.67
10/20/2022,9:30:00 PM,0,62.4964,7.68
10/20/2022,9:45:00 PM,0,62.4997,7.68
10/20/2022,10:00:00 PM,0,62.5036,7.68
10/20/2022,10:15:00 PM,0,62.4899,7.66
10/20/2022,10:30:00 PM,0,62.4899,7.58
10/20/2022,10:45:00 PM,0,62.4849,7.56
10/20/2022,11:00:00 PM,0,62.4877,7.58
10/20/2022,11:15:00 PM,0,62.4841,7.57
10/20/2022,11:30:00 PM,0,62.4871,7.55
10/20/2022,11:45:00 PM,0,62.4733,7.56
10/21/2022,12:00:00 AM,0,62.476,7.57
10/21/2022,12:15:00 AM,0,62.4598,7.59
10/21/2022,12:30:00 AM,0,62.4496,7.61
10/21/2022,12:45:00 AM,0,62.4405,7.63
10/21/2022,1:00:00 AM,0,62.4301,7.65
10/21/2022,1:15:00 AM,0,62.4202,7.66
10/21/2022,1:30:00 AM,0,62.4064,7.67
10/21/2022,1:45:00 AM,0,62.3992,7.68
10/21/2022,2:00:00 AM,0,62.3867,7.68
10/21/2022,2:15:00 AM,0,62.3763,7.69
10/21/2022,2:30:00 AM,0,62.3731,7.7
10/21/2022,2:45:00 AM,0,62.3642,7.7
10/21/2022,3:00:00 AM,0,62.3619,7.7
10/21/2022,3:15:00 AM,0,62.3606,7.71
10/21/2022,3:30:00 AM,0,62.3545,7.71
10/21/2022,3:45:00 AM,0,62.3522,7.71
10/21/2022,4:00:00 AM,0,62.3506,7.71
10/21/2022,4:15:00 AM,0,62.3541,7.7
10/21/2022,4:30:00 AM,0,62.3567,7.7
10/21/2022,4:45:00 AM,0,62.3606,7.68
10/21/2022,5:00:00 AM,0,62.3641,7.67
10/21/2022,5:15:00 AM,0,62.3606,7.65
10/21/2022,5:30:00 AM,0,62.3688,7.65
10/21/2022,5:45:00 AM,0,62.3733,7.64
10/21/2022,6:00:00 AM,0,62.3894,7.61
10/21/2022,6:15:00 AM,0,62.4157,7.55
10/21/2022,6:30:00 AM,0,62.4242,7.55
10/21/2022,6:45:00 AM,0,62.4358,7.59
10/21/2022,7:00:00 AM,0,62.4503,7.65
10/21/2022,7:15:00 AM,0,62.4654,7.71
10/21/2022,7:30:00 AM,0,62.4815,7.75
10/21/2022,7:45:00 AM,0,62.4887,7.79
10/21/2022,8:00:00 AM,0,62.5049,7.84
10/21/2022,8:15:00 AM,0,62.5182,7.88
10/21/2022,8:30:00 AM,0,62.5261,7.94
10/21/2022,8:45:00 AM,0,62.5228,7.99
10/21/2022,9:00:00 AM,0,62.5253,7.104
10/21/2022,9:15:00 AM,0,62.5223,7.105
10/21/2022,9:30:00 AM,0,62.5219,7.105
10/21/2022,9:45:00 AM,0,62.5236,7.104
10/21/2022,10:00:00 AM,0,62.5302,7.103
10/21/2022,10:15:00 AM,0,62.5299,7.102
10/21/2022,10:30:00 AM,0,62.5239,7.102
10/21/2022,10:45:00 AM,0,62.5217,7.1
10/21/2022,11:00:00 AM,0,62.5017,7.1
10/21/2022,11:15:00 AM,0,62.4938,7.99
10/21/2022,11:30:00 AM,0,62.4777,7.1
10/21/2022,11:45:00 AM,0,62.4646,7.1
10/21/2022,12:00:00 PM,0,62.4495,7.1
10/21/2022,12:15:00 PM,0,62.4311,7.99
10/21/2022,12:30:00 PM,0,62.4133,7.97
10/21/2022,12:45:00 PM,0,62.4076,7.96
10/21/2022,1:00:00 PM,0,62.3917,7.95
10/21/2022,1:15:00 PM,0,62.365,7.94
10/21/2022,1:30:00 PM,0,62.3526,7.94
10/21/2022,1:45:00 PM,0,62.3326,7.93
10/21/2022,2:00:00 PM,0,62.3227,7.93
10/21/2022,2:15:00 PM,0,62.3076,7.93
10/21/2022,2:30:00 PM,0,62.2836,7.92
10/21/2022,2:45:00 PM,0,62.2549,7.93
10/21/2022,3:00:00 PM,0,62.2538,7.94
10/21/2022,3:15:00 PM,0,62.2513,7.94
10/21/2022,3:30:00 PM,0,62.2317,7.94
10/21/2022,3:45:00 PM,0,62.2311,7.93
10/21/2022,4:00:00 PM,0,62.2249,7.92
10/21/2022,4:15:00 PM,0,62.2339,7.91
10/21/2022,4:30:00 PM,0,62.2205,7.9
10/21/2022,4:45:00 PM,0,62.2257,7.9
10/21/2022,5:00:00 PM,0,62.2257,7.89
10/21/2022,5:15:00 PM,0,62.2464,7.9
10/21/2022,5:30:00 PM,0,62.2415,7.89
10/21/2022,5:45:00 PM,0,62.2486,7.9
10/21/2022,6:00:00 PM,0,62.2617,7.89
10/21/2022,6:15:00 PM,0,62.2742,7.89
10/21/2022,6:30:00 PM,0,62.2874,7.89
10/21/2022,6:45:00 PM,0,62.3067,7.88
10/21/2022,7:00:00 PM,0,62.3146,7.89
10/21/2022,7:15:00 PM,0,62.3392,7.89
10/21/2022,7:30:00 PM,0,62.3642,7.9
10/21/2022,7:45:00 PM,0,62.3807,7.9
10/21/2022,8:00:00 PM,0,62.3902,7.91
10/21/2022,8:15:00 PM,0,62.3999,7.91
10/21/2022,8:30:00 PM,0,62.4103,7.91
10/21/2022,8:45:00 PM,0,62.4237,7.9
10/21/2022,9:00:00 PM,0,62.4272,7.9
10/21/2022,9:15:00 PM,0,62.4459,7.88
10/21/2022,9:30:00 PM,0,62.4511,7.87
10/21/2022,9:45:00 PM,0,62.4544,7.86
10/21/2022,10:00:00 PM,0,62.4699,7.85
10/21/2022,10:15:00 PM,0,62.4699,7.85
10/21/2022,10:30:00 PM,0,62.4639,7.85
10/21/2022,10:45:00 PM,0,62.4695,7.86
10/21/2022,11:00:00 PM,0,62.4797,7.85
10/21/2022,11:15:00 PM,0,62.471,7.86
10/21/2022,11:30:00 PM,0,62.4703,7.87
10/21/2022,11:45:00 PM,0,62.4651,7.88
10/22/2022,12:00:00 AM,0,62.4606,7.89
10/22/2022,12:15:00 AM,0,62.4427,7.9
10/22/2022,12:30:00 AM,0,62.4292,7.91
10/22/2022,12:45:00 AM,0,62.4145,7.93
10/22/2022,1:00:00 AM,0,62.3943,7.94
10/22/2022,1:15:00 AM,0,62.3736,7.94
10/22/2022,1:30:00 AM,0,62.3612,7.95
10/22/2022,1:45:00 AM,0,62.3497,7.96
10/22/2022,2:00:00 AM,0,62.3366,7.97
10/22/2022,2:15:00 AM,0,62.3218,7.98
10/22/2022,2:30:00 AM,0,62.3169,7.98
10/22/2022,2:45:00 AM,0,62.3123,7.98
10/22/2022,3:00:00 AM,0,62.2993,7.99
10/22/2022,3:15:00 AM,0,62.2939,7.99
10/22/2022,3:30:00 AM,0,62.3078,7.1
10/22/2022,3:45:00 AM,0,62.3029,7.98
10/22/2022,4:00:00 AM,0,62.2976,7.98
10/22/2022,4:15:00 AM,0,62.3026,7.98
10/22/2022,4:30:00 AM,0,62.3023,7.98
10/22/2022,4:45:00 AM,0,62.3114,7.1
10/22/2022,5:00:00 AM,0,62.3213,7.1
10/22/2022,5:15:00 AM,0,62.3289,7.1
10/22/2022,5:30:00 AM,0,62.3373,7.97
10/22/2022,5:45:00 AM,0,62.3498,7.97
10/22/2022,6:00:00 AM,0,62.3648,7.97
10/22/2022,6:15:00 AM,0,62.3718,7.97
10/22/2022,6:30:00 AM,0,62.382,7.96
10/22/2022,6:45:00 AM,0,62.3878,7.98
10/22/2022,7:00:00 AM,0,62.4019,7.101
10/22/2022,7:15:00 AM,0,62.4168,7.104
10/22/2022,7:30:00 AM,0,62.4271,7.108
10/22/2022,7:45:00 AM,0,62.4378,7.111
10/22/2022,8:00:00 AM,0,62.4554,7.114
10/22/2022,8:15:00 AM,0,62.4647,7.115
10/22/2022,8:30:00 AM,0,62.4801,7.116
10/22/2022,8:45:00 AM,0,62.5016,7.116
10/22/2022,9:00:00 AM,0,62.508,7.117
10/22/2022,9:15:00 AM,0,62.5086,7.118
10/22/2022,9:30:00 AM,0,62.5208,7.119
10/22/2022,9:45:00 AM,0,62.532,7.119
10/22/2022,10:00:00 AM,0,62.5448,7.118
10/22/2022,10:15:00 AM,0,62.5363,7.118
10/22/2022,10:30:00 AM,0,62.5333,7.118
10/22/2022,10:45:00 AM,0,62.5225,7.118
10/22/2022,11:00:00 AM,0,62.5113,7.117
10/22/2022,11:15:00 AM,0,62.5029,7.116
10/22/2022,11:30:00 AM,0,62.4965,7.115
10/22/2022,11:45:00 AM,0,62.4776,7.117
10/22/2022,12:00:00 PM,0,62.4717,7.117
10/22/2022,12:15:00 PM,0,62.4598,7.117
10/22/2022,12:30:00 PM,0,62.449,7.117
10/22/2022,12:45:00 PM,0,62.4347,7.118
10/22/2022,1:00:00 PM,0,62.4248,7.118
10/22/2022,1:15:00 PM,0,62.4027,7.119
10/22/2022,1:30:00 PM,0,62.3824,7.118
10/22/2022,1:45:00 PM,0,62.3662,7.119
10/22/2022,2:00:00 PM,0,62.3527,7.121
10/22/2022,2:15:00 PM,0,62.3402,7.122
10/22/2022,2:30:00 PM,0,62.3392,7.121
10/22/2022,2:45:00 PM,0,62.3149,7.12
10/22/2022,3:00:00 PM,0,62.2828,7.122
10/22/2022,3:15:00 PM,0,62.2767,7.123
10/22/2022,3:30:00 PM,0,62.2539,7.122
10/22/2022,3:45:00 PM,0,62.2391,7.12
10/22/2022,4:00:00 PM,0,62.2492,7.12
10/22/2022,4:15:00 PM,0,62.254,7.12
10/22/2022,4:30:00 PM,0,62.261,7.118
10/22/2022,4:45:00 PM,0,62.2812,7.117
10/22/2022,5:00:00 PM,0,62.3043,7.116
10/22/2022,5:15:00 PM,0,62.2974,7.114
10/22/2022,5:30:00 PM,0,62.3094,7.113
10/22/2022,5:45:00 PM,0,62.313,7.112
10/22/2022,6:00:00 PM,0,62.3161,7.111
10/22/2022,6:15:00 PM,0,62.3239,7.111
10/22/2022,6:30:00 PM,0,62.3442,7.11
10/22/2022,6:45:00 PM,0,62.3592,7.109
10/22/2022,7:00:00 PM,0,62.3737,7.109
10/22/2022,7:15:00 PM,0,62.3988,7.109
10/22/2022,7:30:00 PM,0,62.4042,7.109
10/22/2022,7:45:00 PM,0,62.4111,7.109
10/22/2022,8:00:00 PM,0,62.4327,7.109
10/22/2022,8:15:00 PM,0,62.4453,7.109
10/22/2022,8:30:00 PM,0,62.4707,7.108
10/22/2022,8:45:00 PM,0,62.4951,7.106
10/22/2022,9:00:00 PM,0,62.5087,7.101
10/22/2022,9:15:00 PM,0,62.5123,7.96
10/22/2022,9:30:00 PM,0,62.5143,7.98
10/22/2022,9:45:00 PM,0,62.5141,7.99
10/22/2022,10:00:00 PM,0,62.5131,7.98
10/22/2022,10:15:00 PM,0,62.5058,7.96
10/22/2022,10:30:00 PM,0,62.4898,7.98
10/22/2022,10:45:00 PM,0,62.5073,7.1
10/22/2022,11:00:00 PM,0,62.5047,7.102
10/22/2022,11:15:00 PM,0,62.4971,7.103
10/22/2022,11:30:00 PM,0,62.4945,7.104
10/22/2022,11:45:00 PM,0,62.4818,7.105
10/23/2022,12:00:00 AM,0,62.472,7.105
10/23/2022,12:15:00 AM,0,62.465,7.107
10/23/2022,12:30:00 AM,0,62.456,7.109
10/23/2022,12:45:00 AM,0,62.441,7.11
10/23/2022,1:00:00 AM,0,62.4195,7.111
10/23/2022,1:15:00 AM,0,62.4092,7.112
10/23/2022,1:30:00 AM,0,62.4068,7.113
10/23/2022,1:45:00 AM,0,62.3882,7.115
10/23/2022,2:00:00 AM,0,62.3684,7.116
10/23/2022,2:15:00 AM,0,62.3551,7.116
10/23/2022,2:30:00 AM,0,62.345,7.117
10/23/2022,2:45:00 AM,0,62.3349,7.117
10/23/2022,3:00:00 AM,0,62.3235,7.116
10/23/2022,3:15:00 AM,0,62.3199,7.114
10/23/2022,3:30:00 AM,0,62.3139,7.109
10/23/2022,3:45:00 AM,0,62.3213,7.105
10/23/2022,4:00:00 AM,0,62.3182,7.104
10/23/2022,4:15:00 AM,0,62.3217,7.1
10/23/2022,4:30:00 AM,0,62.3356,7.99
10/23/2022,4:45:00 AM,0,62.3464,7.102
10/23/2022,5:00:00 AM,0,62.3577,7.106
10/23/2022,5:15:00 AM,0,62.3596,7.109
10/23/2022,5:30:00 AM,0,62.3692,7.111
10/23/2022,5:45:00 AM,0,62.3872,7.112
10/23/2022,6:00:00 AM,0,62.4017,7.112
10/23/2022,6:15:00 AM,0,62.41,7.112
10/23/2022,6:30:00 AM,0,62.4235,7.114
10/23/2022,6:45:00 AM,0,62.4459,7.117
10/23/2022,7:00:00 AM,0,62.4531,7.119
10/23/2022,7:15:00 AM,0,62.4663,7.121
10/23/2022,7:30:00 AM,0,62.4793,7.125
10/23/2022,7:45:00 AM,0,62.4936,7.13
10/23/2022,8:00:00 AM,0,62.4974,7.134
10/23/2022,8:15:00 AM,0,62.5024,7.138
10/23/2022,8:30:00 AM,0,62.5106,7.142
10/23/2022,8:45:00 AM,0,62.5275,7.148
10/23/2022,9:00:00 AM,0,62.5337,7.153
10/23/2022,9:15:00 AM,0,62.5444,7.155
10/23/2022,9:30:00 AM,0,62.5508,7.157
10/23/2022,9:45:00 AM,0,62.551,7.156
10/23/2022,10:00:00 AM,0,62.548,7.155
10/23/2022,10:15:00 AM,0,62.5465,7.159
10/23/2022,10:30:00 AM,0,62.5491,7.166
10/23/2022,10:45:00 AM,0,62.55,7.167
10/23/2022,11:00:00 AM,0,62.5467,7.173
10/23/2022,11:15:00 AM,0,62.5289,7.178
10/23/2022,11:30:00 AM,0,62.5102,7.179
10/23/2022,11:45:00 AM,0,62.504,7.181
10/23/2022,12:00:00 PM,0,62.4945,7.183
10/23/2022,12:15:00 PM,0,62.4929,7.184
10/23/2022,12:30:00 PM,0,62.4764,7.183
10/23/2022,12:45:00 PM,0,62.4565,7.178
10/23/2022,1:00:00 PM,0,62.436,7.179
10/23/2022,1:15:00 PM,0,62.409,7.181
10/23/2022,1:30:00 PM,0,62.3991,7.181
10/23/2022,1:45:00 PM,0,62.3825,7.178
10/23/2022,2:00:00 PM,0,62.3556,7.176
10/23/2022,2:15:00 PM,0,62.3375,7.172
10/23/2022,2:30:00 PM,0,62.321,7.172
10/23/2022,2:45:00 PM,0,62.3099,7.171
10/23/2022,3:00:00 PM,0,62.2988,7.168
10/23/2022,3:15:00 PM,0,62.2928,7.165
10/23/2022,3:30:00 PM,0,62.2726,7.163
10/23/2022,3:45:00 PM,0,62.27,7.161
10/23/2022,4:00:00 PM,0,62.2885,7.16
10/23/2022,4:15:00 PM,0,62.264,7.159
10/23/2022,4:30:00 PM,0,62.316,7.159
10/23/2022,4:45:00 PM,0,62.316,7.16
10/23/2022,5:00:00 PM,0,62.3373,7.159
10/23/2022,5:15:00 PM,0,62.2692,7.16
10/23/2022,5:30:00 PM,0,62.3077,7.161
10/23/2022,5:45:00 PM,0,62.3296,7.162
10/23/2022,6:00:00 PM,0,62.3438,7.163
10/23/2022,6:15:00 PM,0,62.3666,7.165
10/23/2022,6:30:00 PM,0,62.3799,7.166
10/23/2022,6:45:00 PM,0,62.3972,7.168
10/23/2022,7:00:00 PM,0,62.4157,7.169
10/23/2022,7:15:00 PM,0,62.4191,7.171
10/23/2022,7:30:00 PM,0,62.441,7.171
10/23/2022,7:45:00 PM,0,62.4602,7.173
10/23/2022,8:00:00 PM,0,62.4758,7.175
10/23/2022,8:15:00 PM,0,62.4976,7.176
10/23/2022,8:30:00 PM,0,62.5231,7.179
10/23/2022,8:45:00 PM,0,62.5328,7.183
10/23/2022,9:00:00 PM,0,62.5342,7.186
10/23/2022,9:15:00 PM,0,62.5357,7.19
10/23/2022,9:30:00 PM,0,62.5498,7.193
10/23/2022,9:45:00 PM,0,62.5581,7.196
10/23/2022,10:00:00 PM,0,62.5612,7.198
10/23/2022,10:15:00 PM,0,62.5554,7.202
10/23/2022,10:30:00 PM,0,62.5569,7.206
10/23/2022,10:45:00 PM,0,62.5614,7.21
10/23/2022,11:00:00 PM,0,62.5553,7.213
10/23/2022,11:15:00 PM,0,62.5559,7.215
10/23/2022,11:30:00 PM,0,62.5456,7.219
10/23/2022,11:45:00 PM,0,62.5287,7.222
10/24/2022,12:00:00 AM,0,62.5204,7.226
10/24/2022,12:15:00 AM,0,62.5146,7.229
10/24/2022,12:30:00 AM,0,62.5095,7.232
10/24/2022,12:45:00 AM,0,62.4892,7.235
10/24/2022,1:00:00 AM,0,62.4717,7.238
10/24/2022,1:15:00 AM,0,62.4608,7.241
10/24/2022,1:30:00 AM,0,62.4459,7.244
10/24/2022,1:45:00 AM,0,62.4259,7.248
10/24/2022,2:00:00 AM,0,62.4119,7.251
10/24/2022,2:15:00 AM,0,62.4015,7.255
10/24/2022,2:30:00 AM,0,62.3924,7.258
10/24/2022,2:45:00 AM,0,62.3892,7.26
10/24/2022,3:00:00 AM,0,62.3937,7.264
10/24/2022,3:15:00 AM,0,62.387,7.266
10/24/2022,3:30:00 AM,0,62.3779,7.268
10/24/2022,3:45:00 AM,0,62.3843,7.271
10/24/2022,4:00:00 AM,0,62.3771,7.273
10/24/2022,4:15:00 AM,0,62.3739,7.275
10/24/2022,4:30:00 AM,0,62.3774,7.278
10/24/2022,4:45:00 AM,0,62.3899,7.28
10/24/2022,5:00:00 AM,0,62.3909,7.282
10/24/2022,5:15:00 AM,0,62.4091,7.285
10/24/2022,5:30:00 AM,0,62.4147,7.292
10/24/2022,5:45:00 AM,0,62.4288,7.295
10/24/2022,6:00:00 AM,0,62.4357,7.298
10/24/2022,6:15:00 AM,0,62.4488,7.299
10/24/2022,6:30:00 AM,0,62.4739,7.301
10/24/2022,6:45:00 AM,0,62.4922,7.303
10/24/2022,7:00:00 AM,0,62.5118,7.305
10/24/2022,7:15:00 AM,0,62.5249,7.307
10/24/2022,7:30:00 AM,0,62.5348,7.31
10/24/2022,7:45:00 AM,0,62.5447,7.313
10/24/2022,8:00:00 AM,0,62.5507,7.315
10/24/2022,8:15:00 AM,0,62.5611,7.318
10/24/2022,8:30:00 AM,0,62.5736,7.322
10/24/2022,8:45:00 AM,0,62.5812,7.326
10/24/2022,9:00:00 AM,0,62.5849,7.329
10/24/2022,9:15:00 AM,0,62.5936,7.332
10/24/2022,9:30:00 AM,0,62.5998,7.334
10/24/2022,9:45:00 AM,0,62.6177,7.337
10/24/2022,10:00:00 AM,0,62.6134,7.339
10/24/2022,10:15:00 AM,0,62.6145,7.34
10/24/2022,10:30:00 AM,0,62.6175,7.342
10/24/2022,10:45:00 AM,0,62.6124,7.343
10/24/2022,11:00:00 AM,0,62.6063,7.346
10/24/2022,11:15:00 AM,0,62.5936,7.349
10/24/2022,11:30:00 AM,0,62.5774,7.353
10/24/2022,11:45:00 AM,0,62.5701,7.356
10/24/2022,12:00:00 PM,0,62.5681,7.358
10/24/2022,12:15:00 PM,0,62.5563,7.36
10/24/2022,12:30:00 PM,0,62.5479,7.363
10/24/2022,12:45:00 PM,0,62.5376,7.362
10/24/2022,1:00:00 PM,0,62.522,7.361
10/24/2022,1:15:00 PM,0,62.5058,7.361
10/24/2022,1:30:00 PM,0,62.4752,7.363
10/24/2022,1:45:00 PM,0,62.4587,7.365
10/24/2022,2:00:00 PM,0,62.4408,7.368
10/24/2022,2:15:00 PM,0,62.4222,7.37
10/24/2022,2:30:00 PM,0,62.4091,7.371
10/24/2022,2:45:00 PM,0,62.3986,7.371
10/24/2022,3:00:00 PM,0,62.3796,7.371
10/24/2022,3:15:00 PM,0,62.3612,7.371
10/24/2022,3:30:00 PM,0,62.3629,7.371
10/24/2022,3:45:00 PM,0,62.3552,7.369
10/24/2022,4:00:00 PM,0,62.3452,7.369
10/24/2022,4:15:00 PM,0,62.3461,7.367
10/24/2022,4:30:00 PM,0,62.3459,7.367
10/24/2022,4:45:00 PM,0,62.3496,7.366
10/24/2022,5:00:00 PM,0,62.3551,7.365
10/24/2022,5:15:00 PM,0,62.3559,7.365
10/24/2022,5:30:00 PM,0,62.3687,7.365
10/24/2022,5:45:00 PM,0,62.3828,7.364
10/24/2022,6:00:00 PM,0,62.3987,7.364
10/24/2022,6:15:00 PM,0,62.4057,7.365
10/24/2022,6:30:00 PM,0,62.4267,7.365
10/24/2022,6:45:00 PM,0,62.4282,7.365
10/24/2022,7:00:00 PM,0,62.4274,7.366
10/24/2022,7:15:00 PM,0,62.4229,7.366
10/24/2022,7:30:00 PM,0,62.4265,7.365
10/24/2022,7:45:00 PM,0,62.4507,7.365
10/24/2022,8:00:00 PM,0,62.4808,7.363
10/24/2022,8:15:00 PM,0,62.499,7.36
10/24/2022,8:30:00 PM,0,62.512,7.36
10/24/2022,8:45:00 PM,0,62.5237,7.356
10/24/2022,9:00:00 PM,0,62.5469,7.353
10/24/2022,9:15:00 PM,0,62.5481,7.352
10/24/2022,9:30:00 PM,0,62.5456,7.355
10/24/2022,9:45:00 PM,0,62.5496,7.359
10/24/2022,10:00:00 PM,0,62.5526,7.362
10/24/2022,10:15:00 PM,0,62.5576,7.365
10/24/2022,10:30:00 PM,0,62.575,7.368
10/24/2022,10:45:00 PM,0,62.5605,7.372
10/24/2022,11:00:00 PM,0,62.5539,7.374
10/24/2022,11:15:00 PM,0,62.5433,7.369
10/24/2022,11:30:00 PM,0,62.5379,7.357
10/24/2022,11:45:00 PM,0,62.5216,7.358
10/25/2022,12:00:00 AM,0,62.5024,7.364
10/25/2022,12:15:00 AM,0,62.5005,7.37
10/25/2022,12:30:00 AM,0,62.4928,7.375
10/25/2022,12:45:00 AM,0,62.4723,7.379
10/25/2022,1:00:00 AM,0,62.4631,7.373
10/25/2022,1:15:00 AM,0,62.4627,7.375
10/25/2022,1:30:00 AM,0,62.4447,7.378
10/25/2022,1:45:00 AM,0,62.4318,7.38
10/25/2022,2:00:00 AM,0,62.408,7.38
10/25/2022,2:15:00 AM,0,62.3936,7.376
10/25/2022,2:30:00 AM,0,62.3845,7.371
10/25/2022,2:45:00 AM,0,62.4019,7.369
10/25/2022,3:00:00 AM,0,62.3898,7.37
10/25/2022,3:15:00 AM,0,62.3889,7.374
10/25/2022,3:30:00 AM,0,62.3833,7.375
10/25/2022,3:45:00 AM,0,62.3749,7.37
10/25/2022,4:00:00 AM,0,62.3769,7.363
10/25/2022,4:15:00 AM,0,62.3859,7.365
10/25/2022,4:30:00 AM,0,62.3862,7.371
10/25/2022,4:45:00 AM,0,62.3963,7.374
10/25/2022,5:00:00 AM,0,62.3996,7.379
10/25/2022,5:15:00 AM,0,62.3986,7.385
10/25/2022,5:30:00 AM,0,62.411,7.389
10/25/2022,5:45:00 AM,0,62.4232,7.391
10/25/2022,6:00:00 AM,0,62.4428,7.394
10/25/2022,6:15:00 AM,0,62.4605,7.397
10/25/2022,6:30:00 AM,0,62.4847,7.4
10/25/2022,6:45:00 AM,0,62.502,7.403
10/25/2022,7:00:00 AM,0,62.5205,7.405
10/25/2022,7:15:00 AM,0,62.5351,7.409
10/25/2022,7:30:00 AM,0,62.5523,7.412
10/25/2022,7:45:00 AM,0,62.5657,7.415
10/25/2022,8:00:00 AM,0,62.5789,7.418
10/25/2022,8:15:00 AM,0,62.5934,7.424
10/25/2022,8:30:00 AM,0,62.5899,7.43
10/25/2022,8:45:00 AM,0,62.6033,7.437
10/25/2022,9:00:00 AM,0,62.6138,7.442
10/25/2022,9:15:00 AM,0,62.6196,7.443
10/25/2022,9:30:00 AM,0,62.6188,7.444
10/25/2022,9:45:00 AM,0,62.6151,7.444
10/25/2022,10:00:00 AM,0,62.6256,7.446
10/25/2022,10:15:00 AM,0,62.628,7.447
10/25/2022,10:30:00 AM,0,62.6382,7.445
10/25/2022,10:45:00 AM,0,62.6351,7.442
10/25/2022,11:00:00 AM,0,62.6218,7.441
10/25/2022,11:15:00 AM,0,62.6055,7.444
10/25/2022,11:30:00 AM,0,62.5949,7.445
10/25/2022,11:45:00 AM,0,62.5897,7.445
10/25/2022,12:00:00 PM,0,62.5759,7.445
10/25/2022,12:15:00 PM,0,62.5701,7.445
10/25/2022,12:30:00 PM,0,62.5501,7.443
10/25/2022,12:45:00 PM,0,62.5374,7.442
10/25/2022,1:00:00 PM,0,62.5213,7.443
10/25/2022,1:15:00 PM,0,62.4994,7.444
10/25/2022,1:30:00 PM,0,62.4827,7.445
10/25/2022,1:45:00 PM,0,62.4632,7.445
10/25/2022,2:00:00 PM,0,62.4422,7.444
10/25/2022,2:15:00 PM,0,62.4245,7.442
10/25/2022,2:30:00 PM,0,62.4049,7.443
10/25/2022,2:45:00 PM,0,62.3986,7.444
10/25/2022,3:00:00 PM,0,62.3764,7.446
10/25/2022,3:15:00 PM,0,62.3604,7.446
10/25/2022,3:30:00 PM,0,62.3565,7.445
10/25/2022,3:45:00 PM,0,62.349,7.442
10/25/2022,4:00:00 PM,0,62.3413,7.44
10/25/2022,4:15:00 PM,0,62.3407,7.438
10/25/2022,4:30:00 PM,0,62.3441,7.437
10/25/2022,4:45:00 PM,0,62.3533,7.436
10/25/2022,5:00:00 PM,0,62.3546,7.434
10/25/2022,5:15:00 PM,0,62.3566,7.434
10/25/2022,5:30:00 PM,0,62.3689,7.433
10/25/2022,5:45:00 PM,0,62.3781,7.433
10/25/2022,6:00:00 PM,0,62.3783,7.432
10/25/2022,6:15:00 PM,0,62.3797,7.432
10/25/2022,6:30:00 PM,0,62.3834,7.432
10/25/2022,6:45:00 PM,0,62.3884,7.432
10/25/2022,7:00:00 PM,0,62.4084,7.432
10/25/2022,7:15:00 PM,0,62.4274,7.432
10/25/2022,7:30:00 PM,0,62.4298,7.432
10/25/2022,7:45:00 PM,0,62.4383,7.432
10/25/2022,8:00:00 PM,0,62.4554,7.431
10/25/2022,8:15:00 PM,0,62.4713,7.431
10/25/2022,8:30:00 PM,0,62.4819,7.43
10/25/2022,8:45:00 PM,0,62.5048,7.431
10/25/2022,9:00:00 PM,0,62.5172,7.431
10/25/2022,9:15:00 PM,0,62.5259,7.431
10/25/2022,9:30:00 PM,0,62.5291,7.431
10/25/2022,9:45:00 PM,0,62.5331,7.431
10/25/2022,10:00:00 PM,0,62.5299,7.428
10/25/2022,10:15:00 PM,0,62.5225,7.418
10/25/2022,10:30:00 PM,0,62.5119,7.407
10/25/2022,10:45:00 PM,0,62.5134,7.404
10/25/2022,11:00:00 PM,0,62.5214,7.41
10/25/2022,11:15:00 PM,0,62.5181,7.416
10/25/2022,11:30:00 PM,0,62.5136,7.421
10/25/2022,11:45:00 PM,0,62.5055,7.425
10/26/2022,12:00:00 AM,0,62.4932,7.428
10/26/2022,12:15:00 AM,0,62.4777,7.43
10/26/2022,12:30:00 AM,0,62.4736,7.432
10/26/2022,12:45:00 AM,0,62.4619,7.434
10/26/2022,1:00:00 AM,0,62.4397,7.436
10/26/2022,1:15:00 AM,0,62.4203,7.437
10/26/2022,1:30:00 AM,0,62.4123,7.436
10/26/2022,1:45:00 AM,0,62.4097,7.436
10/26/2022,2:00:00 AM,0,62.3984,7.438
10/26/2022,2:15:00 AM,0,62.384,7.438
10/26/2022,2:30:00 AM,0,62.3756,7.431
10/26/2022,2:45:00 AM,0,62.3663,7.428
10/26/2022,3:00:00 AM,0,62.3497,7.429
10/26/2022,3:15:00 AM,0,62.3389,7.428
10/26/2022,3:30:00 AM,0,62.3284,7.428
10/26/2022,3:45:00 AM,0,62.3278,7.431
10/26/2022,4:00:00 AM,0,62.332,7.433
10/26/2022,4:15:00 AM,0,62.3297,7.43
10/26/2022,4:30:00 AM,0,62.3289,7.428
10/26/2022,4:45:00 AM,0,62.3492,7.428
10/26/2022,5:00:00 AM,0,62.357,7.431
10/26/2022,5:15:00 AM,0,62.3566,7.433
10/26/2022,5:30:00 AM,0,62.355,7.436
10/26/2022,5:45:00 AM,0,62.3618,7.438
10/26/2022,6:00:00 AM,0,62.3719,7.436
10/26/2022,6:15:00 AM,0,62.3864,7.429
10/26/2022,6:30:00 AM,0,62.3944,7.417
10/26/2022,6:45:00 AM,0,62.4127,7.416
10/26/2022,7:00:00 AM,0,62.4163,7.425
10/26/2022,7:15:00 AM,0,62.4177,7.433
10/26/2022,7:30:00 AM,0,62.4325,7.441
10/26/2022,7:45:00 AM,0,62.4404,7.446
10/26/2022,8:00:00 AM,0,62.4569,7.452
10/26/2022,8:15:00 AM,0,62.4724,7.456
10/26/2022,8:30:00 AM,0,62.4836,7.46
10/26/2022,8:45:00 AM,0,62.4966,7.463
10/26/2022,9:00:00 AM,0,62.5081,7.466
10/26/2022,9:15:00 AM,0,62.5227,7.468
10/26/2022,9:30:00 AM,0,62.521,7.47
10/26/2022,9:45:00 AM,0,62.5287,7.472
10/26/2022,10:00:00 AM,0,62.5371,7.472
10/26/2022,10:15:00 AM,0,62.5409,7.471
10/26/2022,10:30:00 AM,0,62.5238,7.472
10/26/2022,10:45:00 AM,0,62.5078,7.471
10/26/2022,11:00:00 AM,0,62.4993,7.47
10/26/2022,11:15:00 AM,0,62.509,7.468
10/26/2022,11:30:00 AM,0,62.5092,7.466
10/26/2022,11:45:00 AM,0,62.4852,7.465
10/26/2022,12:00:00 PM,0,62.4736,7.466