"Wetland","Location","Date","Watertemp_c","Waterlevel","ppm_NOTcorrected","Time_CH4","CH4.ppm.NOT.CORRECTED","N20.ppm.NOT.CORRECTED","Flux_mean","Flux_stdev","Time_Baro","AirPress_kpa","AirTemp_C","AirPress_hpa","CO2_ppm","AirPress_atm","VaporPressure_atm","TotalAir_atm","Total_air_MolperL","CO2_air_MolesPerLiter","CO2_air_gCO2asCPerLiter","Watertemp_K","KH_mol.L.atm","CO2_water_gCO2asCPerLiter","deltaCO2_gCO2asCperM3","Flux_gCO2asCperM2perDay","k_m.d","Sc","K600"
1,1,2022-07-07,5.037,"0.4256698",NA,"10:11",1.7747,0.278822337,0.0366666666666667,0.0233809038890002,"10:07",61.64864,3.662639,616.4864,NA,0.60842479229312,0.00793835153248559,0.600486440760634,0.0264362418871797,1.08388591737437e-05,0.000130066310084924,278.187,0.0623646678226875,NA,NA,0.038016,NA,1398.49914214712,NA
1,1,2022-07-07,5.037,"0.4256698",NA,"10:13",2.192,0.284223155,0.0366666666666667,0.0233809038890002,"10:07",61.64864,3.662639,616.4864,NA,0.60842479229312,0.00793835153248559,0.600486440760634,0.0264362418871797,1.08388591737437e-05,0.000130066310084924,278.187,0.0623646678226875,NA,NA,0.038016,NA,1398.49914214712,NA
1,2,2022-07-07,5.037,"0.4256698",NA,"10:35",1.8163,0.278398919,0.0366666666666667,0.0233809038890002,"10:07",61.64864,3.662639,616.4864,NA,0.60842479229312,0.00793835153248559,0.600486440760634,0.0264362418871797,1.08388591737437e-05,0.000130066310084924,278.187,0.0623646678226875,NA,NA,0.038016,NA,1398.49914214712,NA
1,3,2022-07-07,5.037,"0.4256698",238.8136,"10:52",1.5277,0.288144001,0.0366666666666667,0.0233809038890002,"10:07",61.64864,3.662639,616.4864,358.043963441098,0.60842479229312,0.00793835153248559,0.600486440760634,0.0264362418871797,1.08388591737437e-05,0.000130066310084924,278.187,0.0623646678226875,0.000267951514151071,0.00859916494924871,0.038016,4.42089438036904,1398.49914214712,6.74940697944471
1,1,2022-07-14,6.268,"0.6307873",376.8703,"10:05",2.4611,0.267187681,0.0377777777777778,0.031135902820449,"10:01",61.89142,10.88116,618.9142,565.951266845684,0.61082084468086,0.0130133083778651,0.597807536302995,0.0256494363318479,1.05162688960576e-05,0.000126195226752692,279.418,0.0600387763427771,0.000407748258372713,0.0169040994940653,0.039168,2.31707107579147,1296.26028866482,3.4057270517063
1,2,2022-07-14,6.268,"0.6307873",343.4576,"10:20",2.2427,0.249350339,0.0377777777777778,0.031135902820449,"10:01",61.89142,10.88116,618.9142,515.774959787965,0.61082084468086,0.0130133083778651,0.597807536302995,0.0256494363318479,1.05162688960576e-05,0.000126195226752692,279.418,0.0600387763427771,0.000371597969446974,0.0147336803825261,0.039168,2.65839891887791,1296.26028866482,3.90742485495688
1,2,2022-07-14,6.268,"0.6307873",343.4576,"10:18",2.1309,0.238396227,0.0377777777777778,0.031135902820449,"10:01",61.89142,10.88116,618.9142,515.774959787965,0.61082084468086,0.0130133083778651,0.597807536302995,0.0256494363318479,1.05162688960576e-05,0.000126195226752692,279.418,0.0600387763427771,0.000371597969446974,0.0147336803825261,0.039168,2.65839891887791,1296.26028866482,3.90742485495688
1,3,2022-07-14,6.268,"0.6307873",328.0339,"10:50",2.296,0.256099933,0.0377777777777778,0.031135902820449,"10:01",61.89142,10.88116,618.9142,492.612979248645,0.61082084468086,0.0130133083778651,0.597807536302995,0.0256494363318479,1.05162688960576e-05,0.000126195226752692,279.418,0.0600387763427771,0.000354910565815902,0.0137317890881785,0.039168,2.85235956862454,1296.26028866482,4.19251625276089
1,1,2022-07-25,6.877,"0.3856632",461.8475,"10:00",3.4426,0.293870247,0.05,0.0338061701891407,"9:56",61.83665,15.19226,618.3665,695.264075048485,0.61028030678945,0.0172515004638677,0.593028806325582,0.0250639732839109,1.02762290464035e-05,0.000123314748556841,280.027,0.0589276687703695,0.000491643493468733,0.0217047542787739,0.05184,2.38841681108995,1248.70781257344,3.44560039546723
1,2,2022-07-25,6.877,"0.3856632",381.339,"10:16",3.0019,0.284117217,0.05,0.0338061701891407,"9:56",61.83665,15.19226,618.3665,574.066779867628,0.61028030678945,0.0172515004638677,0.593028806325582,0.0250639732839109,1.02762290464035e-05,0.000123314748556841,280.027,0.0589276687703695,0.000405941004673346,0.016654506406243,0.05184,3.11267105343738,1248.70781257344,4.49043088412567
1,2,2022-07-25,6.877,"0.3856632",381.339,"10:14",2.7289,0.231348417,0.05,0.0338061701891407,"9:56",61.83665,15.19226,618.3665,574.066779867628,0.61028030678945,0.0172515004638677,0.593028806325582,0.0250639732839109,1.02762290464035e-05,0.000123314748556841,280.027,0.0589276687703695,0.000405941004673346,0.016654506406243,0.05184,3.11267105343738,1248.70781257344,4.49043088412567
1,3,2022-07-25,6.877,"0.3856632",382.2881,"10:32",2.6964,0.242923233,0.05,0.0338061701891407,"9:56",61.83665,15.19226,618.3665,575.495552641386,0.61028030678945,0.0172515004638677,0.593028806325582,0.0250639732839109,1.02762290464035e-05,0.000123314748556841,280.027,0.0589276687703695,0.000406951335658468,0.0167140428558827,0.05184,3.10158352751586,1248.70781257344,4.47443569286653
2,1,2022-07-07,4.5814,"0.6275017",227.2034,"12:13",1.7019,0.318631437,0.0125,0.0225198325291921,"12:07",61.7099,8.465256,617.099,339.946010156342,0.6090293815067,0.0110643700556269,0.597965011451073,0.0258762907388426,1.06092792029255e-05,0.000127311350435105,277.7314,0.0632535589204649,0.000258033539798414,0.00826864370710418,0.01296,1.56736708692202,1438.48701362701,2.42687870196265
2,2,2022-07-07,4.5814,"0.6275017",224.2373,"12:22",1.7097,0.299494989,0.0125,0.0225198325291921,"12:07",61.7099,8.465256,617.099,335.508075421541,0.6090293815067,0.0110643700556269,0.597965011451073,0.0258762907388426,1.06092792029255e-05,0.000127311350435105,277.7314,0.0632535589204649,0.000254664957803619,0.00805556890741803,0.01296,1.6088249196237,1438.48701362701,2.4910711505937
2,2,2022-07-07,4.5814,"0.6275017",224.2373,"12:28",1.7253,0.322997543,0.0125,0.0225198325291921,"12:07",61.7099,8.465256,617.099,335.508075421541,0.6090293815067,0.0110643700556269,0.597965011451073,0.0258762907388426,1.06092792029255e-05,0.000127311350435105,277.7314,0.0632535589204649,0.000254664957803619,0.00805556890741803,0.01296,1.6088249196237,1438.48701362701,2.4910711505937
2,3,2022-07-07,4.5814,"0.6275017",NA,"12:38",1.5251,0.258527169,0.0125,0.0225198325291921,"12:07",61.7099,8.465256,617.099,NA,0.6090293815067,0.0110643700556269,0.597965011451073,0.0258762907388426,1.06092792029255e-05,0.000127311350435105,277.7314,0.0632535589204649,NA,NA,0.01296,NA,1438.48701362701,NA
2,1,2022-07-14,7.0384,"0.6649834",261.3559,"11:34",1.6603,0.229771533,0.0355555555555556,0.0642477842246546,"11:32",61.92754,7.014243,619.2754,393.308859863707,0.61117732137682,0.0100218628800378,0.601155458496782,0.0261490861671113,1.07211253285156e-05,0.000128653503942188,280.1884,0.058637458782696,0.000276751584709527,0.00868409510679127,0.036864,4.24500187373248,1236.43085375244,6.0937857095737
2,2,2022-07-14,7.0384,"0.6649834",316.7627,"11:50",2.4221,0.233556659,0.0355555555555556,0.0642477842246546,"11:32",61.92754,7.014243,619.2754,476.689358779922,0.61117732137682,0.0100218628800378,0.601155458496782,0.0261490861671113,1.07211253285156e-05,0.000128653503942188,280.1884,0.058637458782696,0.00033542223153129,0.0121243927415565,0.036864,3.04048217389464,1236.43085375244,4.36467341419609
2,3,2022-07-14,7.0384,"0.6649834",342.0169,"12:08",2.699,0.23176898,0.0355555555555556,0.0642477842246546,"11:32",61.92754,7.014243,619.2754,514.693859955408,0.61117732137682,0.0100218628800378,0.601155458496782,0.0261490861671113,1.07211253285156e-05,0.000128653503942188,280.1884,0.058637458782696,0.000362164079986103,0.0136924667780987,0.036864,2.69228332611071,1236.43085375244,3.86482695338639
2,3,2022-07-14,7.0384,"0.6649834",342.0169,"12:10",2.5729,0.207523405,0.0355555555555556,0.0642477842246546,"11:32",61.92754,7.014243,619.2754,514.693859955408,0.61117732137682,0.0100218628800378,0.601155458496782,0.0261490861671113,1.07211253285156e-05,0.000128653503942188,280.1884,0.058637458782696,0.000362164079986103,0.0136924667780987,0.036864,2.69228332611071,1236.43085375244,3.86482695338639
2,1,2022-07-25,7.1794,"0.6605638",290.4068,"11:17",2.7523,0.242923233,0.0114285714285714,0.02911389784311,"11:12",61.90392,17.12641,619.0392,437.319714405529,0.61094421009336,0.019517831639232,0.591426378454128,0.0248296944266794,1.01801747149385e-05,0.000122162096579262,280.3294,0.0583853711820644,0.000306396886209615,0.0107566165772177,0.0118491428571429,1.10156783706869,1225.81568189443,1.57452009761165
2,2,2022-07-25,7.1794,"0.6605638",330.9153,"11:30",3.1436,0.219058269,0.0114285714285714,0.02911389784311,"11:12",61.90392,17.12641,619.0392,498.320922541828,0.61094421009336,0.019517831639232,0.591426378454128,0.0248296944266794,1.01801747149385e-05,0.000122162096579262,280.3294,0.0583853711820644,0.000349135824364721,0.0132519453453308,0.0118491428571429,0.89414365577034,1225.81568189443,1.27803945321124
2,2,2022-07-25,7.1794,"0.6605638",330.9153,"11:28",3.1956,0.272368,0.0114285714285714,0.02911389784311,"11:12",61.90392,17.12641,619.0392,498.320922541828,0.61094421009336,0.019517831639232,0.591426378454128,0.0248296944266794,1.01801747149385e-05,0.000122162096579262,280.3294,0.0583853711820644,0.000349135824364721,0.0132519453453308,0.0118491428571429,0.89414365577034,1225.81568189443,1.27803945321124
2,3,2022-07-25,7.1794,"0.6605638",292.1864,"11:49",3.024,0.235555201,0.0114285714285714,0.02911389784311,"11:12",61.90392,17.12641,619.0392,439.999590234043,0.61094421009336,0.019517831639232,0.591426378454128,0.0248296944266794,1.01801747149385e-05,0.000122162096579262,280.3294,0.0583853711820644,0.00030827447274925,0.0108662401642608,0.0118491428571429,1.09045471828562,1225.81568189443,1.55863562070314
3,1,2022-07-07,4.2688,"0.1804397",NA,"13:02",2.5248,0.30629312,0.00428571428571429,0.0320713490294909,"12:56",61.66913,11.88605,616.6913,NA,0.60862701287729,0.0139091319713111,0.594717880905979,0.0254269127411096,1.04250342238549e-05,0.000125100410686259,277.4188,0.0638724873851398,NA,NA,0.00444342857142857,NA,1466.61515171293,NA
3,1,2022-07-07,4.2688,"0.1804397",NA,"13:01",1.7097,0.23913298,0.00428571428571429,0.0320713490294909,"12:56",61.66913,11.88605,616.6913,NA,0.60862701287729,0.0139091319713111,0.594717880905979,0.0254269127411096,1.04250342238549e-05,0.000125100410686259,277.4188,0.0638724873851398,NA,NA,0.00444342857142857,NA,1466.61515171293,NA
3,2,2022-07-07,4.2688,"0.1804397",263.2203,"13:13",1.6304,0.268244577,0.00428571428571429,0.0320713490294909,"12:56",61.66913,11.88605,616.6913,393.592696773399,0.60862701287729,0.0139091319713111,0.594717880905979,0.0254269127411096,1.04250342238549e-05,0.000125100410686259,277.4188,0.0638724873851398,0.000301676934714505,0.011278381803506,0.00444342857142857,0.393977491526958,1466.61515171293,0.615961927334622
3,3,2022-07-07,4.2688,"0.1804397",275.5085,"13:33",1.8904,0.27607058,0.00428571428571429,0.0320713490294909,"12:56",61.66913,11.88605,616.6913,411.967213391194,0.60862701287729,0.0139091319713111,0.594717880905979,0.0254269127411096,1.04250342238549e-05,0.000125100410686259,277.4188,0.0638724873851398,0.000315760447685043,0.0121779308080551,0.00444342857142857,0.364875498265228,1466.61515171293,0.57046257713241
3,1,2022-07-14,6.0436,"0.1835193",342.9115,"12:40",3.414,0.295037277,0.045,0.0327108544675923,"12:36",61.90788,9.848541,619.0788,514.507715033839,0.61098329225604,0.0121460952980288,0.598837196958011,0.0257873669160948,1.05728204355989e-05,0.000126873845227187,279.1936,0.0604546927410207,0.000373252869903064,0.0148947682346125,0.046656,3.13237502357241,1314.2795151859,4.63598472827174
3,2,2022-07-14,6.0436,"0.1835193",401.7627,"12:44",3.3373,0.285176673,0.045,0.0327108544675923,"12:36",61.90788,9.848541,619.0788,602.808621941304,0.61098329225604,0.0121460952980288,0.598837196958011,0.0257873669160948,1.05728204355989e-05,0.000126873845227187,279.1936,0.0604546927410207,0.000437311320253196,0.0187674021679957,0.046656,2.48601269277232,1314.2795151859,3.67935409753013
3,3,2022-07-14,6.0436,"0.1835193",401.5932,"12:52",2.9655,0.2538845,0.045,0.0327108544675923,"12:36",61.90788,9.848541,619.0788,602.554302509911,0.61098329225604,0.0121460952980288,0.598837196958011,0.0257873669160948,1.05728204355989e-05,0.000126873845227187,279.1936,0.0604546927410207,0.0004371268226162,0.0187562484200396,0.046656,2.48749104592534,1314.2795151859,3.68154209308903
3,3,2022-07-14,6.0436,"0.1835193",401.5932,"12:55",3.1553,0.227984833,0.045,0.0327108544675923,"12:36",61.90788,9.848541,619.0788,602.554302509911,0.61098329225604,0.0121460952980288,0.598837196958011,0.0257873669160948,1.05728204355989e-05,0.000126873845227187,279.1936,0.0604546927410207,0.0004371268226162,0.0187562484200396,0.046656,2.48749104592534,1314.2795151859,3.68154209308903
3,1,2022-07-25,6.8564,"0.1738215",487.6102,"12:36",5.1521,0.26074408,0.096,0.0403319558993445,"12:04",61.81431,11.20151,618.1431,734.15371135997,0.61005982812423,0.0132932044444419,0.596766623679788,0.0255759287955972,1.04861308061949e-05,0.000125833569674338,280.0064,0.058964836564192,0.000519471043240027,0.0232107692943423,0.0995328,4.28821633345266,1250.28448718872,6.19021143027924
3,1,2022-07-25,6.8564,"0.1738215",487.6102,"12:34",4.6893,0.225568269,0.096,0.0403319558993445,"12:04",61.81431,11.20151,618.1431,734.15371135997,0.61005982812423,0.0132932044444419,0.596766623679788,0.0255759287955972,1.04861308061949e-05,0.000125833569674338,280.0064,0.058964836564192,0.000519471043240027,0.0232107692943423,0.0995328,4.28821633345266,1250.28448718872,6.19021143027924
3,2,2022-07-25,6.8564,"0.1738215",536.339,"12:44",4.7257,0.284752871,0.096,0.0403319558993445,"12:04",61.81431,11.20151,618.1431,807.520571548944,0.61005982812423,0.0132932044444419,0.596766623679788,0.0255759287955972,1.04861308061949e-05,0.000125833569674338,280.0064,0.058964836564192,0.000571383822283277,0.0262717978262205,0.0995328,3.78857970278157,1250.28448718872,5.46896601221607
3,3,2022-07-25,6.8564,"0.1738215",538.5543,"12:45",4.428,0.255888909,0.096,0.0403319558993445,"12:04",61.81431,11.20151,618.1431,810.855962639564,0.61005982812423,0.0132932044444419,0.596766623679788,0.0255759287955972,1.04861308061949e-05,0.000125833569674338,280.0064,0.058964836564192,0.00057374387176971,0.0264109577584715,0.0995328,3.76861759085864,1250.28448718872,5.44014990691983
4,1,2022-06-29,6.3494,"0.4427526",588.9661,"9:19",51.9199,0.207418631,0.155714285714286,0.0269920623252731,"9:45",62.18753,5.3432,621.8753,882.217653403898,0.61374322326449,0.00892949324086132,0.604813730023629,0.0264660710196057,1.08510891180383e-05,0.00013021306941646,279.4994,0.0598887770751103,0.000634019236517196,0.0301723352305617,0.161444571428571,5.35074829955632,1289.79065396687,7.8451004686546
4,1,2022-06-29,6.3494,"0.4427526",588.9661,"9:19",55.5991,0.2223125,0.155714285714286,0.0269920623252731,"9:45",62.18753,5.3432,621.8753,882.217653403898,0.61374322326449,0.00892949324086132,0.604813730023629,0.0264660710196057,1.08510891180383e-05,0.00013021306941646,279.4994,0.0598887770751103,0.000634019236517196,0.0301723352305617,0.161444571428571,5.35074829955632,1289.79065396687,7.8451004686546
4,2,2022-06-29,6.3494,"0.4427526",NA,"9:30",56.1607,0.1908845,0.155714285714286,0.0269920623252731,"9:45",62.18753,5.3432,621.8753,NA,0.61374322326449,0.00892949324086132,0.604813730023629,0.0264660710196057,1.08510891180383e-05,0.00013021306941646,279.4994,0.0598887770751103,NA,NA,0.161444571428571,NA,1289.79065396687,NA
4,3,2022-06-29,6.3494,"0.4427526",NA,"9:38",61.9327,0.240922563,0.155714285714286,0.0269920623252731,"9:45",62.18753,5.3432,621.8753,NA,0.61374322326449,0.00892949324086132,0.604813730023629,0.0264660710196057,1.08510891180383e-05,0.00013021306941646,279.4994,0.0598887770751103,NA,NA,0.161444571428571,NA,1289.79065396687,NA
4,1,2022-07-15,7.5214,"0.4606246",593.6271,"13:00",87.2179,0.216330099,0.068,0.0216794833886788,"12:53",62.4924,20.84094,624.924,889.93878976558,0.6167520563292,0.024612847073176,0.592139209256024,0.0245455235485817,1.00636646549185e-05,0.000120763975859022,280.6714,0.0577794568032491,0.000617042158329553,0.028674683806451,0.0705024,2.45869842805865,1200.49020087813,3.47783479421566
4,2,2022-07-15,7.5214,"0.4606246",664.7288,"13:05",85.4215,0.226198595,0.068,0.0216794833886788,"12:53",62.4924,20.84094,624.924,996.531229444084,0.6167520563292,0.024612847073176,0.592139209256024,0.0245455235485817,1.00636646549185e-05,0.000120763975859022,280.6714,0.0577794568032491,0.000690948397497037,0.0329449461599193,0.0705024,2.1400065326491,1200.49020087813,3.02704434759507
4,2,2022-07-15,7.5214,"0.4606246",664.7288,"13:06",81.6271,0.204799811,0.068,0.0216794833886788,"12:53",62.4924,20.84094,624.924,996.531229444084,0.6167520563292,0.024612847073176,0.592139209256024,0.0245455235485817,1.00636646549185e-05,0.000120763975859022,280.6714,0.0577794568032491,0.000690948397497037,0.0329449461599193,0.0705024,2.1400065326491,1200.49020087813,3.02704434759507
4,3,2022-07-15,7.5214,"0.4606246",653.7966,"13:23",86.8951,0.243555143,0.068,0.0216794833886788,"12:53",62.4924,20.84094,624.924,980.142171671157,0.6167520563292,0.024612847073176,0.592139209256024,0.0245455235485817,1.00636646549185e-05,0.000120763975859022,280.6714,0.0577794568032491,0.000679584987229396,0.0322883744872225,0.0705024,2.18352274215291,1200.49020087813,3.0885981297904
4,1,2022-07-22,5.9416,"0.4609856	",395.8305,"10:53",44.3455,0.220842657,0.0625,0.0315096357144468,"10:50",62.41354,8.4494,624.1354,590.884522117583,0.61597376861482,0.0110524801567009,0.604921288458119,0.0261787900858634,1.0733303935204e-05,0.000128799647222448,279.0916,0.0606449194914157,0.000430009731270534,0.0182668612970987,0.0648,3.54740745802302,1322.55991257639,5.26675513064248
4,1,2022-07-22,5.9416,"0.4609856	",395.8305,"10:54",40.3567,0.261377613,0.0625,0.0315096357144468,"10:50",62.41354,8.4494,624.1354,590.884522117583,0.61597376861482,0.0110524801567009,0.604921288458119,0.0261787900858634,1.0733303935204e-05,0.000128799647222448,279.0916,0.0606449194914157,0.000430009731270534,0.0182668612970987,0.0648,3.54740745802302,1322.55991257639,5.26675513064248
4,2,2022-07-22,5.9416,"0.4609856	",492.6102,"11:12",37.2163,0.221892513,0.0625,0.0315096357144468,"10:50",62.41354,8.4494,624.1354,735.354508096892,0.61597376861482,0.0110524801567009,0.604921288458119,0.0261787900858634,1.0733303935204e-05,0.000128799647222448,279.0916,0.0606449194914157,0.000535146179294228,0.0246428527231091,0.0648,2.62956568900942,1322.55991257639,3.90405634194332
4,3,2022-07-22,5.9416,"0.4609856	",492.3559,"11:18",36.6823,0.255255875,0.0625,0.0315096357144468,"10:50",62.41354,8.4494,624.1354,734.974896283314,0.61597376861482,0.0110524801567009,0.604921288458119,0.0261787900858634,1.0733303935204e-05,0.000128799647222448,279.0916,0.0606449194914157,0.000534869920959759,0.0246260990586563,0.0648,2.63135463906217,1322.55991257639,3.90671235537856
5,1,2022-06-28,6.9982,"0.4781866",756.207,"10:16",147.4363,0.220842657,0.008,0.0198885785202351,"10:30",62.6334,19.50581,626.334,1130.28031143414,0.6181436181822,0.022661366408908,0.595482251773292,0.024796712051133,1.01666519409645e-05,0.000121999823291574,280.1482,0.058709576401442,0.000796299339590257,0.0395878389695929,0.0082944,0.209518888019395,1239.47607160758,0.301138739916262
5,2,2022-06-28,6.9982,"0.4781866",681.6663,"10:19",137.3887,0.253779021,0.008,0.0198885785202351,"10:30",62.6334,19.50581,626.334,1018.86652445449,0.6181436181822,0.022661366408908,0.595482251773292,0.024796712051133,1.01666519409645e-05,0.000121999823291574,280.1482,0.058709576401442,0.00071780666472399,0.0349795672775782,0.0082944,0.237121286669452,1239.47607160758,0.340811304173928
5,3,2022-06-28,6.9982,"0.4781866",669.4746,"10:23",117.5683,0.24913952,0.008,0.0198885785202351,"10:30",62.6334,19.50581,626.334,1000.64394985136,0.6181436181822,0.022661366408908,0.595482251773292,0.024796712051133,1.01666519409645e-05,0.000121999823291574,280.1482,0.058709576401442,0.000704968589093267,0.0342258492954888,0.0082944,0.242343146210641,1239.47607160758,0.348316614158715
5,1,2022-07-19,6.8972,"0.6035418",459.2203,"9:42",49.1827,0.278293069,0.0866666666666667,0.0115470053837925,"10:12",62.8534,11.40702,628.534,684.730071954342,0.6203148494422,0.0134755416019847,0.606839307840215,0.0259888359421024,1.0655422736262e-05,0.000127865072835144,280.0472,0.0588912507365633,0.000483895324251938,0.0209670668059881,0.089856,4.28557798911279,1247.16389601601,6.17867771498296
5,2,2022-07-19,6.8972,"0.6035418",NA,"9:46",54.0199,0.291112583,0.0866666666666667,0.0115470053837925,"10:12",62.8534,11.40702,628.534,NA,0.6203148494422,0.0134755416019847,0.606839307840215,0.0259888359421024,1.0655422736262e-05,0.000127865072835144,280.0472,0.0588912507365633,NA,NA,0.089856,NA,1247.16389601601,NA
5,3,2022-07-19,6.8972,"0.6035418",NA,"9:56",44.4991,0.258949383,0.0866666666666667,0.0115470053837925,"10:12",62.8534,11.40702,628.534,NA,0.6203148494422,0.0134755416019847,0.606839307840215,0.0259888359421024,1.0655422736262e-05,0.000127865072835144,280.0472,0.0588912507365633,NA,NA,0.089856,NA,1247.16389601601,NA
5,3,2022-07-19,6.8972,"0.6035418",NA,"9:54",43.4527,0.190989021,0.0866666666666667,0.0115470053837925,"10:12",62.8534,11.40702,628.534,NA,0.6203148494422,0.0134755416019847,0.606839307840215,0.0259888359421024,1.0655422736262e-05,0.000127865072835144,280.0472,0.0588912507365633,NA,NA,0.089856,NA,1247.16389601601,NA
5,1,2022-07-27,8.6206,"0.6126563",843.4407,"11:28",94.2415,0.243976449,0.12125,0.0299702233177246,"11:18",62.87624,9.110594,628.7624,1264.23080571097,0.62054026272392,0.0115579633728949,0.608982299351025,0.026292800480432,1.07800481969771e-05,0.000129360578363725,281.7706,0.0558838676539539,0.000847801284364839,0.0401492453313794,0.125712,3.131117383712,1123.03630269808,4.2837155202667
5,2,2022-07-27,8.6206,"0.6126563",694.8136,"11:34",121.9675,0.279457511,0.12125,0.0299702233177246,"11:18",62.87624,9.110594,628.7624,1041.45407892569,0.62054026272392,0.0115579633728949,0.608982299351025,0.026292800480432,1.07800481969771e-05,0.000129360578363725,281.7706,0.0558838676539539,0.000698405782972244,0.0318004469034596,0.125712,3.95315199127984,1123.03630269808,5.40834994788437
5,2,2022-07-27,8.6206,"0.6126563",694.8136,"11:32",121.6711,0.259477187,0.12125,0.0299702233177246,"11:18",62.87624,9.110594,628.7624,1041.45407892569,0.62054026272392,0.0115579633728949,0.608982299351025,0.026292800480432,1.07800481969771e-05,0.000129360578363725,281.7706,0.0558838676539539,0.000698405782972244,0.0318004469034596,0.125712,3.95315199127984,1123.03630269808,5.40834994788437
5,3,2022-07-27,8.6206,"0.6126563",642.0169,"11:49",93.0703,0.229456199,0.12125,0.0299702233177246,"11:18",62.87624,9.110594,628.7624,962.317259253742,0.62054026272392,0.0115579633728949,0.608982299351025,0.026292800480432,1.07800481969771e-05,0.000129360578363725,281.7706,0.0558838676539539,0.000645336124287021,0.0288347091210541,0.125712,4.35974573116847,1123.03630269808,5.96461523613726
6,1,2022-06-30,7.0788,"0.3758655",442.4407,"9:50",36.0283,0.18200608,0.0825,0.0291547594742265,"9:33",62.31554,6.731376,623.1554,663.468201732919,0.61500658378082,0.00982904996668031,0.60517753381414,0.0263506434227042,1.08037638033087e-05,0.000129645165639705,280.2288,0.0585650924269187,0.00046627291868172,0.0197146354703716,0.085536,4.33870563463114,1233.37888734818,6.22060772920452
6,2,2022-06-30,7.0788,"0.3758655",NA,"9:53",15.0043,0.194648257,0.0825,0.0291547594742265,"9:33",62.31554,6.731376,623.1554,NA,0.61500658378082,0.00982904996668031,0.60517753381414,0.0263506434227042,1.08037638033087e-05,0.000129645165639705,280.2288,0.0585650924269187,NA,NA,0.085536,NA,1233.37888734818,NA
6,2,2022-06-30,7.0788,"0.3758655",NA,"9:55",15.9943,0.209933639,0.0825,0.0291547594742265,"9:33",62.31554,6.731376,623.1554,NA,0.61500658378082,0.00982904996668031,0.60517753381414,0.0263506434227042,1.08037638033087e-05,0.000129645165639705,280.2288,0.0585650924269187,NA,NA,0.085536,NA,1233.37888734818,NA
6,3,2022-06-30,7.0788,"0.3758655",NA,"10:02",19.5607,0.208571229,0.0825,0.0291547594742265,"9:33",62.31554,6.731376,623.1554,NA,0.61500658378082,0.00982904996668031,0.60517753381414,0.0263506434227042,1.08037638033087e-05,0.000129645165639705,280.2288,0.0585650924269187,NA,NA,0.085536,NA,1233.37888734818,NA
6,1,2022-07-11,6.2272,"0.4020817",430.7458,"10:15",15.2371,0.238290983,0.0683333333333333,0.0278687399547713,"9:44",62.67683,12.1597,626.7683,641.984067096303,0.61857223897139,0.0141622964665541,0.604409942504836,0.0258165075150427,1.05847680811675e-05,0.00012701721697401,279.3772,0.0601141345067218,0.000463107798727194,0.0202037944379532,0.070848,3.50666802800718,1299.51638609527,5.16071538825594
6,1,2022-07-11,6.2272,"0.4020817",430.7458,"10:16",17.3899,0.243239181,0.0683333333333333,0.0278687399547713,"9:44",62.67683,12.1597,626.7683,641.984067096303,0.61857223897139,0.0141622964665541,0.604409942504836,0.0258165075150427,1.05847680811675e-05,0.00012701721697401,279.3772,0.0601141345067218,0.000463107798727194,0.0202037944379532,0.070848,3.50666802800718,1299.51638609527,5.16071538825594
6,2,2022-07-11,6.2272,"0.4020817",NA,"10:18",16.4911,0.245345869,0.0683333333333333,0.0278687399547713,"9:44",62.67683,12.1597,626.7683,NA,0.61857223897139,0.0141622964665541,0.604409942504836,0.0258165075150427,1.05847680811675e-05,0.00012701721697401,279.3772,0.0601141345067218,NA,NA,0.070848,NA,1299.51638609527,NA
6,3,2022-07-11,6.2272,"0.4020817",NA,"10:28",6.7303,0.235765607,0.0683333333333333,0.0278687399547713,"9:44",62.67683,12.1597,626.7683,NA,0.61857223897139,0.0141622964665541,0.604409942504836,0.0258165075150427,1.05847680811675e-05,0.00012701721697401,279.3772,0.0601141345067218,NA,NA,0.070848,NA,1299.51638609527,NA
6,1,2022-07-19,5.5728,"0.4002211",394.0508,"12:58",7.6546,0.27342568,0.04,0.02,"12:34",62.60229,8.528594,626.0229,586.486920132171,0.61783658634357,0.0111119777737706,0.606724608569799,0.0262494490981467,1.07622741302401e-05,0.000129147289562882,278.7228,0.0613389050880053,0.000431693586352125,0.0185578585834829,0.041472,2.23474059862227,1352.97275893823,3.35579961564249
6,2,2022-07-19,5.5728,"0.4002211",434.8983,"12:39",8.9078,0.268561677,0.04,0.02,"12:34",62.60229,8.528594,626.0229,647.282443120829,0.61783658634357,0.0111119777737706,0.606724608569799,0.0262494490981467,1.07622741302401e-05,0.000129147289562882,278.7228,0.0613389050880053,0.000476443156124648,0.0213027481964887,0.041472,1.94679107209443,1352.97275893823,2.92340002929126
6,2,2022-07-19,5.5728,"0.4002211",434.8983,"12:53",8.8584,0.199146573,0.04,0.02,"12:34",62.60229,8.528594,626.0229,647.282443120829,0.61783658634357,0.0111119777737706,0.606724608569799,0.0262494490981467,1.07622741302401e-05,0.000129147289562882,278.7228,0.0613389050880053,0.000476443156124648,0.0213027481964887,0.041472,1.94679107209443,1352.97275893823,2.92340002929126
6,3,2022-07-19,5.5728,"0.4002211",393.1186,"13:07",18.0451,0.262961697,0.04,0.02,"12:34",62.60229,8.528594,626.0229,585.099476921937,0.61783658634357,0.0111119777737706,0.606724608569799,0.0262494490981467,1.07622741302401e-05,0.000129147289562882,278.7228,0.0613389050880053,0.000430672335383475,0.0184952161672458,0.041472,2.24230955858981,1352.97275893823,3.36716554910498
7,1,2022-06-30,6.7146,"0.3521116",728.7119,"11:18",14.6131,0.237449089,0.0444444444444444,0.0296273147243853,"10:51",62.57962,9.880264,625.7962,1088.76021997989,0.61761285083146,0.0121719587628384,0.605440892068622,0.0260688156669391,1.0688214423445e-05,0.000128258573081341,279.8646,0.059221466915002,0.000773735728150912,0.0382261039833422,0.04608,1.20545897170374,1261.1975722405,1.74770597672419
7,1,2022-06-30,6.7146,"0.3521116",728.7119,"11:15",16.0939,0.20291488,0.0444444444444444,0.0296273147243853,"10:51",62.57962,9.880264,625.7962,1088.76021997989,0.61761285083146,0.0121719587628384,0.605440892068622,0.0260688156669391,1.0688214423445e-05,0.000128258573081341,279.8646,0.059221466915002,0.000773735728150912,0.0382261039833422,0.04608,1.20545897170374,1261.1975722405,1.74770597672419
7,2,2022-06-30,6.7146,"0.3521116",779.3898,"11:21",9.4642,0.220422759,0.0444444444444444,0.0296273147243853,"10:51",62.57962,9.880264,625.7962,1164.47749803191,0.61761285083146,0.0121719587628384,0.605440892068622,0.0260688156669391,1.0688214423445e-05,0.000128258573081341,279.8646,0.059221466915002,0.000827544787475536,0.0414127554098628,0.04608,1.11270065331189,1261.1975722405,1.61322253825826
7,3,2022-06-30,6.7146,"0.3521116",253.8136,"11:25",10.3015,0.245661927,0.0444444444444444,0.0296273147243853,"10:51",62.57962,9.880264,625.7962,379.220033280488,0.61761285083146,0.0121719587628384,0.605440892068622,0.0260688156669391,1.0688214423445e-05,0.000128258573081341,279.8646,0.059221466915002,0.000269495599853117,0.00836426390813799,0.04608,5.50915185198384,1261.1975722405,7.98731258749102
7,1,2022-07-11,6.451,"0.3808888",268.9831,"13:02",6.7121,0.262750465,0.04,0.05,"12:09",62.76471,21.31306,627.6471,400.8431212915,0.61943954716743,0.0253373237514143,0.594102223416016,0.0245874100543725,1.00808381222927e-05,0.000120970057467513,279.601,0.0597022020867901,0.000287174604389338,0.00992277744807018,0.041472,4.17947497230885,1281.76507850222,6.10872143568661
7,2,2022-07-11,6.451,"0.3808888",225.1695,"12:57",5.6019,0.236922957,0.04,0.05,"12:09",62.76471,21.31306,627.6471,335.551360660378,0.61943954716743,0.0253373237514143,0.594102223416016,0.0245874100543725,1.00808381222927e-05,0.000120970057467513,279.601,0.0597022020867901,0.000240397861735719,0.00713010290520204,0.041472,5.81646584227312,1281.76507850222,8.50134761089488
7,2,2022-07-11,6.451,"0.3808888",225.1695,"13:00",6.2961,0.250509959,0.04,0.05,"12:09",62.76471,21.31306,627.6471,335.551360660378,0.61943954716743,0.0253373237514143,0.594102223416016,0.0245874100543725,1.00808381222927e-05,0.000120970057467513,279.601,0.0597022020867901,0.000240397861735719,0.00713010290520204,0.041472,5.81646584227312,1281.76507850222,8.50134761089488
7,3,2022-07-11,6.451,"0.3808888",240.8475,"12:54",8.1304,0.25704962,0.04,0.05,"12:09",62.76471,21.31306,627.6471,358.914978878802,0.61943954716743,0.0253373237514143,0.594102223416016,0.0245874100543725,1.00808381222927e-05,0.000120970057467513,279.601,0.0597022020867901,0.000257136175211978,0.00812941707895372,0.041472,5.10147278669795,1281.76507850222,7.45631362124372
7,1,2022-07-19,5.5318,"0.3842009",452.1017,"11:44",23.9395,0.273531457,0.09,0.0525991127935317,"11:38",62.74971,10.54945,627.4971,671.857954302036,0.61929150867243,0.0127289699701279,0.606562538702302,0.0260555064001035,1.06827576240424e-05,0.000128193091488509,278.6818,0.0614166595157959,0.000495159254668167,0.022537835897823,0.093312,4.14023779492569,1356.3999738744,6.22506007223677
7,2,2022-07-19,5.5318,"0.3842009",491.1695,"11:52",5.845,0.24703168,0.09,0.0525991127935317,"11:38",62.74971,10.54945,627.4971,729.915714728685,0.61929150867243,0.0127289699701279,0.606562538702302,0.0260555064001035,1.06827576240424e-05,0.000128193091488509,278.6818,0.0614166595157959,0.000537947819120645,0.0251657665919706,0.093312,3.70789420059917,1356.3999738744,5.57500928292511
7,2,2022-07-19,5.5318,"0.3842009",491.1695,"11:55",6.2038,0.254728391,0.09,0.0525991127935317,"11:38",62.74971,10.54945,627.4971,729.915714728685,0.61929150867243,0.0127289699701279,0.606562538702302,0.0260555064001035,1.06827576240424e-05,0.000128193091488509,278.6818,0.0614166595157959,0.000537947819120645,0.0251657665919706,0.093312,3.70789420059917,1356.3999738744,5.57500928292511
7,3,2022-07-19,5.5318,"0.3842009",452.1864,"12:05",7.7027,0.339634631,0.09,0.0525991127935317,"11:38",62.74971,10.54945,627.4971,671.983825026984,0.61929150867243,0.0127289699701279,0.606562538702302,0.0260555064001035,1.06827576240424e-05,0.000128193091488509,278.6818,0.0614166595157959,0.000495252021381653,0.0225435333194796,0.093312,4.13919143364143,1356.3999738744,6.22348681432877
8,1,2022-07-05,6.978,"0.4748195",9397.932,"10:02",65.0347,0.349357581,1.5275,0.928358766856866,"9:44",63.75624,5.008009,637.5624,13896.1843558478,0.62922518776392,0.00872350802596291,0.620501679737957,0.0271852805819891,1.11459650386155e-05,0.000133751580463386,280.128,0.0587458559063985,0.00979611892580863,0.567624039784342,1.583712,2.79007210582853,1241.0094088503,4.01261358440873
8,1,2022-07-05,6.978,"0.4748195",9397.932,"9:58",79.7011,0.31799272,1.5275,0.928358766856866,"9:44",63.75624,5.008009,637.5624,13896.1843558478,0.62922518776392,0.00872350802596291,0.620501679737957,0.0271852805819891,1.11459650386155e-05,0.000133751580463386,280.128,0.0587458559063985,0.00979611892580863,0.567624039784342,1.583712,2.79007210582853,1241.0094088503,4.01261358440873
8,2,2022-07-05,6.978,"0.4748195",7530.305,"10:12",58.7815,0.33717928,1.5275,0.928358766856866,"9:44",63.75624,5.008009,637.5624,11134.6311652141,0.62922518776392,0.00872350802596291,0.620501679737957,0.0271852805819891,1.11459650386155e-05,0.000133751580463386,280.128,0.0587458559063985,0.00784936125603073,0.453260094230893,1.583712,3.49404684012012,1241.0094088503,5.02505286008118
8,3,2022-07-05,6.978,"0.4748195",3354.39,"10:16",38.7535,0.252618855,1.5275,0.928358766856866,"9:44",63.75624,5.008009,637.5624,4959.94457519084,0.62922518776392,0.00872350802596291,0.620501679737957,0.0271852805819891,1.11459650386155e-05,0.000133751580463386,280.128,0.0587458559063985,0.00349651427181461,0.197548372513532,1.583712,8.01683142133463,1241.0094088503,11.5296112232947
8,1,2022-07-08,7.079,"0.4653909",10517.98,"10:25",38.5051,0.381290307,1.04,0.383822875816437,"10:07",63.84128,7.988405,638.4128,15544.6215378286,0.63006446733824,0.0107116848637294,0.61935278247451,0.0268472831862542,1.10073861063642e-05,0.00013208863327637,280.229,0.0585647344517529,0.0109243995901912,0.632048825312459,1.078272,1.70599478523981,1233.36379952781,2.44595055085195
8,1,2022-07-08,7.079,"0.4653909",10517.98,"10:22",40.7515,0.381182913,1.04,0.383822875816437,"10:07",63.84128,7.988405,638.4128,15544.6215378286,0.63006446733824,0.0107116848637294,0.61935278247451,0.0268472831862542,1.10073861063642e-05,0.00013208863327637,280.229,0.0585647344517529,0.0109243995901912,0.632048825312459,1.078272,1.70599478523981,1233.36379952781,2.44595055085195
8,2,2022-07-08,7.079,"0.4653909",7493.119,"10:32",34.8931,0.347540199,1.04,0.383822875816437,"10:07",63.84128,7.988405,638.4128,11074.1510245231,0.63006446733824,0.0107116848637294,0.61935278247451,0.0268472831862542,1.10073861063642e-05,0.00013208863327637,280.229,0.0585647344517529,0.00778265656835759,0.448053479523127,1.078272,2.40656986114164,1233.36379952781,3.45039206945505
8,3,2022-07-08,7.079,"0.4653909",6369.29,"10:37",84.3163,0.300769139,1.04,0.383822875816437,"10:07",63.84128,7.988405,638.4128,9413.23357856514,0.63006446733824,0.0107116848637294,0.61935278247451,0.0268472831862542,1.10073861063642e-05,0.00013208863327637,280.229,0.0585647344517529,0.00661540229833189,0.379693543161397,1.078272,2.83984813389797,1233.36379952781,4.07159984751491
8,1,2022-07-18,7.079,"0.6151322",5026.119,"10:05",48.8143,0.250299105,0.95,0.354870868532954,"10:08",63.78435,8.677213,637.8435,7432.20982903683,0.62950261190355,0.0112243965307499,0.6182782153728,0.0267352005429679,1.09614322226168e-05,0.000131537186671402,280.229,0.0585647344517529,0.005223184740327,0.298190986901757,0.98496,3.30311794542774,1233.36379952781,4.73580765196317
8,2,2022-07-18,7.079,"0.6151322",5242.559,"10:12",103.7839,0.283057921,0.95,0.354870868532954,"10:08",63.78435,8.677213,637.8435,7752.26343210448,0.62950261190355,0.0112243965307499,0.6182782153728,0.0267352005429679,1.09614322226168e-05,0.000131537186671402,280.229,0.0585647344517529,0.00544811099161479,0.311363733079655,0.98496,3.16337419987196,1233.36379952781,4.53545165182908
8,2,2022-07-18,7.079,"0.6151322",5242.559,"10:10",86.4691,0.274906701,0.95,0.354870868532954,"10:08",63.78435,8.677213,637.8435,7752.26343210448,0.62950261190355,0.0112243965307499,0.6182782153728,0.0267352005429679,1.09614322226168e-05,0.000131537186671402,280.229,0.0585647344517529,0.00544811099161479,0.311363733079655,0.98496,3.16337419987196,1233.36379952781,4.53545165182908
8,3,2022-07-18,7.079,"0.6151322",4312.153,"10:14",72.4891,0.251986119,0.95,0.354870868532954,"10:08",63.78435,8.677213,637.8435,6376.45585210192,0.62950261190355,0.0112243965307499,0.6182782153728,0.0267352005429679,1.09614322226168e-05,0.000131537186671402,280.229,0.0585647344517529,0.0044812253246601,0.254738330749247,0.98496,3.86655591682254,1233.36379952781,5.54363041228322
8,1,2022-07-28,7.8822,"x",NA,NA,NA,NA,NA,NA,NA,NA,NA,NA,NA,NA,NA,NA,NA,NA,NA,281.0322,0.0571486224757669,NA,NA,NA,NA,1174.41144699824,NA
8,2,2022-07-28,7.8822,"x",NA,NA,NA,NA,NA,NA,NA,NA,NA,NA,NA,NA,NA,NA,NA,NA,NA,281.0322,0.0571486224757669,NA,NA,NA,NA,1174.41144699824,NA
8,3,2022-07-28,7.8822,"x",NA,NA,NA,NA,NA,NA,NA,NA,NA,NA,NA,NA,NA,NA,NA,NA,NA,281.0322,0.0571486224757669,NA,NA,NA,NA,1174.41144699824,NA
9,1,2022-07-05,7.36585,"0.6305777",4119.288,"10:42",170.1643,0.27131048,0.658,0.232099116758337,"10:37",63.72989,5.397598,637.2989,6099.98970530829,0.62896513347437,0.00896332463875736,0.620001808835613,0.0271253884439029,1.11214092620002e-05,0.000133456911144002,280.51585,0.0580540749169016,0.00424955111213155,0.238956041109155,0.6822144,2.85497866818259,1211.93515956133,4.05757854003751
9,2,2022-07-05,7.36585,"0.6305777",NA,"10:53",190.4779,0.281151591,0.658,0.232099116758337,"10:37",63.72989,5.397598,637.2989,NA,0.62896513347437,0.00896332463875736,0.620001808835613,0.0271253884439029,1.11214092620002e-05,0.000133456911144002,280.51585,0.0580540749169016,NA,NA,0.6822144,NA,1211.93515956133,NA
9,2,2022-07-05,7.36585,"0.6305777",NA,"10:50",158.4691,0.291642819,0.658,0.232099116758337,"10:37",63.72989,5.397598,637.2989,NA,0.62896513347437,0.00896332463875736,0.620001808835613,0.0271253884439029,1.11214092620002e-05,0.000133456911144002,280.51585,0.0580540749169016,NA,NA,0.6822144,NA,1211.93515956133,NA
9,3,2022-07-05,7.36585,"0.6305777",NA,"10:57",198.2323,0.277552161,0.658,0.232099116758337,"10:37",63.72989,5.397598,637.2989,NA,0.62896513347437,0.00896332463875736,0.620001808835613,0.0271253884439029,1.11214092620002e-05,0.000133456911144002,280.51585,0.0580540749169016,NA,NA,0.6822144,NA,1211.93515956133,NA
9,1,2022-07-08,7.28,"0.6314629	",2890.763,"11:32",291.0547,0.279351645,0.3125,0.164595463687997,"11:29",63.80642,8.629661,638.0642,4276.43960404175,0.62972042587586,0.0111883185072039,0.618532107368656,0.0267506927595352,1.09677840314095e-05,0.000131613408376913,280.43,0.0582063298071362,0.00298699024791784,0.166201006045977,0.324,1.94944668331532,1218.30434817536,2.77788097754773
9,1,2022-07-08,7.28,"0.6314629	",2890.763,"11:29",325.0315,0.295886147,0.3125,0.164595463687997,"11:29",63.80642,8.629661,638.0642,4276.43960404175,0.62972042587586,0.0111883185072039,0.618532107368656,0.0267506927595352,1.09677840314095e-05,0.000131613408376913,280.43,0.0582063298071362,0.00298699024791784,0.166201006045977,0.324,1.94944668331532,1218.30434817536,2.77788097754773
9,2,2022-07-08,7.28,"0.6314629	",NA,"11:35",639.3283,0.266764967,0.3125,0.164595463687997,"11:29",63.80642,8.629661,638.0642,NA,0.62972042587586,0.0111883185072039,0.618532107368656,0.0267506927595352,1.09677840314095e-05,0.000131613408376913,280.43,0.0582063298071362,NA,NA,0.324,NA,1218.30434817536,NA
9,3,2022-07-08,7.28,"0.6314629	",NA,"11:39",222.9307,0.298645683,0.3125,0.164595463687997,"11:29",63.80642,8.629661,638.0642,NA,0.62972042587586,0.0111883185072039,0.618532107368656,0.0267506927595352,1.09677840314095e-05,0.000131613408376913,280.43,0.0582063298071362,NA,NA,0.324,NA,1218.30434817536,NA
9,1,2022-07-18,7.582,"0.6193947",3202.695,"9:35",484.9687,0.222627507,0.244285714285714,0.0846280376819926,"9:27",63.80909,11.34625,638.0909,4742.30703037533,0.62974677672797,0.0134213959448294,0.61632538078314,0.0264007298904291,1.08242992550759e-05,0.000129891591060911,280.732,0.0576729036067384,0.00328203139483673,0.181793055058126,0.253275428571429,1.39320739447635,1196.06447736947,1.96705925082647
9,1,2022-07-18,7.582,"0.6193947",3202.695,"9:33",476.9323,0.197053965,0.244285714285714,0.0846280376819926,"9:27",63.80909,11.34625,638.0909,4742.30703037533,0.62974677672797,0.0134213959448294,0.61632538078314,0.0264007298904291,1.08242992550759e-05,0.000129891591060911,280.732,0.0576729036067384,0.00328203139483673,0.181793055058126,0.253275428571429,1.39320739447635,1196.06447736947,1.96705925082647
9,2,2022-07-18,7.582,"0.6193947",NA,"9:39",675.6823,0.165220993,0.244285714285714,0.0846280376819926,"9:27",63.80909,11.34625,638.0909,NA,0.62974677672797,0.0134213959448294,0.61632538078314,0.0264007298904291,1.08242992550759e-05,0.000129891591060911,280.732,0.0576729036067384,NA,NA,0.253275428571429,NA,1196.06447736947,NA
9,3,2022-07-18,7.582,"0.6193947",NA,"9:42",317.2195,0.242607299,0.244285714285714,0.0846280376819926,"9:27",63.80909,11.34625,638.0909,NA,0.62974677672797,0.0134213959448294,0.61632538078314,0.0264007298904291,1.08242992550759e-05,0.000129891591060911,280.732,0.0576729036067384,NA,NA,0.253275428571429,NA,1196.06447736947,NA
9,1,2022-07-28,7.682,"x",NA,NA,NA,NA,NA,NA,NA,NA,NA,NA,NA,NA,NA,NA,NA,NA,NA,280.832,0.0574976028968123,NA,NA,NA,NA,1188.80163325157,NA
9,2,2022-07-28,7.682,"x",NA,NA,NA,NA,NA,NA,NA,NA,NA,NA,NA,NA,NA,NA,NA,NA,NA,280.832,0.0574976028968123,NA,NA,NA,NA,1188.80163325157,NA
9,3,2022-07-28,7.682,"x",NA,NA,NA,NA,NA,NA,NA,NA,NA,NA,NA,NA,NA,NA,NA,NA,NA,280.832,0.0574976028968123,NA,NA,NA,NA,1188.80163325157,NA
10,1,2022-07-05,7.179,"0.6548553",1238.949,"11:43",217.0711,0.223047539,0.296666666666667,0.0665331997326648,"11:25",63.70984,7.503792,637.0984,1833.94702072086,0.62876725535272,0.0103634569260144,0.618403798426706,0.0268524342190615,1.10094980298152e-05,0.000132113976357783,280.329,0.0583860844312034,0.00128492382712994,0.0673080532803063,0.307584,4.56979492066214,1225.84565139997,6.53189178066134
10,2,2022-07-05,7.179,"0.6548553",1888.932,"11:48",238.0063,0.25177522,0.296666666666667,0.0665331997326648,"11:25",63.70984,7.503792,637.0984,2796.08056001037,0.62876725535272,0.0103634569260144,0.618403798426706,0.0268524342190615,1.10094980298152e-05,0.000132113976357783,280.329,0.0583860844312034,0.00195902634783854,0.106666259969686,0.307584,2.88361099458643,1225.84565139997,4.12172434018869
10,2,2022-07-05,7.179,"0.6548553",1888.932,"11:51",248.0119,0.226934049,0.296666666666667,0.0665331997326648,"11:25",63.70984,7.503792,637.0984,2796.08056001037,0.62876725535272,0.0103634569260144,0.618403798426706,0.0268524342190615,1.10094980298152e-05,0.000132113976357783,280.329,0.0583860844312034,0.00195902634783854,0.106666259969686,0.307584,2.88361099458643,1225.84565139997,4.12172434018869
10,3,2022-07-05,7.179,"0.6548553",2716.78,"11:55",83.9179,0.22178752,0.296666666666667,0.0665331997326648,"11:25",63.70984,7.503792,637.0984,4021.49772666511,0.62876725535272,0.0103634569260144,0.618403798426706,0.0268524342190615,1.10094980298152e-05,0.000132113976357783,280.329,0.0583860844312034,0.00281759406970754,0.156794667468635,0.307584,1.96169936749622,1225.84565139997,2.80397877741535
10,1,2022-07-08,7.381,"0.6480597",1371.407,"11:59",187.5559,0.169699907,0.254285714285714,0.0207019667802706,"11:40",63.79533,8.826833,637.9533,2029.6512083078,0.62961097608189,0.0113385843936738,0.618272391688216,0.0267207628618458,1.09555127733568e-05,0.000131466153280281,280.531,0.058027257435367,0.00141330111802177,0.0743813674887087,0.263643428571429,3.54448213944776,1210.81507558377,5.03519247950618
10,2,2022-07-08,7.381,"0.6480597",2052.39,"12:05",21.4807,0.249350339,0.254285714285714,0.0207019667802706,"11:40",63.79533,8.826833,637.9533,3037.49057968849,0.62961097608189,0.0113385843936738,0.618272391688216,0.0267207628618458,1.09555127733568e-05,0.000131466153280281,280.531,0.058027257435367,0.00211508697390103,0.115104076012314,0.263643428571429,2.2904786494548,1210.81507558377,3.25379009301516
10,2,2022-07-08,7.381,"0.6480597",2052.39,"12:08",332.3431,0.22651378,0.254285714285714,0.0207019667802706,"11:40",63.79533,8.826833,637.9533,3037.49057968849,0.62961097608189,0.0113385843936738,0.618272391688216,0.0267207628618458,1.09555127733568e-05,0.000131466153280281,280.531,0.058027257435367,0.00211508697390103,0.115104076012314,0.263643428571429,2.2904786494548,1210.81507558377,3.25379009301516
10,3,2022-07-08,7.381,"0.6480597",2159.169,"12:13",256.4851,0.228405191,0.254285714285714,0.0207019667802706,"11:40",63.79533,8.826833,637.9533,3195.52107418932,0.62961097608189,0.0113385843936738,0.618272391688216,0.0267207628618458,1.09555127733568e-05,0.000131466153280281,280.531,0.058027257435367,0.00222512788814549,0.1214894484716,0.263643428571429,2.1700932211661,1210.81507558377,3.08277391087244
10,1,2022-07-18,8.282,"0.6151322",1568.508,"11:16",720.7015,0.132396935,0.53,0.18,"10:53",63.77594,9.472281,637.7594,2328.41432389736,0.62941961165402,0.0118430075300358,0.617576604123984,0.0266297362624409,1.09181918676008e-05,0.000131018302411209,281.432,0.056459496661095,0.00157753320894875,0.0816695035358803,0.549504,6.72838668302402,1146.26607584175,9.29989482732616
10,2,2022-07-18,8.282,"0.6151322",2633.475,"11:11",472.6219,0.178249293,0.53,0.18,"10:53",63.77594,9.472281,637.7594,3909.3335269094,0.62941961165402,0.0118430075300358,0.617576604123984,0.0266297362624409,1.09181918676008e-05,0.000131018302411209,281.432,0.056459496661095,0.00264862803851577,0.142142978489536,0.549504,3.86585398617106,1146.26607584175,5.3433366991078
10,2,2022-07-18,8.282,"0.6151322",2633.475,"11:09",540.4291,0.147231069,0.53,0.18,"10:53",63.77594,9.472281,637.7594,3909.3335269094,0.62941961165402,0.0118430075300358,0.617576604123984,0.0266297362624409,1.09181918676008e-05,0.000131018302411209,281.432,0.056459496661095,0.00264862803851577,0.142142978489536,0.549504,3.86585398617106,1146.26607584175,5.3433366991078
10,3,2022-07-18,8.282,"0.6151322",2769.068,"11:19",372.9703,0.174911667,0.53,0.18,"10:53",63.77594,9.472281,637.7594,4110.61824042072,0.62941961165402,0.0118430075300358,0.617576604123984,0.0266297362624409,1.09181918676008e-05,0.000131018302411209,281.432,0.056459496661095,0.00278500124184084,0.14984254090733,0.549504,3.66720956994342,1146.26607584175,5.06877278564937
10,1,2022-07-28,8.182,"x",NA,NA,NA,NA,NA,NA,NA,NA,NA,NA,NA,NA,NA,NA,NA,NA,NA,281.332,0.0566308979258602,NA,NA,NA,NA,1153.23258604605,NA
10,2,2022-07-28,8.182,"x",NA,NA,NA,NA,NA,NA,NA,NA,NA,NA,NA,NA,NA,NA,NA,NA,NA,281.332,0.0566308979258602,NA,NA,NA,NA,1153.23258604605,NA
10,3,2022-07-28,8.182,"x",NA,NA,NA,NA,NA,NA,NA,NA,NA,NA,NA,NA,NA,NA,NA,NA,NA,281.332,0.0566308979258602,NA,NA,NA,NA,1153.23258604605,NA
11,1,2022-07-11,8.4016,"0.3165531",271.0169,"11:45",11.3623,0.312034141,0.0128571428571429,0.0149602648308619,"10:56",62.78498,14.99531,627.8498,406.298279341718,0.61963959652034,0.0170342519218734,0.602605344598466,0.0254861274953982,1.04493122731132e-05,0.000125391747277359,281.5516,0.0562553409357928,0.000274277378711932,0.00837561195679269,0.0133302857142857,1.59155961176959,1137.99782688095,2.19188619263163
11,1,2022-07-11,8.4016,"0.3165531",271.0169,"11:45",12.1015,0.310864295,0.0128571428571429,0.0149602648308619,"10:56",62.78498,14.99531,627.8498,406.298279341718,0.61963959652034,0.0170342519218734,0.602605344598466,0.0254861274953982,1.04493122731132e-05,0.000125391747277359,281.5516,0.0562553409357928,0.000274277378711932,0.00837561195679269,0.0133302857142857,1.59155961176959,1137.99782688095,2.19188619263163
11,2,2022-07-11,8.4016,"0.3165531",NA,"12:00",8.5984,0.39343618,0.0128571428571429,0.0149602648308619,"10:56",62.78498,14.99531,627.8498,NA,0.61963959652034,0.0170342519218734,0.602605344598466,0.0254861274953982,1.04493122731132e-05,0.000125391747277359,281.5516,0.0562553409357928,NA,NA,0.0133302857142857,NA,1137.99782688095,NA
11,3,2022-07-11,8.4016,"0.3165531",NA,"12:05",14.8699,0.353635597,0.0128571428571429,0.0149602648308619,"10:56",62.78498,14.99531,627.8498,NA,0.61963959652034,0.0170342519218734,0.602605344598466,0.0254861274953982,1.04493122731132e-05,0.000125391747277359,281.5516,0.0562553409357928,NA,NA,0.0133302857142857,NA,1137.99782688095,NA
11,1,2022-07-19,6.166,"0.3210512",453.6271,"11:08",17.3251,0.278398919,0.064,0.0288097205817759,"11:01",62.74875,10.48571,627.4875,675.493124793476,0.61928203420875,0.012674964061256,0.606607070147494,0.0260632750436444,1.06859427678942e-05,0.000128231313214731,279.316,0.0602273905216604,0.000488198258659601,0.0216798697981974,0.0663552,3.06068258793312,1304.41727198073,4.51285041080052
11,1,2022-07-19,6.166,"0.3210512",453.6271,"11:06",17.1595,0.236817735,0.064,0.0288097205817759,"11:01",62.74875,10.48571,627.4875,675.493124793476,0.61928203420875,0.012674964061256,0.606607070147494,0.0260632750436444,1.06859427678942e-05,0.000128231313214731,279.316,0.0602273905216604,0.000488198258659601,0.0216798697981974,0.0663552,3.06068258793312,1304.41727198073,4.51285041080052
11,2,2022-07-19,6.166,"0.3210512",NA,"11:20",24.0715,0.34145,0.064,0.0288097205817759,"11:01",62.74875,10.48571,627.4875,NA,0.61928203420875,0.012674964061256,0.606607070147494,0.0260632750436444,1.06859427678942e-05,0.000128231313214731,279.316,0.0602273905216604,NA,NA,0.0663552,NA,1304.41727198073,NA
11,3,2022-07-19,6.166,"0.3210512",NA,"11:25",321.1159,0.183780839,0.064,0.0288097205817759,"11:01",62.74875,10.48571,627.4875,NA,0.61928203420875,0.012674964061256,0.606607070147494,0.0260632750436444,1.06859427678942e-05,0.000128231313214731,279.316,0.0602273905216604,NA,NA,0.0663552,NA,1304.41727198073,NA
11,1,2022-07-22,6.37,"0.3324407",456.5085,"12:04",37.1335,0.264123587,0.034,0.0288097205817759,"12:02",62.68232,7.519318,626.8232,680.654204529796,0.61862642106056,0.0103744565993046,0.608251964461255,0.0264101585375649,1.08281650004016e-05,0.000129937980004819,279.52,0.0598508898559534,0.000488853117903653,0.0214813903860174,0.0352512,1.64101109688624,1288.15898170404,2.40447699153543
11,1,2022-07-22,6.37,"0.3324407",456.5085,"12:07",32.2183,0.241448999,0.034,0.0288097205817759,"12:02",62.68232,7.519318,626.8232,680.654204529796,0.61862642106056,0.0103744565993046,0.608251964461255,0.0264101585375649,1.08281650004016e-05,0.000129937980004819,279.52,0.0598508898559534,0.000488853117903653,0.0214813903860174,0.0352512,1.64101109688624,1288.15898170404,2.40447699153543
11,2,2022-07-22,6.37,"0.3324407",NA,"12:15",8.7518,0.428699075,0.034,0.0288097205817759,"12:02",62.68232,7.519318,626.8232,NA,0.61862642106056,0.0103744565993046,0.608251964461255,0.0264101585375649,1.08281650004016e-05,0.000129937980004819,279.52,0.0598508898559534,NA,NA,0.0352512,NA,1288.15898170404,NA
11,3,2022-07-22,6.37,"0.3324407",NA,"12:16",19.5907,0.34786088,0.034,0.0288097205817759,"12:02",62.68232,7.519318,626.8232,NA,0.61862642106056,0.0103744565993046,0.608251964461255,0.0264101585375649,1.08281650004016e-05,0.000129937980004819,279.52,0.0598508898559534,NA,NA,0.0352512,NA,1288.15898170404,NA
12,1,2022-07-06,6.0454,"0.3967293",1154.627,"12:31",11.3371,0.252935245,0.127142857142857,0.0381725406168211,"12:24",62.70932,6.593249,627.0932,1719.33221489183,0.61889289035156,0.00973609300058692,0.609156797350973,0.0265370050743343,1.08801720804771e-05,0.000130562064965725,279.1954,0.0604513424077248,0.00124723128522069,0.0675041533898002,0.131821714285714,1.95279412697045,1314.13389642818,2.89001863977773
12,2,2022-07-06,6.0454,"0.3967293",1131.746,"12:42",12.9031,0.247663965,0.127142857142857,0.0381725406168211,"12:24",62.70932,6.593249,627.0932,1685.26057062148,0.61889289035156,0.00973609300058692,0.609156797350973,0.0265370050743343,1.08801720804771e-05,0.000130562064965725,279.1954,0.0604513424077248,0.00122251516561052,0.0660100307802554,0.131821714285714,1.9969951949355,1314.13389642818,2.9554335796082
12,2,2022-07-06,6.0454,"0.3967293",1131.746,"12:45",12.2155,0.246188723,0.127142857142857,0.0381725406168211,"12:24",62.70932,6.593249,627.0932,1685.26057062148,0.61889289035156,0.00973609300058692,0.609156797350973,0.0265370050743343,1.08801720804771e-05,0.000130562064965725,279.1954,0.0604513424077248,0.00122251516561052,0.0660100307802554,0.131821714285714,1.9969951949355,1314.13389642818,2.9554335796082
12,3,2022-07-06,6.0454,"0.3967293",1113.78,"13:00",14.5543,0.248823303,0.127142857142857,0.0381725406168211,"12:24",62.70932,6.593249,627.0932,1658.50775558013,0.61889289035156,0.00973609300058692,0.609156797350973,0.0265370050743343,1.08801720804771e-05,0.000130562064965725,279.1954,0.0604513424077248,0.0012031082426213,0.0648368562335536,0.131821714285714,2.03312933327411,1314.13389642818,3.00890994554387
12,1,2022-07-22,6.1658,"0.3674041	",834.7963,"9:34",7.626,0.217274343,0.115,0.0362530786869986,"9:30",62.88231,11.6134,628.8231,1241.51094352805,0.62060016896823,0.0136608634128097,0.60693930555542,0.0259742801945304,1.06494548797575e-05,0.00012779345855709,279.3158,0.0602277610703683,0.000897281093676661,0.0463445174345843,0.119232,2.57273150310168,1304.43332092982,3.79340997018772
12,2,2022-07-22,6.1658,"0.3674041	",1625.712,"9:48",11.6251,0.20710432,0.115,0.0362530786869986,"9:30",62.88231,11.6134,628.8231,2417.76255959074,0.62060016896823,0.0136608634128097,0.60693930555542,0.0259742801945304,1.06494548797575e-05,0.00012779345855709,279.3158,0.0602277610703683,0.00174739710916696,0.0975451016976273,0.119232,1.22232688187253,1304.43332092982,1.80228172855723
12,2,2022-07-22,6.1658,"0.3674041	",1625.712,"9:46",11.1751,0.276705505,0.115,0.0362530786869986,"9:30",62.88231,11.6134,628.8231,2417.76255959074,0.62060016896823,0.0136608634128097,0.60693930555542,0.0259742801945304,1.06494548797575e-05,0.00012779345855709,279.3158,0.0602277610703683,0.00174739710916696,0.0975451016976273,0.119232,1.22232688187253,1304.43332092982,1.80228172855723
12,3,2022-07-22,6.1658,"0.3674041	",1475.712,"10:02",25.4983,0.21811378,0.115,0.0362530786869986,"9:30",62.88231,11.6134,628.8231,2194.68222067548,0.62060016896823,0.0136608634128097,0.60693930555542,0.0259742801945304,1.06494548797575e-05,0.00012779345855709,279.3158,0.0602277610703683,0.00158616955694673,0.0878347272045474,0.119232,1.35745853371111,1304.43332092982,2.00152900902718
12,1,2022-07-27,7.2852,"0.383843",1459.441,"9:38",16.2199,0.238711969,NA,NA,"9:34",62.96565,8.647367,629.6565,2176.4818905266,0.62142267084645,0.0112017402010452,0.610220930645405,0.026389587171593,1.08197307403531e-05,0.000129836768884238,280.4352,0.0581970936067892,0.00151997904379749,0.0809022400998816,NA,NA,1217.91749360663,NA
12,2,2022-07-27,7.2852,"0.383843",1407.237,"9:54",12.9295,0.264863073,NA,NA,"9:34",62.96565,8.647367,629.6565,2098.62943838016,0.62142267084645,0.0112017402010452,0.610220930645405,0.026389587171593,1.08197307403531e-05,0.000129836768884238,280.4352,0.0581970936067892,0.00146560960645648,0.0777380968655983,NA,NA,1217.91749360663,NA
12,2,2022-07-27,7.2852,"0.383843",1407.237,"9:56",23.3935,0.246715559,NA,NA,"9:34",62.96565,8.647367,629.6565,2098.62943838016,0.62142267084645,0.0112017402010452,0.610220930645405,0.026389587171593,1.08197307403531e-05,0.000129836768884238,280.4352,0.0581970936067892,0.00146560960645648,0.0777380968655983,NA,NA,1217.91749360663,NA
12,3,2022-07-27,7.2852,"0.383843",1408.034,"10:11",21.2935,0.251880669,NA,NA,"9:34",62.96565,8.647367,629.6565,2099.81801405177,0.62142267084645,0.0112017402010452,0.610220930645405,0.026389587171593,1.08197307403531e-05,0.000129836768884238,280.4352,0.0581970936067892,0.00146643966625191,0.0777864039332123,NA,NA,1217.91749360663,NA
6,1,2022-10-15,NA,NA,274.1695,"11:32",NA,NA,NA,NA,NA,NA,NA,NA,NA,NA,NA,NA,NA,NA,NA,NA,NA,NA,NA,NA,NA,NA,NA
6,2,2022-10-15,NA,NA,270.2203,"11:41",NA,NA,NA,NA,NA,NA,NA,NA,NA,NA,NA,NA,NA,NA,NA,NA,NA,NA,NA,NA,NA,NA,NA
6,2,2022-10-15,NA,NA,270.2203,"11:45",NA,NA,NA,NA,NA,NA,NA,NA,NA,NA,NA,NA,NA,NA,NA,NA,NA,NA,NA,NA,NA,NA,NA
7,1,2022-10-15,NA,NA,386.7797,"12:35",NA,NA,NA,NA,NA,NA,NA,NA,NA,NA,NA,NA,NA,NA,NA,NA,NA,NA,NA,NA,NA,NA,NA
7,1,2022-10-15,NA,NA,386.7797,"12:32",NA,NA,NA,NA,NA,NA,NA,NA,NA,NA,NA,NA,NA,NA,NA,NA,NA,NA,NA,NA,NA,NA,NA
11,1,2022-10-15,NA,NA,553.2373,"13:20",NA,NA,NA,NA,NA,NA,NA,NA,NA,NA,NA,NA,NA,NA,NA,NA,NA,NA,NA,NA,NA,NA,NA
11,1,2022-10-15,NA,NA,553.2373,"13:23",NA,NA,NA,NA,NA,NA,NA,NA,NA,NA,NA,NA,NA,NA,NA,NA,NA,NA,NA,NA,NA,NA,NA
12,1,2022-10-16,NA,NA,1715.203,"12:23",NA,NA,NA,NA,NA,NA,NA,NA,NA,NA,NA,NA,NA,NA,NA,NA,NA,NA,NA,NA,NA,NA,NA
12,1,2022-10-16,NA,NA,1715.203,"12:38",NA,NA,NA,NA,NA,NA,NA,NA,NA,NA,NA,NA,NA,NA,NA,NA,NA,NA,NA,NA,NA,NA,NA
8,1,2022-10-16,NA,NA,2569.492,"15:22",NA,NA,NA,NA,NA,NA,NA,NA,NA,NA,NA,NA,NA,NA,NA,NA,NA,NA,NA,NA,NA,NA,NA
8,1,2022-10-16,NA,NA,2569.492,"15:24",NA,NA,NA,NA,NA,NA,NA,NA,NA,NA,NA,NA,NA,NA,NA,NA,NA,NA,NA,NA,NA,NA,NA
10,1,2022-10-16,NA,NA,1981.458,"16:02",NA,NA,NA,NA,NA,NA,NA,NA,NA,NA,NA,NA,NA,NA,NA,NA,NA,NA,NA,NA,NA,NA,NA
10,1,2022-10-16,NA,NA,1981.458,"16:02",1.2118,0.153672819,NA,NA,NA,NA,NA,NA,NA,NA,NA,NA,NA,NA,NA,NA,NA,NA,NA,NA,NA,NA,NA
9,1,2022-10-16,NA,NA,2562.881,"16:30",NA,NA,NA,NA,NA,NA,NA,NA,NA,NA,NA,NA,NA,NA,NA,NA,NA,NA,NA,NA,NA,NA,NA
9,1,2022-10-16,NA,NA,2562.881,"16:27",NA,NA,NA,NA,NA,NA,NA,NA,NA,NA,NA,NA,NA,NA,NA,NA,NA,NA,NA,NA,NA,NA,NA
4,1,2022-10-16,NA,NA,993.4407,"9:07",NA,NA,NA,NA,NA,NA,NA,NA,NA,NA,NA,NA,NA,NA,NA,NA,NA,NA,NA,NA,NA,NA,NA
4,1,2022-10-16,NA,NA,993.4407,"9:03",NA,NA,NA,NA,NA,NA,NA,NA,NA,NA,NA,NA,NA,NA,NA,NA,NA,NA,NA,NA,NA,NA,NA
5,4,2022-06-28,NA,NA,NA,"10:25",97.0027,0.21916322,0.008,0.0198885785202351,"10:30",62.6334,19.50581,626.334,NA,0.6181436181822,0.022661366408908,0.595482251773292,0.024796712051133,1.01666519409645e-05,0.000121999823291574,NA,NA,NA,NA,0.0082944,NA,NA,NA
11,2,2022-10-15,NA,NA,NA,"13:29",NA,NA,NA,NA,NA,NA,NA,NA,NA,NA,NA,NA,NA,NA,NA,NA,NA,NA,NA,NA,NA,NA,NA
4,2,2022-10-16,NA,NA,NA,"9:26",NA,NA,NA,NA,NA,NA,NA,NA,NA,NA,NA,NA,NA,NA,NA,NA,NA,NA,NA,NA,NA,NA,NA
4,2,2022-10-16,NA,NA,NA,"9:23",NA,NA,NA,NA,NA,NA,NA,NA,NA,NA,NA,NA,NA,NA,NA,NA,NA,NA,NA,NA,NA,NA,NA
11,2,2022-10-15,NA,NA,NA,"13:27",NA,NA,NA,NA,NA,NA,NA,NA,NA,NA,NA,NA,NA,NA,NA,NA,NA,NA,NA,NA,NA,NA,NA
7,2,2022-10-15,NA,NA,NA,"12:47",NA,NA,NA,NA,NA,NA,NA,NA,NA,NA,NA,NA,NA,NA,NA,NA,NA,NA,NA,NA,NA,NA,NA
9,2,2022-10-16,NA,NA,NA,"16:32",NA,NA,NA,NA,NA,NA,NA,NA,NA,NA,NA,NA,NA,NA,NA,NA,NA,NA,NA,NA,NA,NA,NA
10,2,2022-10-16,NA,NA,NA,"16:05",NA,NA,NA,NA,NA,NA,NA,NA,NA,NA,NA,NA,NA,NA,NA,NA,NA,NA,NA,NA,NA,NA,NA
9,2,2022-10-16,NA,NA,NA,"16:32",NA,NA,NA,NA,NA,NA,NA,NA,NA,NA,NA,NA,NA,NA,NA,NA,NA,NA,NA,NA,NA,NA,NA
12,2,2022-10-16,NA,NA,NA,"12:58",NA,NA,NA,NA,NA,NA,NA,NA,NA,NA,NA,NA,NA,NA,NA,NA,NA,NA,NA,NA,NA,NA,NA
10,2,2022-10-16,NA,NA,NA,"16:06",NA,NA,NA,NA,NA,NA,NA,NA,NA,NA,NA,NA,NA,NA,NA,NA,NA,NA,NA,NA,NA,NA,NA
8,2,2022-10-16,NA,NA,NA,"15:26",NA,NA,NA,NA,NA,NA,NA,NA,NA,NA,NA,NA,NA,NA,NA,NA,NA,NA,NA,NA,NA,NA,NA
8,2,2022-10-16,NA,NA,NA,"15:27",NA,NA,NA,NA,NA,NA,NA,NA,NA,NA,NA,NA,NA,NA,NA,NA,NA,NA,NA,NA,NA,NA,NA
7,2,2022-10-15,NA,NA,NA,"12:46",NA,NA,NA,NA,NA,NA,NA,NA,NA,NA,NA,NA,NA,NA,NA,NA,NA,NA,NA,NA,NA,NA,NA
12,2,2022-10-16,NA,NA,NA,"13:01",NA,NA,NA,NA,NA,NA,NA,NA,NA,NA,NA,NA,NA,NA,NA,NA,NA,NA,NA,NA,NA,NA,NA
NA,NA,NA,NA,NA,NA,NA,NA,NA,NA,NA,NA,NA,NA,NA,NA,NA,NA,NA,NA,NA,NA,NA,NA,NA,NA,NA,NA,NA,NA
