"Month","Day","Year","Time","Flux","Temperature (C)","Soil sig","Soil STD","ATM sig","ATM STD","Mode","Soil VR","Soil VA","ATM VR","ATM VA"
01,24,22,19:09:04,  -0.00,  -0.0,   -0.00,  -0.000,   -0.00,  -0.000,1,0,0,0,0
01,24,22,19:10:43,  -0.00,  -0.0,   -0.00,  -0.000,   -0.00,  -0.000,2,0,0,0,0
01,25,22,11:31:09,  -0.00,  -0.0,   -0.00,  -0.000,   -0.00,  -0.000,1,0,0,0,0
01,25,22,11:35:02,  -0.00,  -0.0,   -0.00,  -0.000,   -0.00,  -0.000,2,0,0,0,0
01,25,22,11:50:00,   0.00,  26.4,  536.27,   3.437,  536.07,   2.194,0,1.18487,2.21428,1.18483,2.21486
01,25,22,11:55:00,  -0.06,  27.0,  537.63,   3.580,  542.18,   4.158,0,1.18562,2.21448,1.18554,2.21403
01,25,22,12:00:00,  -0.06,  27.5,  529.90,   1.885,  534.62,   1.980,0,1.18620,2.21457,1.18595,2.21415
01,25,22,12:05:00,   0.02,  27.9,  526.21,   1.254,  524.97,   2.567,0,1.18658,2.21461,1.18662,2.21486
01,25,22,12:10:00,   0.05,  28.2,  528.62,   2.031,  524.51,   2.363,0,1.18683,2.21419,1.18691,2.21432
01,25,22,12:15:00,  -0.00,  28.6,  522.52,   3.385,  522.61,   3.038,0,1.18737,2.21423,1.18716,2.21415
01,25,22,12:23:13,  -0.00,  -0.0,   -0.00,  -0.000,   -0.00,  -0.000,2,0,0,0,0
01,25,22,13:16:26,  -0.00,  -0.0,   -0.00,  -0.000,   -0.00,  -0.000,1,0,0,0,0
01,25,22,13:16:50,  -0.00,  -0.0,   -0.00,  -0.000,   -0.00,  -0.000,1,0,0,0,0
01,25,22,13:18:33,  -0.00,  -0.0,   -0.00,  -0.000,   -0.00,  -0.000,1,0,0,0,0
01,25,22,13:20:00,   1.96,  23.0,  655.05,  34.783,  502.16,   9.036,0,1.18379,2.21303,1.18329,2.22611
01,25,22,13:25:00,   1.46,  25.6,  610.63,  14.306,  497.28,   9.064,0,1.18462,2.20632,1.18404,2.22044
01,25,22,13:30:00,   2.11,  26.9,  664.08,  14.010,  500.09,   7.997,0,1.18533,2.20048,1.18504,2.21832
01,25,22,13:35:00,   1.95,  27.4,  668.05,  10.457,  516.29,  12.244,0,1.18579,2.19986,1.18545,2.21640
01,25,22,13:40:00,   2.20,  27.7,  674.70,  13.277,  503.76,  11.902,0,1.18645,2.19936,1.18579,2.21690
01,25,22,13:45:00,   2.06,  27.8,  671.46,  15.488,  511.12,  10.313,0,1.18629,2.19982,1.18599,2.21653
01,25,22,13:50:00,   2.01,  27.8,  667.62,  11.390,  511.52,   9.042,0,1.18637,2.20057,1.18616,2.21615
01,25,22,13:55:00,   1.94,  27.7,  662.00,  15.555,  511.37,   8.882,0,1.18670,2.20103,1.18633,2.21698
01,25,22,14:00:00,   0.35,  27.7,  549.28,  19.793,  521.65,   8.145,0,1.18633,2.21536,1.18616,2.21636
01,25,22,14:05:00,   0.73,  27.6,  567.06,   9.263,  510.37,   9.663,0,1.18641,2.21019,1.18629,2.21778
01,25,22,14:10:00,   1.61,  27.5,  616.51,  10.726,  491.45,   4.613,0,1.18645,2.20578,1.18633,2.21936
01,25,22,14:15:00,   1.41,  27.5,  610.09,   7.055,  500.40,   6.428,0,1.18637,2.20736,1.18662,2.21890
01,25,22,14:20:00,   1.31,  27.5,  596.07,  10.960,  493.96,   6.414,0,1.18654,2.20848,1.18641,2.21973
01,25,22,15:01:02,  -0.00,  -0.0,   -0.00,  -0.000,   -0.00,  -0.000,1,0,0,0,0
01,25,22,15:07:10,  -0.00,  -0.0,   -0.00,  -0.000,   -0.00,  -0.000,1,0,0,0,0
01,25,22,15:07:29,  -0.00,  -0.0,   -0.00,  -0.000,   -0.00,  -0.000,2,0,0,0,0
01,25,22,15:07:40,  -0.00,  -0.0,   -0.00,  -0.000,   -0.00,  -0.000,2,0,0,0,0
03,18,22,10:11:12,  -0.00,  -0.0,   -0.00,  -0.000,   -0.00,  -0.000,1,0,0,0,0
03,18,22,10:12:38,  -0.00,  -0.0,   -0.00,  -0.000,   -0.00,  -0.000,1,0,0,0,0
03,18,22,10:13:14,  -0.00,  -0.0,   -0.00,  -0.000,   -0.00,  -0.000,2,0,0,0,0
03,18,22,10:15:00,  -0.09,  25.7,  560.81,   0.701,  568.04,   2.363,0,1.18433,2.21119,1.18424,2.21257
03,18,22,10:20:00,   0.28,  27.6,  594.38,   4.185,  572.39,   9.292,0,1.18574,2.20628,1.18495,2.20828
03,18,22,10:25:00,  -0.02,  28.6,  591.86,   3.203,  593.64,   1.509,0,1.18670,2.20603,1.18616,2.20565
03,18,22,10:30:00,  -0.08,  29.3,  582.84,   4.971,  588.69,   3.451,0,1.18720,2.20690,1.18749,2.20623
03,18,22,10:35:00,  -0.12,  29.8,  558.23,   5.455,  567.55,   4.570,0,1.18833,2.20869,1.18758,2.20769
03,18,22,10:40:00,   0.03,  30.2,  563.21,   3.208,  561.10,   4.076,0,1.18824,2.20753,1.18812,2.20757
03,18,22,10:45:00,   0.02,  30.6,  568.47,   3.879,  566.65,   1.129,0,1.18837,2.20661,1.18837,2.20715
03,18,22,10:50:00,   0.02,  30.8,  579.90,   4.034,  577.99,   3.526,0,1.18891,2.20553,1.18916,2.20603
03,18,22,10:55:00,   0.00,  31.1,  584.99,   2.663,  584.87,   1.359,0,1.18924,2.20498,1.18916,2.20519
03,18,22,11:00:00,  -0.01,  31.2,  585.42,   2.198,  586.22,   1.093,0,1.18949,2.20515,1.18937,2.20511
03,18,22,11:05:00,  -0.03,  31.4,  581.87,   3.438,  584.41,   1.373,0,1.18962,2.20561,1.18974,2.20532
03,18,22,11:10:00,  -0.05,  31.6,  554.82,   2.552,  558.94,   2.656,0,1.18983,2.20819,1.18966,2.20728
03,18,22,11:15:00,  -0.08,  31.7,  543.02,   4.087,  549.15,   3.101,0,1.18991,2.20923,1.18995,2.20861
03,18,22,11:20:00,   0.01,  31.8,  543.44,   3.250,  542.64,   2.899,0,1.19016,2.20873,1.19029,2.20932
03,18,22,11:25:00,  -2.44,  32.2,  784.88,  65.111,  974.84, 215.205,0,1.19074,2.19373,1.19104,2.15115
03,18,22,11:30:00,  -0.93,  32.8,  577.70,   6.192,  649.91,  17.745,0,1.19083,2.20453,1.19120,2.19848
03,18,22,11:35:00,  -0.22,  33.8,  545.53,   3.339,  562.73,   6.223,0,1.19195,2.20582,1.19183,2.20519
03,18,22,11:40:00,   0.45,  34.4,  568.17,   5.169,  533.21,   5.066,0,1.19224,2.20307,1.19212,2.20611
03,18,22,11:45:00,   0.50,  34.3,  567.69,   4.791,  528.62,   3.444,0,1.19208,2.20294,1.19183,2.20686
03,18,22,11:50:00,   0.51,  34.2,  563.41,   3.222,  523.91,   2.821,0,1.19183,2.20303,1.19187,2.20744
03,18,22,11:55:00,   0.48,  34.2,  558.45,   6.707,  520.71,   4.008,0,1.19204,2.20403,1.19179,2.20786
03,18,22,12:00:00,   0.46,  34.0,  553.83,   7.238,  518.11,   1.942,0,1.19166,2.20448,1.19183,2.20823
03,18,22,12:05:00,   0.45,  33.7,  546.99,   5.144,  512.32,   3.681,0,1.19137,2.20528,1.19112,2.20878
03,18,22,12:10:00,   0.42,  33.4,  543.12,   4.159,  510.56,   2.772,0,1.19095,2.20603,1.19108,2.20932
03,18,22,12:15:00,   0.35,  33.2,  538.47,   4.914,  510.92,   2.528,0,1.19091,2.20669,1.19099,2.20969
03,18,22,12:20:00,   0.41,  33.0,  540.86,   4.770,  508.96,   1.075,0,1.19091,2.20703,1.19079,2.21007
03,18,22,12:25:00,   0.43,  33.3,  544.62,   3.083,  511.20,   2.355,0,1.19174,2.20719,1.19149,2.21061
03,18,22,12:30:00,  -1.66,  34.1,  570.83,  23.322,  699.90,  53.983,0,1.19204,2.20569,1.19254,2.18440
03,18,22,12:35:00,  -0.40,  35.9,  535.31,   1.600,  566.23,   8.303,0,1.19441,2.20440,1.19387,2.20357
03,18,22,12:40:00,   0.18,  37.7,  541.11,   5.081,  526.90,   2.539,0,1.19658,2.20357,1.19612,2.20532
03,18,22,12:45:00,   0.18,  39.0,  540.92,   2.729,  526.74,   3.026,0,1.19845,2.20294,1.19812,2.20478
03,18,22,12:50:00,   0.12,  39.8,  536.95,   3.523,  527.43,   1.289,0,1.19895,2.20303,1.19891,2.20403
03,18,22,12:55:00,   0.12,  40.3,  533.04,   4.020,  523.85,   3.147,0,1.19987,2.20298,1.19941,2.20428
03,18,22,13:00:00,   0.16,  40.7,  525.41,   3.274,  513.22,   2.929,0,1.19983,2.20357,1.19941,2.20432
03,18,22,13:05:00,   0.10,  40.8,  523.18,   2.199,  515.62,   1.486,0,1.19995,2.20357,1.19970,2.20394
03,18,22,13:10:00,   0.29,  40.4,  531.27,   9.024,  509.00,   4.062,0,1.19874,2.20148,1.19912,2.20394
03,18,22,13:15:00,   1.32,  39.6,  604.95,  10.931,  501.96,   6.405,0,1.19812,2.19498,1.19800,2.20528
03,18,22,13:20:00,   1.69,  39.1,  630.61,  10.930,  498.92,   5.895,0,1.19754,2.19315,1.19762,2.20661
03,18,22,13:25:00,   1.78,  38.7,  636.03,  10.816,  497.31,   8.655,0,1.19699,2.19303,1.19695,2.20728
03,18,22,13:30:00,   1.75,  38.4,  630.52,  12.173,  494.10,   8.314,0,1.19733,2.19419,1.19687,2.20819
03,18,22,13:35:00,   1.92,  38.3,  640.96,   9.915,  491.18,   8.365,0,1.19674,2.19332,1.19670,2.20865
03,18,22,13:40:00,   0.08,  37.7,  500.52,   6.549,  494.06,   9.635,0,1.19629,2.20728,1.19599,2.20890
03,18,22,13:45:00,   0.73,  37.2,  534.64,   7.835,  477.58,   3.227,0,1.19549,2.20353,1.19516,2.20969
03,18,22,13:50:00,   1.11,  36.9,  559.94,   7.963,  473.84,   5.131,0,1.19529,2.20198,1.19512,2.21115
03,18,22,13:55:00,   1.26,  36.6,  573.32,   7.977,  475.36,   8.134,0,1.19529,2.20157,1.19499,2.21119
03,18,22,14:00:00,   1.17,  36.4,  567.13,   9.186,  476.16,   6.077,0,1.19479,2.20403,1.19479,2.21165
03,18,22,14:05:00,   0.79,  36.1,  537.39,   8.715,  475.88,   4.582,0,1.19466,2.20498,1.19462,2.21215
03,18,22,14:10:00,   1.41,  35.9,  582.52,  11.154,  472.72,   7.137,0,1.19441,2.20107,1.19429,2.21236
03,18,22,14:15:00,   1.58,  35.7,  602.92,   8.532,  479.55,   8.954,0,1.19420,2.19923,1.19441,2.21253
03,18,22,14:20:00,   1.78,  35.5,  615.08,  11.824,  476.35,   8.585,0,1.19437,2.19890,1.19420,2.21290
03,18,22,14:25:00,   1.67,  35.2,  607.62,   8.597,  477.51,   8.754,0,1.19387,2.19982,1.19404,2.21336
03,18,22,15:19:55,  -0.00,  -0.0,   -0.00,  -0.000,   -0.00,  -0.000,1,0,0,0,0
03,18,22,15:22:16,  -0.00,  -0.0,   -0.00,  -0.000,   -0.00,  -0.000,2,0,0,0,0
03,25,22,09:25:49,  -0.00,  -0.0,   -0.00,  -0.000,   -0.00,  -0.000,1,0,0,0,0
03,25,22,09:27:01,  -0.00,  -0.0,   -0.00,  -0.000,   -0.00,  -0.000,2,0,0,0,0
03,25,22,09:26:31,  -0.00,  -0.0,   -0.00,  -0.000,   -0.00,  -0.000,2,0,0,0,0
03,25,22,11:12:04,  -0.00,  -0.0,   -0.00,  -0.000,   -0.00,  -0.000,1,0,0,0,0
03,25,22,11:15:00,   1.91,  26.8,  636.93,  17.401,  488.26,   8.367,0,1.18687,2.20398,1.18620,2.22211
03,25,22,11:20:00,   2.21,  28.9,  653.58,  13.928,  481.69,  10.663,0,1.18737,2.19973,1.18729,2.21840
03,25,22,11:25:00,   2.13,  29.7,  650.07,  14.065,  484.31,  10.775,0,1.18799,2.19936,1.18758,2.21728
03,25,22,11:30:00,   2.17,  30.0,  651.56,  14.744,  482.90,  11.621,0,1.18841,2.19915,1.18791,2.21728
03,25,22,11:35:00,   2.31,  30.1,  663.25,  14.711,  483.71,  11.486,0,1.18841,2.19815,1.18833,2.21694
03,25,22,11:40:00,   0.89,  30.1,  562.85,  14.308,  493.41,  12.220,0,1.18862,2.21069,1.18854,2.21444
03,25,22,11:45:00,   0.19,  30.3,  523.58,   6.683,  509.16,  12.074,0,1.18887,2.21169,1.18849,2.21478
03,25,22,11:50:00,   1.09,  30.5,  555.28,   8.470,  470.76,   4.240,0,1.18920,2.20878,1.18866,2.21753
03,25,22,11:55:00,   1.10,  30.5,  561.26,   8.606,  475.47,   5.108,0,1.18954,2.20861,1.18899,2.21773
03,25,22,12:00:00,   1.21,  31.0,  575.64,  10.617,  481.31,   5.912,0,1.18974,2.20557,1.18945,2.21653
03,25,22,12:05:00,   1.24,  31.9,  581.44,   5.977,  484.79,   5.301,0,1.19041,2.20423,1.18999,2.21444
03,25,22,12:10:00,   1.00,  32.4,  564.00,   7.691,  486.09,   5.920,0,1.19066,2.20548,1.19058,2.21386
03,25,22,12:15:00,   0.93,  32.3,  562.92,  18.154,  490.82,   6.055,0,1.19062,2.20928,1.19070,2.21407
03,25,22,12:20:00,   0.51,  32.2,  538.36,   5.287,  498.74,   5.407,0,1.19108,2.20894,1.19058,2.21353
03,25,22,12:25:00,   0.65,  32.4,  536.20,   3.518,  485.83,   5.139,0,1.19074,2.20878,1.19070,2.21428
03,25,22,12:30:00,   0.58,  32.6,  525.23,   5.317,  479.87,   4.931,0,1.19091,2.20936,1.19091,2.21428
03,25,22,12:35:00,   0.50,  32.7,  518.22,   3.983,  479.17,   3.947,0,1.19058,2.20957,1.19095,2.21440
03,25,22,12:40:00,   0.42,  32.8,  511.55,   2.267,  479.09,   2.945,0,1.19074,2.21048,1.19079,2.21394
03,25,22,12:45:00,   0.43,  32.7,  507.88,   4.835,  474.26,   3.374,0,1.19099,2.21098,1.19108,2.21469
03,25,22,12:50:00,  -0.09,  32.9,  491.93,   4.628,  498.85,   4.167,0,1.19158,2.21248,1.19129,2.21282
03,25,22,12:55:00,   0.47,  33.7,  509.89,   7.627,  472.99,   1.752,0,1.19162,2.20886,1.19162,2.21294
03,25,22,13:00:00,   0.69,  33.7,  534.81,   4.371,  481.45,   3.484,0,1.19183,2.20586,1.19183,2.21265
03,25,22,13:05:00,   0.74,  34.9,  541.52,   4.243,  484.15,   3.838,0,1.19254,2.20457,1.19279,2.21053
03,25,22,13:10:00,   0.69,  34.6,  539.85,   2.408,  486.47,   3.306,0,1.19237,2.20611,1.19237,2.21111
03,25,22,13:15:00,   0.61,  34.1,  535.21,   3.953,  487.81,   3.036,0,1.19208,2.20711,1.19233,2.21186
03,25,22,13:20:00,   0.57,  33.6,  528.00,   7.300,  483.93,   5.670,0,1.19220,2.20873,1.19166,2.21294
03,25,22,13:25:00,   0.91,  33.4,  573.49,  15.613,  502.44,   4.768,0,1.19216,2.20332,1.19216,2.21257
03,25,22,13:30:00,   2.92,  33.2,  716.61,  23.005,  488.97,   7.192,0,1.19145,2.18973,1.19166,2.21365
03,25,22,13:35:00,   3.87,  33.1,  804.81,  26.141,  503.40,  14.347,0,1.19195,2.18194,1.19174,2.21328
03,25,22,13:40:00,   4.33,  33.1,  854.22,  26.812,  517.24,  19.797,0,1.19224,2.17832,1.19174,2.21303
03,25,22,13:45:00,   1.79,  33.2,  655.08,  10.371,  515.78,  22.919,0,1.19183,2.19744,1.19191,2.21307
03,25,22,13:50:00,   1.35,  33.2,  600.46,   6.065,  495.24,   8.988,0,1.19216,2.20319,1.19208,2.21394
03,25,22,13:55:00,   1.05,  33.3,  566.64,  13.262,  485.12,   7.562,0,1.19287,2.20815,1.19204,2.21478
03,25,22,14:00:00,   0.71,  33.8,  554.08,   6.106,  499.12,   7.239,0,1.19245,2.20498,1.19229,2.21240
03,25,22,14:05:00,   1.39,  34.0,  594.37,  11.368,  486.55,   4.282,0,1.19266,2.20169,1.19262,2.21290
03,25,22,14:10:00,   1.39,  34.1,  601.49,   7.540,  493.65,   8.293,0,1.19299,2.20115,1.19266,2.21278
03,25,22,14:15:00,   1.37,  34.5,  596.53,   6.541,  489.51,   6.000,0,1.19287,2.20023,1.19270,2.21161
03,25,22,14:57:19,  -0.00,  -0.0,   -0.00,  -0.000,   -0.00,  -0.000,1,0,0,0,0
03,25,22,14:57:40,  -0.00,  -0.0,   -0.00,  -0.000,   -0.00,  -0.000,2,0,0,0,0
04,19,22,09:12:12,  -0.00,  -0.0,   -0.00,  -0.000,   -0.00,  -0.000,1,0,0,0,0
04,19,22,09:13:00,  -0.00,  -0.0,   -0.00,  -0.000,   -0.00,  -0.000,2,0,0,0,0
04,19,22,09:14:01,  -0.00,  -0.0,   -0.00,  -0.000,   -0.00,  -0.000,2,0,0,0,0
04,19,22,10:24:31,  -0.00,  -0.0,   -0.00,  -0.000,   -0.00,  -0.000,1,0,0,0,0
04,19,22,10:25:00,   0.60,  20.2,  555.93,   5.971,  508.98,  13.838,0,1.18270,2.22203,1.18274,2.23215
04,19,22,10:30:00,   1.25,  22.7,  561.01,  10.346,  463.53,   6.595,0,1.18241,2.21598,1.18224,2.22765
04,19,22,10:35:00,   1.40,  23.6,  569.75,  10.278,  460.62,   6.559,0,1.18295,2.21415,1.18245,2.22615
04,19,22,10:40:00,   1.46,  24.0,  578.21,  10.293,  464.22,   8.734,0,1.18324,2.21319,1.18312,2.22578
04,19,22,10:45:00,   1.65,  24.0,  593.61,  10.268,  464.89,   9.734,0,1.18358,2.21207,1.18329,2.22565
04,19,22,10:50:00,   1.60,  24.0,  594.43,  10.005,  469.68,   9.636,0,1.18354,2.21219,1.18308,2.22569
04,19,22,10:55:00,   1.69,  23.9,  602.11,  11.629,  470.26,   8.636,0,1.18383,2.21211,1.18337,2.22590
04,19,22,11:00:00,  -0.99,  23.9,  528.26,   7.164,  605.51,  18.408,0,1.18395,2.22098,1.18374,2.21419
04,19,22,11:05:00,   0.42,  24.3,  512.00,   4.585,  478.94,   8.358,0,1.18408,2.22094,1.18395,2.22544
04,19,22,11:10:00,   0.87,  24.6,  536.65,  11.159,  468.95,   3.270,0,1.18479,2.21719,1.18420,2.22536
04,19,22,11:15:00,   0.98,  25.0,  544.70,   6.648,  468.71,   4.988,0,1.18458,2.21698,1.18429,2.22436
04,19,22,11:20:00,   0.74,  25.1,  528.76,   4.025,  471.44,   4.768,0,1.18483,2.21819,1.18483,2.22478
04,19,22,11:25:00,   0.63,  25.5,  519.87,   2.880,  471.16,   5.497,0,1.18479,2.21828,1.18466,2.22386
04,19,22,11:30:00,   0.52,  26.1,  511.83,   4.264,  471.37,   4.853,0,1.18545,2.21832,1.18541,2.22294
04,19,22,11:35:00,   0.43,  26.7,  505.50,   3.352,  472.08,   2.939,0,1.18570,2.21794,1.18566,2.22169
04,19,22,11:40:00,   0.38,  26.9,  501.73,   4.818,  471.96,   2.908,0,1.18579,2.21844,1.18595,2.22157
04,19,22,11:45:00,   0.10,  27.1,  485.58,   5.144,  477.50,   3.093,0,1.18595,2.21878,1.18620,2.22178
04,19,22,11:50:00,   1.68,  27.5,  601.85,  15.659,  470.98,   0.824,0,1.18629,2.20648,1.18620,2.22057
04,19,22,11:55:00,   2.06,  27.3,  643.99,  15.797,  483.29,   7.769,0,1.18629,2.20373,1.18629,2.22082
04,19,22,12:00:00,   2.15,  26.9,  656.91,  14.925,  489.78,   8.498,0,1.18612,2.20348,1.18612,2.22132
04,19,22,12:05:00,   2.25,  26.5,  658.60,  15.720,  483.74,  12.712,0,1.18570,2.20332,1.18537,2.22211
04,19,22,12:10:00,   2.32,  26.0,  659.65,  14.393,  479.19,  12.992,0,1.18533,2.20386,1.18512,2.22290
04,19,22,12:15:00,   0.11,  25.9,  501.37,   4.394,  492.48,   8.880,0,1.18516,2.21944,1.18533,2.22215
04,19,22,12:20:00,   1.20,  26.3,  565.43,  10.297,  471.87,   4.195,0,1.18595,2.21298,1.18595,2.22353
04,19,22,12:25:00,   1.38,  27.1,  586.84,  10.374,  479.66,   7.159,0,1.18662,2.20973,1.18616,2.22182
04,19,22,12:30:00,   1.32,  27.9,  587.24,   9.908,  484.77,   6.272,0,1.18729,2.20844,1.18670,2.21990
04,19,22,12:35:00,   1.18,  28.2,  576.64,  10.475,  484.88,   4.372,0,1.18729,2.20957,1.18683,2.21915
04,19,22,12:40:00,   0.75,  28.3,  550.70,  16.484,  492.38,   6.979,0,1.18699,2.21486,1.18733,2.21928
04,19,22,12:45:00,   0.69,  27.7,  538.05,   7.798,  484.05,   3.589,0,1.18637,2.21390,1.18670,2.22007
04,19,22,12:50:00,   0.95,  27.1,  551.99,   6.243,  478.04,   3.797,0,1.18620,2.21336,1.18624,2.22123
04,19,22,12:55:00,   1.07,  26.6,  556.11,   4.957,  472.56,   7.094,0,1.18558,2.21353,1.18549,2.22215
04,19,22,13:00:00,   1.05,  26.2,  555.24,   5.271,  473.21,   6.791,0,1.18520,2.21436,1.18558,2.22323
04,19,22,13:05:00,   1.11,  25.9,  554.20,   6.898,  468.04,   6.023,0,1.18533,2.21465,1.18516,2.22382
04,19,22,13:10:00,   1.28,  25.7,  569.66,  10.376,  469.78,   6.281,0,1.18537,2.21315,1.18516,2.22432
04,19,22,13:15:00,   0.43,  25.8,  508.65,   5.505,  475.52,   5.488,0,1.18574,2.22053,1.18541,2.22390
04,19,22,13:20:00,   0.52,  27.2,  510.01,   4.711,  469.28,   3.627,0,1.18687,2.21761,1.18633,2.22244
04,19,22,13:25:00,   0.51,  28.2,  516.11,   4.818,  476.14,   2.169,0,1.18770,2.21611,1.18733,2.22036
04,19,22,13:30:00,   0.42,  28.6,  516.62,   2.488,  483.73,   1.905,0,1.18795,2.21632,1.18770,2.21923
04,19,22,13:35:00,   0.27,  28.5,  505.12,   3.747,  484.33,   3.065,0,1.18795,2.21761,1.18795,2.22003
04,19,22,14:31:06,  -0.00,  -0.0,   -0.00,  -0.000,   -0.00,  -0.000,1,0,0,0,0
04,19,22,14:31:46,  -0.00,  -0.0,   -0.00,  -0.000,   -0.00,  -0.000,1,0,0,0,0
04,19,22,14:32:05,  -0.00,  -0.0,   -0.00,  -0.000,   -0.00,  -0.000,2,0,0,0,0
04,19,22,14:32:19,  -0.00,  -0.0,   -0.00,  -0.000,   -0.00,  -0.000,2,0,0,0,0
04,29,22,10:12:22,  -0.00,  -0.0,   -0.00,  -0.000,   -0.00,  -0.000,1,0,0,0,0
04,29,22,10:13:51,  -0.00,  -0.0,   -0.00,  -0.000,   -0.00,  -0.000,2,0,0,0,0
04,29,22,11:01:20,  -0.00,  -0.0,   -0.00,  -0.000,   -0.00,  -0.000,1,0,0,0,0
04,29,22,11:05:00,   1.09,  25.6,  575.24,   9.431,  490.28,   9.838,0,1.18558,2.21161,1.18516,2.22361
04,29,22,11:10:00,   1.53,  27.2,  595.09,  10.854,  476.24,   6.932,0,1.18645,2.20807,1.18579,2.22090
04,29,22,11:15:00,   1.55,  27.9,  597.11,   9.823,  476.69,   7.559,0,1.18666,2.20711,1.18654,2.22032
04,29,22,11:20:00,   1.54,  28.2,  599.75,  10.141,  479.53,   4.862,0,1.18708,2.20690,1.18716,2.22011
04,29,22,11:25:00,   1.74,  28.3,  613.42,  12.018,  477.78,   9.538,0,1.18716,2.20553,1.18704,2.21982
04,29,22,11:30:00,   1.69,  28.4,  618.81,  12.725,  487.59,   6.739,0,1.18774,2.20544,1.18720,2.21928
04,29,22,11:35:00,   1.75,  28.4,  626.11,   8.763,  490.19,   7.462,0,1.18758,2.20486,1.18737,2.21919
04,29,22,11:40:00,   1.28,  28.5,  586.77,  22.658,  487.05,   8.115,0,1.18762,2.21278,1.18770,2.21965
04,29,22,11:45:00,   0.76,  28.5,  533.31,   4.003,  474.46,   4.733,0,1.18779,2.21419,1.18749,2.22057
04,29,22,11:50:00,   0.41,  28.7,  508.72,   2.992,  476.61,   3.211,0,1.18795,2.21615,1.18808,2.22036
04,29,22,11:55:00,   0.35,  29.2,  500.06,   4.685,  472.73,   3.503,0,1.18820,2.21615,1.18783,2.21936
04,29,22,12:00:00,   0.29,  29.5,  496.53,   3.796,  473.67,   3.253,0,1.18854,2.21648,1.18812,2.21882
04,29,22,12:05:00,   0.26,  29.7,  498.25,   5.412,  477.79,   1.923,0,1.18845,2.21632,1.18870,2.21853
04,29,22,12:10:00,   0.24,  29.7,  496.62,   4.149,  477.82,   2.654,0,1.18887,2.21661,1.18866,2.21878
04,29,22,12:15:00,   1.65,  29.7,  607.22,  39.318,  479.16,  13.889,0,1.18745,2.20953,1.18787,2.21603
04,29,22,12:20:00,  -0.61,  29.6,  454.83,   1.667,  502.11,  12.443,0,1.18799,2.21944,1.18791,2.21648
04,29,22,12:25:00,  -0.02,  29.7,  456.22,   3.258,  457.54,   2.750,0,1.18829,2.22015,1.18849,2.21998
04,29,22,12:55:14,  -0.00,  -0.0,   -0.00,  -0.000,   -0.00,  -0.000,1,0,0,0,0
04,29,22,12:55:33,  -0.00,  -0.0,   -0.00,  -0.000,   -0.00,  -0.000,2,0,0,0,0
04,29,22,12:55:35,  -0.00,  -0.0,   -0.00,  -0.000,   -0.00,  -0.000,2,0,0,0,0
05,16,22,15:04:18,  -0.00,  -0.0,   -0.00,  -0.000,   -0.00,  -0.000,1,0,0,0,0
05,16,22,15:05:00,  -0.33,  23.2,  558.25,   4.958,  583.93,  14.259,0,1.18499,2.21848,1.18516,2.22161
05,16,22,15:10:00,   0.04,  26.2,  524.31,   2.393,  521.35,   2.572,0,1.18508,2.21528,1.18495,2.21665
05,16,22,15:17:26,  -0.00,  -0.0,   -0.00,  -0.000,   -0.00,  -0.000,2,0,0,0,0
05,18,22,14:16:33,  -0.00,  -0.0,   -0.00,  -0.000,   -0.00,  -0.000,1,0,0,0,0
05,18,22,14:17:39,  -0.00,  -0.0,   -0.00,  -0.000,   -0.00,  -0.000,2,0,0,0,0
05,18,22,14:54:51,  -0.00,  -0.0,   -0.00,  -0.000,   -0.00,  -0.000,1,0,0,0,0
05,18,22,15:10:53,  -0.00,  -0.0,   -0.00,  -0.000,   -0.00,  -0.000,1,0,0,0,0
05,18,22,15:11:29,  -0.00,  -0.0,   -0.00,  -0.000,   -0.00,  -0.000,1,0,0,0,0
05,18,22,15:12:26,  -0.00,  -0.0,   -0.00,  -0.000,   -0.00,  -0.000,1,0,0,0,0
05,18,22,15:35:55,  -0.00,  -0.0,   -0.00,  -0.000,   -0.00,  -0.000,1,0,0,0,0
05,18,22,15:52:51,  -0.00,  -0.0,   -0.00,  -0.000,   -0.00,  -0.000,1,0,0,0,0
05,19,22,12:12:38,  -0.00,  -0.0,   -0.00,  -0.000,   -0.00,  -0.000,1,0,0,0,0
05,19,22,12:16:05,  -0.00,  -0.0,   -0.00,  -0.000,   -0.00,  -0.000,1,0,0,0,0
05,19,22,12:20:00,  -1.22,  32.0,  489.96,   2.370,  584.89,  26.860,0,1.18999,2.21119,1.18974,2.20723
05,19,22,12:25:00,   0.27,  33.9,  569.06,  40.478,  547.72,  63.385,0,1.19108,2.20623,1.19104,2.19382
05,19,22,12:30:00,  -0.60,  35.2,  518.93,   2.991,  565.40,   2.674,0,1.19374,2.20711,1.19249,2.20219
05,19,22,12:35:00,  -1.28,  36.1,  531.35,  24.684,  631.36,  10.656,0,1.19370,2.20028,1.19320,2.19648
05,19,22,12:40:00,  -1.41,  36.8,  498.44,   2.777,  608.14,  18.479,0,1.19479,2.20732,1.19462,2.20003
05,19,22,12:45:00,  -0.36,  37.6,  491.81,   4.625,  519.58,   4.811,0,1.19537,2.20711,1.19537,2.20548
05,19,22,12:50:00,  -0.04,  38.1,  491.07,   1.822,  494.43,   2.271,0,1.19612,2.20665,1.19608,2.20657
05,19,22,12:55:00,  -0.07,  38.6,  476.65,   3.363,  481.77,   3.259,0,1.19683,2.20823,1.19645,2.20765
05,19,22,13:00:00,   0.16,  38.9,  491.42,   5.434,  479.19,   4.638,0,1.19683,2.20553,1.19716,2.20740
05,19,22,13:05:00,  -0.06,  39.1,  506.05,   3.076,  510.38,   2.962,0,1.19708,2.20498,1.19749,2.20486
05,19,22,13:10:00,  -0.11,  39.4,  497.08,   2.825,  505.38,   2.388,0,1.19762,2.20590,1.19762,2.20528
05,19,22,13:15:00,  -0.04,  39.5,  511.30,   8.485,  514.72,   3.576,0,1.19754,2.20490,1.19766,2.20357
05,19,22,13:20:00,  -0.14,  39.7,  478.72,   3.630,  489.35,   2.027,0,1.19816,2.20765,1.19804,2.20661
05,19,22,13:25:00,  -0.02,  39.9,  481.73,   3.760,  483.51,   1.545,0,1.19820,2.20744,1.19808,2.20636
05,19,22,13:30:00,  -0.06,  39.9,  472.02,   2.760,  476.92,   2.923,0,1.19858,2.20823,1.19824,2.20753
05,19,22,13:35:00,   0.08,  40.0,  490.60,   2.737,  484.70,   5.432,0,1.19858,2.20594,1.19866,2.20628
05,19,22,13:40:00,  -0.08,  40.1,  484.52,   1.922,  490.68,   1.448,0,1.19879,2.20678,1.19870,2.20657
05,19,22,13:45:00,   0.01,  40.1,  480.23,   3.999,  479.45,   4.036,0,1.19883,2.20715,1.19866,2.20740
05,19,22,13:50:00,  -0.07,  40.3,  474.47,   3.699,  479.84,   1.442,0,1.19904,2.20753,1.19879,2.20715
05,19,22,13:55:00,  -0.04,  40.3,  482.79,   3.578,  485.60,   3.369,0,1.19883,2.20694,1.19887,2.20678
05,19,22,14:00:00,   0.16,  40.4,  515.79,   4.918,  503.49,   4.510,0,1.19945,2.20365,1.19941,2.20473
05,19,22,14:05:00,  -0.18,  40.7,  498.32,   7.419,  512.18,   3.644,0,1.19945,2.20590,1.19958,2.20428
05,19,22,14:10:00,  -0.00,  41.0,  491.02,   3.719,  491.31,   4.022,0,1.19970,2.20523,1.19945,2.20540
05,19,22,14:15:00,   0.01,  41.2,  491.39,   3.524,  490.57,   2.927,0,1.20008,2.20486,1.20000,2.20544
05,19,22,14:20:00,   0.13,  41.4,  514.02,   3.609,  504.14,   3.214,0,1.20029,2.20286,1.19995,2.20357
05,19,22,14:25:00,  -0.13,  41.5,  500.68,   4.067,  510.47,   3.408,0,1.20024,2.20369,1.20008,2.20357
05,19,22,14:30:00,  -0.16,  41.8,  493.93,   3.900,  506.06,   0.947,0,1.20074,2.20473,1.20054,2.20332
05,19,22,14:35:00,   0.02,  41.7,  488.53,   3.382,  486.75,   0.948,0,1.20070,2.20490,1.20050,2.20515
05,19,22,14:40:00,  -0.00,  41.7,  494.60,   2.179,  494.84,   2.133,0,1.20066,2.20482,1.20041,2.20436
05,19,22,14:45:00,  -0.08,  41.7,  474.62,   1.701,  480.87,   3.640,0,1.20070,2.20690,1.20062,2.20640
05,19,22,14:50:00,   0.28,  41.7,  509.70,   5.168,  488.10,   5.544,0,1.20087,2.20319,1.20083,2.20482
05,19,22,14:55:00,  -0.08,  41.7,  498.76,   2.543,  504.67,   3.374,0,1.20091,2.20494,1.20083,2.20432
05,19,22,15:00:00,  -0.08,  41.7,  481.60,   3.436,  488.05,   2.014,0,1.20091,2.20636,1.20091,2.20623
05,19,22,15:05:00,   0.05,  41.6,  507.46,   5.045,  503.77,   3.031,0,1.20112,2.20378,1.20083,2.20457
05,19,22,15:09:19,  -0.00,  -0.0,   -0.00,  -0.000,   -0.00,  -0.000,2,0,0,0,0
05,19,22,15:20:00,   0.98,  41.4,  636.67,   8.512,  560.54,  27.318,0,1.20079,2.19161,1.20062,2.19482
05,19,22,15:25:00,  -0.59,  41.2,  693.77,  11.203,  739.40,  16.091,0,1.20079,2.18973,1.20087,2.18640
05,19,22,15:30:00,  -0.26,  41.2,  568.40,   2.703,  588.29,  11.286,0,1.20066,2.19990,1.20054,2.19869
05,19,22,15:35:00,  -0.44,  41.1,  514.42,   2.167,  548.99,   6.961,0,1.20083,2.20515,1.20087,2.20303
05,19,22,15:40:00,   0.30,  41.0,  540.37,  13.326,  516.86,   2.742,0,1.20041,2.20044,1.20058,2.20465
05,19,22,15:45:00,   2.51,  40.9,  750.97,  20.962,  555.80,   3.670,0,1.20058,2.18102,1.20020,2.20103
05,19,22,15:50:00,   3.67,  40.8,  815.65,  21.919,  530.07,  19.341,0,1.20045,2.17565,1.20029,2.20548
05,19,22,15:55:00,   4.06,  40.6,  825.41,  23.098,  509.47,  19.822,0,1.20045,2.17519,1.19979,2.20669
05,19,22,16:00:00,   3.48,  40.4,  807.46,  16.027,  536.68,  19.855,0,1.19991,2.17753,1.19983,2.20503
05,19,22,16:05:00,   3.62,  40.2,  819.88,  21.488,  537.73,  15.880,0,1.19983,2.17577,1.19950,2.20428
05,19,22,16:10:00,  -1.01,  40.1,  547.35,  16.580,  625.73,  20.361,0,1.19925,2.19948,1.19945,2.19811
05,19,22,16:15:00,   0.44,  39.9,  584.02,  14.528,  549.48,   2.833,0,1.19908,2.19636,1.19908,2.20203
05,19,22,16:20:00,  -0.01,  39.8,  545.01,   3.342,  545.55,   8.355,0,1.19874,2.20198,1.19933,2.20369
05,19,22,16:25:00,   0.69,  39.6,  554.13,   7.877,  500.75,   5.437,0,1.19883,2.20111,1.19887,2.20778
05,19,22,16:30:00,   0.49,  39.4,  567.04,   0.766,  529.16,   1.926,0,1.19824,2.20048,1.19841,2.20398
05,19,22,16:35:00,   0.70,  39.2,  586.70,   5.677,  532.01,   3.648,0,1.19850,2.19903,1.19845,2.20403
05,19,22,16:40:00,   0.14,  39.0,  562.44,   4.024,  551.89,   9.332,0,1.19795,2.20098,1.19787,2.20223
05,19,22,16:45:00,   1.41,  38.8,  678.90,  12.005,  569.43,   1.897,0,1.19795,2.18978,1.19795,2.20136
05,19,22,16:50:00,   1.78,  38.6,  705.39,  12.551,  566.98,   5.934,0,1.19812,2.18865,1.19779,2.20194
05,19,22,16:55:00,   2.02,  38.5,  733.07,  11.746,  575.48,   5.350,0,1.19749,2.18573,1.19779,2.20153
05,19,22,17:00:00,   0.25,  38.3,  597.91,  10.562,  578.67,   9.903,0,1.19741,2.19990,1.19791,2.20140
05,19,22,17:05:00,   2.06,  38.2,  756.08,  18.009,  596.03,   3.928,0,1.19766,2.18378,1.19749,2.19923
05,19,22,17:10:00,   2.34,  38.1,  769.65,  14.073,  587.24,  13.532,0,1.19770,2.18323,1.19745,2.20211
05,19,22,17:15:00,   2.61,  38.0,  767.92,  13.415,  564.57,  11.706,0,1.19704,2.18507,1.19737,2.20423
05,19,22,17:20:00,   5.68,  37.9, 1055.41,  64.254,  613.31,   6.425,0,1.19804,2.15427,1.19733,2.19919
05,19,22,17:25:00,   8.88,  37.7, 1355.17,  51.692,  663.78,  29.553,0,1.19804,2.13319,1.19720,2.19678
05,19,22,17:30:00,   8.52,  37.6, 1383.87,  42.258,  720.81,  45.022,0,1.19774,2.13248,1.19729,2.19353
05,19,22,17:35:00,   6.01,  37.5, 1179.88, 111.651,  712.25,  47.233,0,1.19741,2.16698,1.19708,2.19457
05,19,22,17:40:00,   0.40,  37.3,  652.48,   5.366,  621.66,  21.032,0,1.19658,2.19478,1.19695,2.20040
05,19,22,17:45:00,   1.31,  37.1,  679.84,   8.037,  578.13,   7.666,0,1.19662,2.19303,1.19633,2.20303
05,19,22,17:50:00,   1.39,  37.0,  696.87,  11.373,  588.99,   7.113,0,1.19704,2.19178,1.19637,2.20269
05,19,22,17:55:00,  -0.02,  36.8,  591.82,   3.047,  593.21,  11.608,0,1.19641,2.20215,1.19587,2.20253
05,19,22,18:00:00,   0.40,  36.6,  597.16,   4.443,  565.81,   2.799,0,1.19620,2.20153,1.19633,2.20457
05,19,22,18:05:00,   0.26,  36.5,  609.13,   2.189,  589.16,   4.755,0,1.19579,2.20015,1.19620,2.20198
05,20,22,09:52:04,  -0.00,  -0.0,   -0.00,  -0.000,   -0.00,  -0.000,1,0,0,0,0
05,20,22,09:55:00,  -0.48,  28.0,  554.20,   5.077,  591.53,  14.893,0,1.18841,2.21311,1.18845,2.21390
05,20,22,09:59:17,  -0.00,  -0.0,   -0.00,  -0.000,   -0.00,  -0.000,2,0,0,0,0
05,25,22,09:25:05,  -0.00,  -0.0,   -0.00,  -0.000,   -0.00,  -0.000,1,0,0,0,0
05,25,22,09:25:23,  -0.48,  21.9,  548.48,   5.502,  585.75,  15.561,0,1.18466,2.22219,1.18529,2.22548
05,25,22,09:29:05,  -0.00,  -0.0,   -0.00,  -0.000,   -0.00,  -0.000,2,0,0,0,0
05,25,22,09:30:00,  -0.06,  25.4,  525.28,   2.877,  530.33,   2.502,0,1.18512,2.21740,1.18454,2.21811
05,25,22,09:35:00,   0.01,  26.9,  529.48,   3.180,  528.84,   7.415,0,1.18612,2.21523,1.18624,2.21569
05,25,22,09:40:00,  -0.01,  27.9,  548.89,   2.922,  549.44,   4.590,0,1.18716,2.21286,1.18679,2.21273
05,25,22,09:45:00,  -0.09,  28.6,  555.71,   3.717,  562.46,   6.221,0,1.18787,2.21211,1.18754,2.21178
05,25,22,09:50:00,  -0.06,  29.1,  539.85,   3.427,  544.83,   1.588,0,1.18841,2.21303,1.18816,2.21298
05,25,22,09:55:00,   0.05,  29.6,  541.43,   2.659,  537.52,   3.670,0,1.18895,2.21278,1.18870,2.21340
05,25,22,10:00:00,   0.02,  29.9,  555.87,   5.904,  554.50,   4.288,0,1.18958,2.21082,1.18929,2.21086
05,25,22,10:05:00,  -0.14,  30.3,  551.14,   3.165,  562.08,   2.265,0,1.18983,2.21178,1.18970,2.21107
05,25,22,10:10:00,  -0.13,  30.6,  502.52,   1.514,  512.76,   4.690,0,1.18995,2.21607,1.19008,2.21582
05,25,22,10:15:00,  -0.03,  30.7,  496.53,   2.805,  498.65,   2.070,0,1.19008,2.21632,1.19008,2.21644
05,25,22,10:20:00,  -0.03,  30.8,  493.97,   1.805,  496.44,   2.886,0,1.19037,2.21694,1.19062,2.21686
05,25,22,10:25:00,   0.06,  30.8,  531.34,   6.946,  526.87,  12.015,0,1.19020,2.21382,1.19062,2.21365
05,25,22,10:30:00,   1.50,  30.8,  659.27,  21.103,  542.24,   6.989,0,1.19045,2.19890,1.19016,2.21307
05,25,22,10:35:00,   2.58,  30.7,  716.45,  15.121,  515.61,  10.691,0,1.19012,2.19494,1.19045,2.21594
05,25,22,10:40:00,   2.40,  30.5,  700.43,  13.489,  513.24,  12.436,0,1.19004,2.19653,1.18983,2.21603
05,25,22,10:45:00,   2.31,  30.3,  689.87,  14.925,  510.40,  13.710,0,1.18974,2.19794,1.18920,2.21657
05,25,22,10:50:00,   2.14,  30.0,  675.07,  11.985,  508.83,  10.477,0,1.18966,2.19953,1.18908,2.21665
05,25,22,10:55:00,   2.47,  29.8,  693.18,  21.090,  500.97,  11.237,0,1.18941,2.19682,1.18887,2.21744
05,25,22,11:00:00,   4.57,  29.6,  876.72,  34.636,  521.12,  13.403,0,1.18949,2.18015,1.18883,2.21632
05,25,22,11:05:00,   5.24,  29.4,  967.79,  24.327,  559.99,  21.155,0,1.18920,2.17394,1.18895,2.21353
05,25,22,11:10:00,   4.58,  29.3,  907.11,  23.206,  550.23,  31.568,0,1.18958,2.18007,1.18849,2.21603
05,25,22,11:15:00,  -0.15,  29.2,  524.60,  10.393,  536.33,  27.628,0,1.18866,2.21607,1.18874,2.21619
05,25,22,11:20:00,   5.00,  29.0,  882.27,  41.382,  492.82,   0.842,0,1.18920,2.17990,1.18874,2.21903
05,25,22,11:25:00,   5.83,  29.0,  989.98,  33.266,  535.99,  26.089,0,1.18924,2.17227,1.18879,2.21786
05,25,22,11:30:00,   5.42,  28.9,  967.79,  28.827,  545.56,  32.584,0,1.18912,2.17469,1.18854,2.21719
05,25,22,11:35:00,   5.39,  28.8,  960.77,  35.939,  540.95,  29.134,0,1.18908,2.17448,1.18866,2.21778
05,25,22,11:40:00,   5.16,  28.7,  977.47,  30.222,  575.68,  22.471,0,1.18912,2.17398,1.18845,2.21386
05,25,22,11:45:00,   3.65,  28.6,  858.41,  73.717,  574.40,  27.355,0,1.18862,2.19682,1.18854,2.21486
05,25,22,11:50:00,  -0.05,  28.5,  522.95,   4.056,  526.77,  14.674,0,1.18854,2.21632,1.18845,2.21840
05,25,22,11:55:00,   0.68,  28.5,  541.54,   5.341,  488.40,   3.143,0,1.18829,2.21436,1.18833,2.22044
05,25,22,12:00:00,   0.84,  28.6,  552.10,   8.100,  486.75,   2.128,0,1.18895,2.21398,1.18879,2.22078
05,25,22,12:05:00,   0.75,  28.7,  550.80,   5.862,  492.22,   1.792,0,1.18883,2.21394,1.18883,2.22040
05,25,22,12:10:00,   0.77,  28.7,  555.80,   8.369,  495.70,   4.939,0,1.18899,2.21373,1.18866,2.22023
05,25,22,12:15:00,  -0.03,  28.7,  504.78,   8.060,  507.48,  18.476,0,1.18874,2.21882,1.18866,2.22061
05,25,22,12:20:00,   0.88,  28.8,  576.19,  11.214,  507.34,   5.397,0,1.18912,2.21111,1.18941,2.21861
05,25,22,12:25:00,   1.27,  28.9,  623.27,  12.348,  524.35,   5.089,0,1.18920,2.20669,1.18899,2.21757
05,25,22,12:30:00,   1.48,  29.1,  643.83,  12.860,  528.36,   8.889,0,1.18962,2.20486,1.18908,2.21698
05,25,22,12:35:00,   1.45,  29.2,  644.73,   7.703,  531.80,   7.511,0,1.18937,2.20448,1.18941,2.21632
05,25,22,12:40:00,   4.49,  29.2,  898.02,  71.347,  548.24,  11.378,0,1.19016,2.17536,1.18949,2.21469
05,25,22,12:45:00,   8.64,  29.3, 1279.60,  61.744,  607.08,  21.766,0,1.19045,2.14757,1.18966,2.21078
05,25,22,12:50:00,   5.98,  29.4, 1327.62,  27.727,  862.47,  14.946,0,1.19041,2.14632,1.19008,2.18590
05,25,22,12:55:00,   3.79,  29.4, 1106.72,  26.821,  811.36,  69.954,0,1.19049,2.16382,1.18962,2.19790
05,25,22,13:00:00,   5.32,  29.5, 1081.09,  36.641,  666.85,  35.375,0,1.19079,2.16552,1.19024,2.20740
05,25,22,13:05:00,   0.77,  29.5,  704.26,  29.082,  644.38,  29.844,0,1.18995,2.20457,1.19045,2.20919
05,25,22,13:10:00,   1.12,  29.4,  632.27,   8.018,  544.97,   9.619,0,1.18970,2.20594,1.18991,2.21603
05,25,22,13:15:00,   1.18,  29.4,  620.48,   8.021,  528.43,   8.223,0,1.18987,2.20753,1.18962,2.21707
05,25,22,13:20:00,   0.92,  29.3,  590.98,   4.981,  519.01,   6.869,0,1.18949,2.21019,1.18949,2.21782
05,25,22,13:25:00,   1.05,  29.3,  601.84,   9.190,  519.88,   3.726,0,1.18979,2.20898,1.18974,2.21782
05,25,22,14:05:35,  -0.00,  -0.0,   -0.00,  -0.000,   -0.00,  -0.000,1,0,0,0,0
05,25,22,14:05:55,  -0.00,  -0.0,   -0.00,  -0.000,   -0.00,  -0.000,2,0,0,0,0
05,25,22,14:06:09,  -0.00,  -0.0,   -0.00,  -0.000,   -0.00,  -0.000,2,0,0,0,0
05,26,22,10:28:44,  -0.00,  -0.0,   -0.00,  -0.000,   -0.00,  -0.000,1,0,0,0,0
05,26,22,10:30:00,  -0.55,  22.7,  505.74,   6.809,  548.28,  15.073,0,1.18449,2.22498,1.18504,2.22632
05,26,22,10:35:00,  -0.08,  25.4,  470.10,   2.381,  476.09,   1.614,0,1.18516,2.22298,1.18495,2.22373
05,26,22,10:40:00,   0.02,  26.7,  469.57,   1.984,  468.23,   4.928,0,1.18591,2.22169,1.18599,2.22228
05,26,22,10:45:00,   0.02,  27.4,  475.05,   1.768,  473.45,   4.205,0,1.18691,2.22103,1.18633,2.22123
05,26,22,10:50:00,   0.05,  27.9,  487.10,   5.378,  483.59,   3.498,0,1.18745,2.21961,1.18724,2.21961
05,26,22,10:55:00,   0.04,  28.3,  489.28,   4.693,  486.43,   1.304,0,1.18804,2.21915,1.18774,2.21994
05,26,22,11:00:00,  -0.03,  28.6,  495.59,   2.151,  498.18,   3.682,0,1.18837,2.21873,1.18812,2.21840
05,26,22,11:05:00,   0.07,  28.8,  502.10,   5.018,  496.40,   4.361,0,1.18895,2.21811,1.18829,2.21865
05,26,22,11:10:00,  -0.04,  29.0,  497.26,   0.988,  500.25,   2.399,0,1.18883,2.21882,1.18874,2.21807
05,26,22,11:15:00,   0.00,  29.1,  499.35,   2.282,  499.24,   2.878,0,1.18891,2.21828,1.18891,2.21798
05,26,22,11:20:00,   0.00,  29.3,  501.96,   4.468,  501.59,   2.794,0,1.18895,2.21811,1.18904,2.21761
05,26,22,11:25:00,  -0.00,  29.4,  499.57,   2.925,  499.84,   2.157,0,1.18941,2.21803,1.18920,2.21832
05,26,22,11:30:00,   0.04,  29.5,  506.67,   2.669,  503.29,   2.395,0,1.18954,2.21753,1.18933,2.21761
05,26,22,11:35:00,   0.01,  29.6,  502.58,   1.001,  501.86,   1.198,0,1.18958,2.21798,1.18958,2.21786
05,26,22,11:40:00,  -0.04,  29.7,  520.73,   6.377,  523.57,  10.694,0,1.18945,2.21678,1.19083,2.21640
05,26,22,13:58:50,  -0.00,  -0.0,   -0.00,  -0.000,   -0.00,  -0.000,1,0,0,0,0
05,26,22,14:00:00,   4.31,  28.4,  848.04,  19.319,  512.74,  20.604,0,1.18916,2.18573,1.18920,2.21665
05,26,22,14:06:35,  -0.00,  -0.0,   -0.00,  -0.000,   -0.00,  -0.000,1,0,0,0,0
05,26,22,14:08:45,  -0.00,  -0.0,   -0.00,  -0.000,   -0.00,  -0.000,1,0,0,0,0
05,26,22,14:10:00,  -0.25,  31.1,  530.11,   7.825,  549.80,  15.063,0,1.18999,2.20948,1.18974,2.21182
05,26,22,14:15:00,   1.99,  32.5,  663.15,  15.433,  508.39,   3.976,0,1.19124,2.19528,1.19083,2.21128
05,26,22,14:20:00,   2.21,  33.2,  730.60,  13.361,  558.38,  11.730,0,1.19208,2.18952,1.19170,2.20811
05,26,22,14:25:00,   2.61,  33.5,  726.43,  14.033,  523.55,  13.681,0,1.19270,2.19044,1.19187,2.21103
05,26,22,14:30:00,   2.14,  33.7,  698.80,  16.941,  532.52,  12.824,0,1.19283,2.19686,1.19208,2.20978
05,26,22,14:35:00,  -0.63,  33.8,  552.23,   6.002,  601.32,  21.537,0,1.19270,2.20632,1.19237,2.20507
05,26,22,14:40:00,   1.55,  33.9,  648.28,  15.011,  527.27,   4.182,0,1.19312,2.19703,1.19291,2.20990
05,26,22,14:45:00,   2.00,  33.8,  739.64,  13.331,  584.26,   3.820,0,1.19308,2.18919,1.19299,2.20411
05,26,22,14:50:00,   1.79,  33.8,  810.34,  12.056,  671.18,   7.652,0,1.19333,2.18357,1.19299,2.19778
05,26,22,14:55:00,   1.90,  33.7,  816.68,  11.263,  669.06,   9.306,0,1.19308,2.18319,1.19316,2.19865
05,26,22,15:00:00,   3.80,  33.6,  998.52, 100.245,  702.40,  13.640,0,1.19370,2.15794,1.19291,2.19582
05,26,22,15:05:00,  12.58,  33.5, 1706.58,  83.894,  727.33,  35.300,0,1.19433,2.10931,1.19287,2.19615
05,26,22,15:10:00,  12.66,  33.4, 1756.37,  64.656,  770.76,  70.514,0,1.19404,2.10765,1.19308,2.19578
05,26,22,15:15:00,  13.20,  33.4, 1774.17,  67.418,  746.78,  72.694,0,1.19408,2.10656,1.19283,2.19790
05,26,22,15:20:00,  11.99,  33.3, 1697.88,  55.149,  764.58,  71.488,0,1.19412,2.11311,1.19308,2.19653
05,26,22,15:25:00,  -0.84,  33.3,  678.22,   1.139,  743.75,  73.622,0,1.19283,2.19748,1.19291,2.19898
05,26,22,15:30:00,   0.77,  33.3,  676.26,   4.739,  616.32,   8.643,0,1.19304,2.19786,1.19254,2.20369
05,26,22,15:35:00,   1.22,  33.2,  656.73,  10.631,  562.14,  11.442,0,1.19283,2.19857,1.19287,2.20940
05,26,22,15:40:00,  -0.16,  33.2,  562.35,   9.533,  574.51,  10.663,0,1.19291,2.20698,1.19266,2.20823
05,26,22,15:45:00,   1.60,  33.3,  717.95,   9.604,  593.77,  10.102,0,1.19349,2.19398,1.19295,2.20398
05,26,22,15:50:00,   1.13,  33.3,  735.47,   7.225,  647.24,   3.030,0,1.19329,2.19228,1.19329,2.20094
05,26,22,15:55:00,   1.17,  33.4,  766.84,   7.524,  675.70,   6.176,0,1.19362,2.18961,1.19324,2.19790
05,26,22,16:00:00,   1.07,  33.4,  759.26,   4.419,  676.06,   9.157,0,1.19316,2.19032,1.19333,2.19919
05,26,22,16:05:00,  -0.07,  33.4,  647.12,   8.267,  652.70,   6.620,0,1.19329,2.19953,1.19308,2.20057
05,26,22,16:10:00,   1.10,  33.3,  750.61,  11.436,  665.22,   1.908,0,1.19345,2.19027,1.19337,2.19915
05,26,22,16:15:00,   1.52,  33.3,  805.34,   9.587,  687.07,   4.847,0,1.19354,2.18598,1.19337,2.19753
05,26,22,16:20:00,   1.56,  33.3,  777.22,   9.848,  655.75,  15.955,0,1.19320,2.18811,1.19295,2.20169
05,26,22,17:08:42,  -0.00,  -0.0,   -0.00,  -0.000,   -0.00,  -0.000,1,0,0,0,0
05,26,22,17:13:05,  -0.00,  -0.0,   -0.00,  -0.000,   -0.00,  -0.000,2,0,0,0,0
05,26,22,17:13:07,  -0.00,  -0.0,   -0.00,  -0.000,   -0.00,  -0.000,2,0,0,0,0
06,06,22,13:03:30,  -0.00,  -0.0,   -0.00,  -0.000,   -0.00,  -0.000,1,0,0,0,0
06,06,22,13:05:00,   0.54,  26.8,  328.98,   5.110,  286.84,   9.475,0,1.18483,2.23078,1.18466,2.23953
06,06,22,13:10:00,   1.41,  29.0,  364.90,   3.645,  254.95,   3.027,0,1.18512,2.22340,1.18449,2.23540
06,06,22,13:15:00,   1.55,  30.2,  381.08,   7.804,  260.23,   4.225,0,1.18583,2.22023,1.18562,2.23369
06,06,22,13:20:00,   1.45,  31.1,  376.75,   3.518,  264.25,   4.864,0,1.18683,2.22057,1.18691,2.23261
06,06,22,13:25:00,   1.38,  31.5,  375.10,   5.509,  267.44,   4.130,0,1.18720,2.21990,1.18716,2.23186
06,06,22,13:30:00,   1.36,  32.1,  369.65,   6.577,  263.73,   4.773,0,1.18833,2.22090,1.18762,2.23194
06,06,22,13:35:00,   1.30,  32.1,  367.03,   2.969,  265.84,   2.913,0,1.18837,2.22165,1.18799,2.23178
06,06,22,13:40:00,   1.22,  32.2,  362.00,   4.312,  267.35,   3.458,0,1.18845,2.22207,1.18812,2.23198
06,06,22,13:45:00,   1.13,  31.8,  353.05,   4.075,  264.77,   3.137,0,1.18799,2.22357,1.18824,2.23294
06,06,22,13:50:00,   1.17,  31.5,  354.69,   5.705,  263.86,   2.039,0,1.18787,2.22390,1.18799,2.23361
06,06,22,13:55:00,   1.13,  31.1,  349.82,   7.276,  261.58,   5.355,0,1.18758,2.22465,1.18724,2.23407
06,06,22,14:00:00,   1.22,  30.5,  352.71,   6.558,  257.42,   1.472,0,1.18716,2.22540,1.18704,2.23536
06,06,22,14:05:00,   1.27,  30.0,  352.99,   2.677,  254.22,   5.533,0,1.18624,2.22561,1.18633,2.23603
06,06,22,14:10:00,   1.21,  29.4,  345.51,   5.440,  251.57,   2.913,0,1.18570,2.22707,1.18595,2.23686
06,06,22,14:15:00,   1.20,  28.7,  347.49,   2.774,  254.41,   4.925,0,1.18491,2.22778,1.18512,2.23774
06,06,22,14:20:00,   1.24,  28.0,  344.39,   4.055,  247.96,   4.696,0,1.18441,2.22890,1.18445,2.23903
06,06,22,14:25:00,   1.25,  27.3,  345.68,   6.159,  248.19,   2.522,0,1.18420,2.22961,1.18416,2.23999
06,06,22,14:30:00,   1.25,  26.8,  344.55,   4.686,  247.34,   4.795,0,1.18395,2.23065,1.18383,2.24115
06,06,22,14:35:00,   1.33,  26.4,  351.59,   7.203,  248.22,   2.965,0,1.18379,2.23053,1.18395,2.24174
06,06,22,14:40:00,   1.50,  26.2,  365.17,   7.411,  248.08,   4.165,0,1.18374,2.22994,1.18362,2.24236
06,06,22,14:45:00,   1.50,  26.1,  367.89,   6.202,  251.39,   3.066,0,1.18412,2.23011,1.18354,2.24228
06,06,22,14:50:00,   1.43,  26.1,  362.81,   6.512,  251.80,   3.589,0,1.18416,2.23048,1.18429,2.24303
06,06,22,14:55:00,   1.43,  26.1,  360.24,   6.094,  248.93,   5.154,0,1.18416,2.23098,1.18391,2.24303
06,06,22,15:00:00,   1.42,  26.0,  361.52,   6.680,  250.60,   5.755,0,1.18429,2.23107,1.18383,2.24311
06,06,22,15:05:00,   1.35,  25.9,  354.92,   5.137,  249.94,   6.396,0,1.18391,2.23178,1.18358,2.24332
06,06,22,15:10:00,   1.26,  25.8,  349.43,   6.767,  251.17,   3.568,0,1.18387,2.23215,1.18383,2.24344
06,06,22,15:15:00,   1.35,  25.6,  354.77,   6.445,  249.31,   4.245,0,1.18366,2.23223,1.18349,2.24357
06,06,22,15:20:00,   1.47,  25.5,  364.92,   6.067,  250.47,   2.418,0,1.18370,2.23149,1.18354,2.24361
06,06,22,15:25:00,   1.44,  25.3,  362.27,   6.429,  250.36,   4.707,0,1.18354,2.23169,1.18333,2.24411
06,06,22,15:30:00,   1.32,  25.2,  354.26,   5.225,  251.69,   2.947,0,1.18329,2.23249,1.18337,2.24399
06,06,22,15:35:00,   1.42,  25.1,  358.97,   4.279,  248.66,   3.543,0,1.18345,2.23244,1.18312,2.24415
06,06,22,15:40:00,   1.44,  25.2,  364.62,   7.123,  252.24,   4.731,0,1.18370,2.23161,1.18354,2.24440
06,06,22,15:45:00,   1.39,  25.3,  360.90,   6.317,  252.34,   7.026,0,1.18337,2.23165,1.18337,2.24424
06,06,22,15:50:00,   1.31,  25.2,  354.77,   6.068,  252.83,   3.766,0,1.18366,2.23286,1.18320,2.24394
06,06,22,15:55:00,   1.38,  25.4,  358.71,   4.334,  251.37,   3.608,0,1.18379,2.23236,1.18345,2.24415
06,06,22,16:00:00,   1.41,  25.5,  360.03,   4.300,  250.57,   3.241,0,1.18387,2.23236,1.18379,2.24415
06,06,22,16:05:00,   1.42,  25.5,  360.16,   7.856,  249.37,   4.690,0,1.18370,2.23215,1.18358,2.24432
06,06,22,16:10:00,   1.35,  25.3,  356.49,   6.796,  251.23,   4.814,0,1.18399,2.23282,1.18324,2.24403
06,06,22,16:15:00,   1.30,  25.3,  352.52,   3.758,  251.66,   5.450,0,1.18362,2.23340,1.18354,2.24440
06,06,22,16:20:00,   1.34,  25.0,  354.40,   6.308,  250.34,   4.680,0,1.18316,2.23307,1.18283,2.24411
06,08,22,11:27:57,  -0.00,  -0.0,   -0.00,  -0.000,   -0.00,  -0.000,1,0,0,0,0
06,08,22,11:30:00,  -0.13,  21.9,  634.47,   2.147,  644.54,   2.902,0,1.18162,2.20861,1.18154,2.21103
06,08,22,11:35:00,   0.07,  24.5,  671.25,   1.974,  665.92,   4.894,0,1.18249,2.20140,1.18216,2.20253
06,08,22,11:40:00,   0.01,  25.9,  703.32,   2.696,  702.60,   4.215,0,1.18374,2.19748,1.18366,2.19882
06,08,22,11:45:00,  -0.43,  26.9,  642.42,   4.756,  675.79,  13.834,0,1.18483,2.20298,1.18437,2.20161
06,08,22,11:52:23,  -0.00,  -0.0,   -0.00,  -0.000,   -0.00,  -0.000,2,0,0,0,0
06,20,22,12:53:22,  -0.00,  -0.0,   -0.00,  -0.000,   -0.00,  -0.000,1,0,0,0,0
06,20,22,12:55:00,   1.32,  15.5,  382.04,  13.233,  279.15,  12.215,0,1.17487,2.23669,1.17479,2.25274
06,20,22,13:02:09,  -0.00,  -0.0,   -0.00,  -0.000,   -0.00,  -0.000,1,0,0,0,0
06,20,22,13:05:00,   1.96,  18.4,  401.76,   8.682,  249.40,   4.557,0,1.17662,2.23286,1.17629,2.24899
06,20,22,13:10:00,   1.77,  18.9,  403.07,   5.079,  265.49,   3.699,0,1.17699,2.23261,1.17670,2.24728
06,20,22,13:15:00,   1.56,  19.2,  396.72,   5.652,  275.19,   8.200,0,1.17729,2.23328,1.17716,2.24694
06,20,22,13:20:00,   1.53,  19.4,  380.65,   6.977,  261.59,   6.997,0,1.17804,2.23519,1.17737,2.24824
06,20,22,13:25:00,   1.45,  19.6,  377.00,   4.203,  263.94,   6.453,0,1.17812,2.23586,1.17787,2.24836
06,20,22,13:30:00,   1.37,  19.6,  380.40,   2.850,  273.49,   4.206,0,1.17808,2.23557,1.17795,2.24619
06,20,22,13:35:00,   1.25,  19.6,  373.04,   5.691,  275.51,   6.471,0,1.17804,2.23611,1.17787,2.24724
06,20,22,13:40:00,   1.33,  19.5,  374.12,   7.285,  270.68,   5.365,0,1.17824,2.23607,1.17783,2.24765
06,20,22,13:45:00,   1.26,  19.4,  375.27,   8.007,  276.86,   7.824,0,1.17804,2.23611,1.17783,2.24757
06,20,22,13:51:24,  -0.00,  -0.0,   -0.00,  -0.000,   -0.00,  -0.000,1,0,0,0,0
06,20,22,13:55:00,   1.62,  19.1,  387.96,   6.432,  261.77,   2.149,0,1.17795,2.23557,1.17787,2.24907
06,20,22,14:00:00,   1.63,  19.0,  395.12,   8.209,  268.47,   4.490,0,1.17804,2.23448,1.17783,2.24907
06,20,22,14:05:00,   1.53,  18.9,  407.31,   6.483,  288.12,   3.112,0,1.17799,2.23411,1.17787,2.24665
06,20,22,14:10:00,   1.59,  18.9,  397.40,   5.570,  273.97,   6.249,0,1.17787,2.23528,1.17770,2.24832
06,20,22,14:15:00,   1.77,  18.8,  405.00,   7.933,  266.85,   6.942,0,1.17812,2.23448,1.17745,2.24936
06,20,22,14:20:00,   1.85,  18.9,  408.41,   7.904,  264.01,   4.873,0,1.17808,2.23424,1.17766,2.24961
06,20,22,14:25:00,   1.89,  19.0,  413.78,   6.881,  266.62,   5.817,0,1.17824,2.23340,1.17795,2.24994
06,20,22,14:30:00,   2.00,  19.1,  424.64,  10.271,  269.13,   7.556,0,1.17833,2.23244,1.17812,2.24974
06,20,22,14:35:00,   1.64,  19.1,  403.62,   3.970,  275.98,   5.707,0,1.17854,2.23532,1.17795,2.24844
06,20,22,14:40:00,   1.43,  19.2,  383.14,   5.818,  272.18,   6.834,0,1.17849,2.23682,1.17824,2.24924
06,20,22,14:45:00,   1.52,  19.2,  387.96,   6.525,  269.31,   4.036,0,1.17854,2.23665,1.17829,2.24936
06,20,22,14:50:00,   1.30,  19.2,  374.33,   4.215,  273.15,   4.399,0,1.17841,2.23811,1.17820,2.24890
06,20,22,14:55:00,   0.99,  19.3,  347.14,   3.588,  269.73,   3.778,0,1.17866,2.24074,1.17845,2.24932
06,20,22,15:00:00,   0.78,  19.3,  328.48,   3.220,  267.61,   3.708,0,1.17845,2.24244,1.17862,2.24957
06,20,22,15:05:00,   0.59,  19.3,  313.30,   4.149,  267.64,   3.124,0,1.17883,2.24432,1.17854,2.24953
06,20,22,15:10:00,   0.60,  19.2,  311.59,   3.596,  264.89,   2.603,0,1.17824,2.24436,1.17845,2.24969
06,20,22,15:15:00,   0.50,  19.2,  300.93,   1.008,  262.19,   2.365,0,1.17849,2.24569,1.17849,2.25015
06,20,22,15:20:00,   0.50,  19.3,  300.84,   2.924,  261.91,   2.683,0,1.17895,2.24611,1.17862,2.25024
06,20,22,15:25:00,   0.30,  19.4,  302.42,   1.166,  278.76,   2.135,0,1.17883,2.24561,1.17899,2.24824
06,20,22,15:30:00,   0.42,  19.6,  294.32,   1.638,  262.00,   2.108,0,1.17883,2.24582,1.17904,2.24949
06,20,22,15:35:00,   0.27,  19.8,  286.64,   3.565,  265.32,   3.050,0,1.17929,2.24632,1.17904,2.24903
06,20,22,15:40:00,   0.31,  20.0,  287.42,   2.504,  263.66,   1.575,0,1.17941,2.24632,1.17904,2.24874
06,20,22,15:45:00,   0.40,  20.2,  300.33,   1.868,  269.20,   3.327,0,1.17908,2.24461,1.17937,2.24782
06,20,22,15:50:00,   0.28,  20.3,  287.91,   1.614,  265.87,   2.502,0,1.17941,2.24615,1.17941,2.24824
06,20,22,15:55:00,   0.26,  20.4,  286.91,   2.758,  266.78,   2.803,0,1.17949,2.24561,1.17983,2.24832
06,20,22,16:00:00,   0.25,  20.4,  290.33,   1.526,  271.01,   1.989,0,1.17954,2.24574,1.17958,2.24774
06,20,22,16:05:00,   0.27,  20.5,  285.52,   1.357,  264.81,   3.339,0,1.17954,2.24599,1.17966,2.24815
06,20,22,16:10:00,   0.14,  20.5,  278.07,   1.293,  267.07,   2.814,0,1.17949,2.24690,1.17962,2.24815
06,20,22,16:15:00,   0.24,  20.5,  284.32,   4.183,  265.46,   1.212,0,1.17958,2.24624,1.17954,2.24803
06,20,22,16:20:00,   0.16,  20.6,  279.18,   2.969,  266.58,   2.196,0,1.18008,2.24674,1.18016,2.24844
06,22,22,11:34:55,  -0.00,  -0.0,   -0.00,  -0.000,   -0.00,  -0.000,1,0,0,0,0
06,22,22,11:35:14,  -0.00,  -0.0,   -0.00,  -0.000,   -0.00,  -0.000,2,0,0,0,0
06,22,22,11:35:22,  -0.00,  -0.0,   -0.00,  -0.000,   -0.00,  -0.000,2,0,0,0,0
06,28,22,10:53:58,  -0.00,  -0.0,   -0.00,  -0.000,   -0.00,  -0.000,1,0,0,0,0
06,28,22,10:55:00,  -0.17,  22.4,  306.28,   3.033,  319.63,   9.496,0,1.18408,2.24357,1.18404,2.24740
06,28,22,11:00:00,  -0.02,  26.0,  290.52,   4.158,  292.14,   3.351,0,1.18549,2.23924,1.18562,2.24136
06,28,22,11:05:00,   0.06,  27.8,  295.73,   3.046,  290.79,   2.819,0,1.18704,2.23736,1.18645,2.23865
06,28,22,11:10:00,   0.15,  29.2,  306.61,   3.757,  295.08,   5.272,0,1.18908,2.23665,1.18833,2.23703
06,28,22,11:15:00,   0.02,  30.1,  310.35,   1.488,  309.13,   2.320,0,1.18995,2.23594,1.19004,2.23657
06,28,22,11:20:00,   0.05,  30.9,  316.08,   1.145,  312.23,   2.981,0,1.19049,2.23386,1.18999,2.23478
06,28,22,11:25:00,   0.00,  31.6,  308.53,   3.559,  308.30,   2.448,0,1.19033,2.23336,1.19066,2.23348
06,28,22,11:30:00,   0.00,  31.0,  298.94,   2.850,  298.62,   4.973,0,1.18949,2.23461,1.19016,2.23444
06,28,22,11:35:00,  -0.00,  30.7,  287.53,   2.303,  287.82,   1.787,0,1.18912,2.23603,1.18924,2.23590
06,28,22,11:40:00,   0.01,  30.6,  283.80,   3.267,  282.71,   2.188,0,1.18954,2.23644,1.18933,2.23678
06,28,22,11:45:00,   0.04,  30.6,  278.75,   2.694,  275.39,   1.727,0,1.18929,2.23665,1.18912,2.23711
06,28,22,11:50:00,   0.02,  30.3,  269.35,   2.403,  267.94,   1.900,0,1.18791,2.23698,1.18841,2.23715
06,28,22,11:55:00,  -0.02,  29.8,  258.35,   2.249,  259.78,   3.284,0,1.18733,2.23782,1.18762,2.23774
06,28,22,12:00:00,  -0.02,  29.6,  252.61,   2.191,  253.90,   2.073,0,1.18712,2.23869,1.18724,2.23865
06,28,22,12:05:00,  -0.00,  29.6,  250.17,   1.603,  250.47,   0.473,0,1.18712,2.23886,1.18758,2.23940
06,28,22,12:10:00,   0.06,  29.3,  251.84,   2.514,  247.16,   2.751,0,1.18674,2.23869,1.18712,2.23936
06,28,22,12:15:00,   0.03,  29.3,  247.05,   3.604,  244.66,   3.807,0,1.18724,2.23999,1.18683,2.23953
06,28,22,12:20:00,   0.00,  29.5,  246.54,   3.290,  246.52,   1.335,0,1.18779,2.23986,1.18754,2.24007
06,28,22,12:25:00,   0.02,  29.7,  251.11,   2.637,  249.54,   3.434,0,1.18762,2.23957,1.18774,2.23953
06,28,22,12:30:00,  -0.01,  29.7,  253.24,   3.145,  253.70,   2.776,0,1.18783,2.23932,1.18770,2.23932
06,28,22,12:35:00,   0.04,  29.6,  255.81,   3.184,  253.04,   3.151,0,1.18812,2.23969,1.18745,2.23903
06,28,22,12:40:00,   0.05,  30.9,  269.96,   3.369,  266.05,   5.439,0,1.19174,2.23878,1.19037,2.23932
06,28,22,12:45:00,   0.11,  33.2,  295.85,   1.390,  287.02,   5.193,0,1.19420,2.23569,1.19354,2.23653
06,28,22,12:50:00,   0.10,  34.8,  317.02,   3.858,  309.56,   1.943,0,1.19720,2.23415,1.19595,2.23473
06,28,22,12:57:22,  -0.00,  -0.0,   -0.00,  -0.000,   -0.00,  -0.000,2,0,0,0,0
06,28,22,21:51:42,  -0.00,  -0.0,   -0.00,  -0.000,   -0.00,  -0.000,1,0,0,0,0
06,29,22,10:04:13,  -0.00,  -0.0,   -0.00,  -0.000,   -0.00,  -0.000,1,0,0,0,0
06,29,22,10:05:00,  -0.45,  15.2,  269.04,   6.121,  304.02,  12.546,0,1.17629,2.25361,1.17691,2.25532
06,29,22,10:12:43,  -0.00,  -0.0,   -0.00,  -0.000,   -0.00,  -0.000,1,0,0,0,0
06,29,22,10:15:00,  -0.02,  18.9,  237.90,   1.663,  239.08,   4.471,0,1.17766,2.25140,1.17712,2.25140
06,29,22,10:23:43,  -0.00,  -0.0,   -0.00,  -0.000,   -0.00,  -0.000,1,0,0,0,0
06,29,22,10:25:00,  -0.09,  17.8,  251.24,   5.711,  257.88,   3.869,0,1.17754,2.25244,1.17799,2.25386
06,29,22,10:33:43,  -0.00,  -0.0,   -0.00,  -0.000,   -0.00,  -0.000,1,0,0,0,0
06,29,22,10:35:00,   0.07,  18.9,  245.89,   2.961,  240.45,   2.743,0,1.17791,2.25090,1.17812,2.25236
06,29,22,10:40:00,   0.22,  19.3,  255.10,   2.259,  238.36,   3.271,0,1.17824,2.24986,1.17816,2.25157
06,29,22,10:45:00,   0.15,  19.4,  250.54,   1.302,  238.71,   1.413,0,1.17845,2.25078,1.17833,2.25169
06,29,22,10:50:00,   0.13,  19.2,  248.57,   2.425,  238.42,   1.362,0,1.17833,2.25124,1.17824,2.25199
06,29,22,10:55:00,   0.17,  19.0,  250.73,   1.762,  237.58,   3.420,0,1.17804,2.25132,1.17845,2.25257
06,29,22,11:00:00,   0.18,  18.8,  248.59,   2.903,  234.49,   1.871,0,1.17799,2.25182,1.17787,2.25294
06,29,22,11:05:00,   0.17,  18.8,  247.57,   3.537,  234.68,   1.371,0,1.17845,2.25265,1.17812,2.25328
06,29,22,11:10:00,   0.18,  19.0,  251.31,   2.661,  237.41,   2.550,0,1.17862,2.25115,1.17849,2.25294
06,29,22,11:15:00,   0.11,  19.5,  247.60,   1.463,  239.31,   1.825,0,1.17891,2.25111,1.17874,2.25207
06,29,22,11:28:52,  -0.00,  -0.0,   -0.00,  -0.000,   -0.00,  -0.000,1,0,0,0,0
06,29,22,11:38:38,  -0.00,  -0.0,   -0.00,  -0.000,   -0.00,  -0.000,1,0,0,0,0
06,29,22,11:40:00,  -0.26,  15.6,  244.67,   2.820,  265.03,   9.156,0,1.17637,2.25519,1.17654,2.25686
06,29,22,11:47:36,  -0.00,  -0.0,   -0.00,  -0.000,   -0.00,  -0.000,1,0,0,0,0
06,29,22,11:50:00,  -0.12,  18.8,  244.22,   4.348,  253.18,   2.693,0,1.17879,2.25186,1.17883,2.25249
06,29,22,11:55:00,   0.14,  20.3,  255.20,   2.573,  243.99,   1.332,0,1.17945,2.24844,1.17899,2.25007
06,29,22,12:00:00,   0.14,  21.4,  255.06,   2.485,  244.29,   1.265,0,1.18016,2.24719,1.17999,2.24894
06,29,22,22:03:43,  -0.00,  -0.0,   -0.00,  -0.000,   -0.00,  -0.000,1,0,0,0,0
06,29,22,22:05:00,  -0.36,  19.2,  366.83,   5.065,  394.81,  12.264,0,1.18008,2.23969,1.18058,2.24194
06,29,22,22:09:44,  -0.00,  -0.0,   -0.00,  -0.000,   -0.00,  -0.000,1,0,0,0,0
06,29,22,22:10:03,  -0.07,  21.9,  352.20,   4.608,  357.56,   7.673,0,1.18066,2.23657,1.18024,2.23753
06,30,22,10:22:21,  -0.00,  -0.0,   -0.00,  -0.000,   -0.00,  -0.000,1,0,0,0,0
06,30,22,10:22:29,  -0.00,  -0.0,   -0.00,  -0.000,   -0.00,  -0.000,1,0,0,0,0
06,30,22,10:25:00,  -0.14,  18.0,  243.35,   3.502,  254.55,   8.620,0,1.17795,2.25232,1.17749,2.25361
06,30,22,10:30:00,   0.06,  19.5,  231.89,   3.538,  226.91,   1.987,0,1.17804,2.25049,1.17799,2.25165
06,30,22,10:35:00,   0.08,  20.1,  233.07,   2.335,  226.73,   2.073,0,1.17829,2.25007,1.17837,2.25069
06,30,22,10:40:00,   0.03,  20.2,  235.09,   2.607,  232.49,   2.291,0,1.17879,2.25040,1.17887,2.25086
06,30,22,10:45:00,   0.09,  20.2,  243.69,   1.341,  236.63,   2.088,0,1.17891,2.25011,1.17904,2.25074
06,30,22,10:50:00,   0.11,  20.2,  247.40,   2.886,  238.87,   1.476,0,1.17941,2.25007,1.17899,2.25078
06,30,22,10:55:00,   0.01,  20.2,  245.06,   1.761,  243.95,   1.812,0,1.17933,2.25040,1.17904,2.25061
06,30,22,11:00:00,   0.12,  20.0,  251.86,   1.524,  242.27,   1.425,0,1.17920,2.25036,1.17920,2.25090
06,30,22,11:05:00,   0.10,  19.9,  250.83,   2.305,  242.78,   1.538,0,1.17924,2.25057,1.17912,2.25115
06,30,22,11:10:00,   0.07,  19.6,  250.37,   3.032,  244.86,   1.268,0,1.17887,2.25069,1.17891,2.25132
06,30,22,11:15:00,   0.08,  19.6,  253.55,   2.292,  247.20,   3.317,0,1.17908,2.25119,1.17891,2.25128
06,30,22,11:20:00,   0.01,  19.3,  262.11,   6.413,  261.17,  10.479,0,1.17849,2.25036,1.17854,2.24778
06,30,22,11:25:00,   0.07,  18.8,  261.47,   2.391,  256.37,   5.020,0,1.17774,2.25032,1.17745,2.24999
06,30,22,11:30:00,  -0.01,  18.5,  259.32,   4.580,  259.91,   3.265,0,1.17787,2.25178,1.17766,2.25099
06,30,22,11:36:07,  -0.00,  -0.0,   -0.00,  -0.000,   -0.00,  -0.000,1,0,0,0,0
06,30,22,11:40:00,  -0.01,  19.3,  249.22,   2.060,  249.81,   2.911,0,1.17908,2.25128,1.17895,2.25157
06,30,22,11:45:00,   0.11,  19.9,  258.89,   1.852,  250.68,   1.293,0,1.17954,2.24978,1.17916,2.25086
06,30,22,11:50:00,   0.02,  20.4,  255.65,   3.007,  254.23,   2.936,0,1.17991,2.24940,1.17958,2.24978
06,30,22,11:55:00,   0.01,  20.8,  257.07,   3.822,  256.48,   1.816,0,1.18024,2.24861,1.18020,2.24932
06,30,22,12:00:00,   0.10,  21.2,  260.91,   3.278,  253.06,   1.499,0,1.18054,2.24761,1.18012,2.24849
06,30,22,12:05:00,   0.05,  21.7,  258.44,   1.455,  254.25,   2.656,0,1.18083,2.24765,1.18062,2.24836
06,30,22,12:10:00,   0.08,  22.0,  259.61,   0.982,  253.10,   4.354,0,1.18099,2.24707,1.18091,2.24736
06,30,22,12:15:00,   0.03,  22.3,  259.42,   3.079,  257.20,   2.874,0,1.18149,2.24719,1.18116,2.24699
06,30,22,12:20:00,   0.04,  22.3,  260.53,   2.381,  257.32,   3.535,0,1.18141,2.24690,1.18137,2.24732
06,30,22,12:25:00,   0.02,  22.5,  258.55,   2.153,  256.62,   1.129,0,1.18133,2.24674,1.18149,2.24724
06,30,22,12:30:00,   0.05,  22.7,  262.03,   1.402,  258.05,   2.444,0,1.18166,2.24649,1.18162,2.24657
07,01,22,10:29:54,  -0.00,  -0.0,   -0.00,  -0.000,   -0.00,  -0.000,1,0,0,0,0
07,01,22,10:30:12,  -0.00,  -0.0,   -0.00,  -0.000,   -0.00,  -0.000,1,0,0,0,0
07,01,22,10:30:31,  -0.57,  16.2,  265.28,   5.361,  309.89,  16.898,0,1.17749,2.25307,1.17770,2.25436
07,01,22,10:35:00,  -0.35,  19.1,  243.03,   2.225,  270.65,   3.023,0,1.17791,2.24940,1.17791,2.24803
07,01,22,10:40:00,   0.11,  21.1,  255.62,  13.822,  246.86,   3.128,0,1.17958,2.24565,1.17874,2.24786
07,01,22,10:45:00,  -0.15,  23.0,  265.59,   2.676,  276.90,   3.353,0,1.18170,2.24290,1.18099,2.24378
07,01,22,10:50:00,   0.15,  25.6,  274.31,   4.499,  262.84,   2.472,0,1.18391,2.24103,1.18324,2.24136
07,01,22,10:55:00,   0.13,  26.1,  287.87,   2.078,  277.77,   3.811,0,1.18437,2.23878,1.18404,2.23944
07,01,22,11:00:00,   0.07,  26.3,  286.55,   1.285,  281.05,   1.913,0,1.18433,2.23874,1.18454,2.23986
07,01,22,11:05:00,   0.17,  26.6,  292.66,   3.040,  279.71,   1.781,0,1.18487,2.23828,1.18462,2.23928
07,01,22,11:10:00,   0.13,  26.9,  292.12,   1.362,  282.09,   1.750,0,1.18520,2.23769,1.18495,2.23919
07,01,22,11:15:00,   0.14,  27.6,  297.62,   2.158,  286.74,   2.509,0,1.18612,2.23719,1.18591,2.23794
07,01,22,11:20:00,   0.13,  27.4,  299.07,   1.655,  288.93,   2.133,0,1.18579,2.23736,1.18583,2.23815
07,01,22,11:25:00,   0.07,  27.8,  296.89,   2.568,  291.72,   3.166,0,1.18595,2.23682,1.18604,2.23774
07,01,22,11:30:00,   0.16,  27.7,  300.47,   1.097,  287.84,   2.201,0,1.18624,2.23707,1.18599,2.23794
07,01,22,11:35:00,   0.08,  28.5,  298.83,   3.260,  292.50,   1.282,0,1.18662,2.23611,1.18712,2.23698
07,01,22,11:40:00,   0.18,  28.5,  306.17,   3.961,  292.49,   1.783,0,1.18720,2.23573,1.18699,2.23694
07,01,22,11:45:00,   0.15,  28.8,  307.21,   2.463,  295.33,   0.824,0,1.18749,2.23499,1.18695,2.23665
07,01,22,12:02:23,  -0.00,  -0.0,   -0.00,  -0.000,   -0.00,  -0.000,1,0,0,0,0
07,01,22,12:05:00,  -0.04,  25.0,  286.14,   3.935,  289.34,   4.078,0,1.18391,2.24165,1.18462,2.24340
07,01,22,12:10:00,   0.02,  26.0,  282.12,   3.124,  280.33,   2.808,0,1.18445,2.24003,1.18441,2.24086
07,01,22,12:15:00,   0.11,  26.6,  284.80,   2.748,  276.10,   3.397,0,1.18533,2.23903,1.18504,2.24049
07,01,22,12:20:00,   0.20,  27.3,  294.18,   3.848,  278.92,   4.397,0,1.18629,2.23828,1.18608,2.23990
07,01,22,12:25:00,   0.11,  27.5,  297.55,   2.109,  288.70,   4.457,0,1.18641,2.23782,1.18637,2.23874
07,01,22,12:30:00,   0.22,  27.9,  309.41,   4.484,  292.30,   1.046,0,1.18658,2.23561,1.18666,2.23836
07,01,22,12:35:00,   0.21,  29.0,  316.83,   3.176,  300.42,   2.027,0,1.18787,2.23461,1.18762,2.23607
07,01,22,12:40:00,   0.17,  28.8,  315.88,   2.842,  302.60,   5.434,0,1.18745,2.23482,1.18708,2.23619
07,01,22,12:45:00,   0.18,  28.5,  312.45,   3.060,  298.78,   3.536,0,1.18704,2.23565,1.18699,2.23649
07,01,22,12:50:00,   0.14,  28.5,  311.50,   2.363,  300.62,   1.458,0,1.18745,2.23536,1.18720,2.23682
07,01,22,12:55:00,   0.15,  28.9,  314.18,   3.224,  302.45,   3.285,0,1.18762,2.23503,1.18783,2.23644
07,01,22,13:00:00,   0.13,  28.8,  311.60,   2.576,  301.13,   3.999,0,1.18745,2.23565,1.18749,2.23674
07,01,22,13:05:00,   0.08,  28.9,  312.79,   2.007,  306.18,   1.998,0,1.18779,2.23540,1.18766,2.23603
07,01,22,13:10:00,   0.12,  28.6,  307.58,   3.603,  297.86,   3.093,0,1.18687,2.23636,1.18704,2.23690
07,01,22,13:15:00,   0.07,  28.2,  302.30,   2.279,  296.86,   2.074,0,1.18649,2.23644,1.18683,2.23757
07,01,22,13:20:00,   0.11,  28.0,  303.52,   4.674,  294.73,   3.237,0,1.18699,2.23682,1.18687,2.23811
07,01,22,13:25:00,   0.16,  28.2,  314.33,   4.681,  302.20,   2.270,0,1.18758,2.23561,1.18708,2.23719
07,01,22,13:30:00,   0.20,  28.7,  313.75,   2.980,  297.81,   2.430,0,1.18749,2.23540,1.18754,2.23690
07,01,22,13:35:00,   0.06,  28.4,  312.88,   2.805,  307.90,   3.601,0,1.18724,2.23607,1.18754,2.23632
07,01,22,13:40:00,   0.13,  28.1,  310.37,   3.445,  300.26,   1.268,0,1.18662,2.23640,1.18687,2.23715
07,01,22,13:45:00,   0.05,  27.7,  295.32,   1.306,  291.71,   1.088,0,1.18599,2.23794,1.18654,2.23878
07,01,22,13:52:42,  -0.00,  -0.0,   -0.00,  -0.000,   -0.00,  -0.000,2,0,0,0,0
07,05,22,10:25:31,  -0.00,  -0.0,   -0.00,  -0.000,   -0.00,  -0.000,1,0,0,0,0
07,05,22,10:25:50,  -0.52,  14.3,  285.42,   6.642,  325.57,  16.278,0,1.17620,2.25386,1.17666,2.25586
07,05,22,10:30:00,  -0.09,  16.9,  256.92,   1.197,  263.65,   3.529,0,1.17654,2.25169,1.17637,2.25240
07,05,22,10:35:00,   0.02,  18.2,  253.30,   4.467,  251.54,   2.151,0,1.17733,2.25015,1.17687,2.25111
07,05,22,10:40:00,   2.02,  18.4,  409.08,  15.863,  251.69,   1.149,0,1.17770,2.23303,1.17724,2.25094
07,05,22,10:45:00,   2.58,  18.3,  465.34,   6.828,  264.76,   6.223,0,1.17749,2.23028,1.17749,2.25044
07,05,22,10:50:00,   1.26,  18.1,  370.21,   4.742,  271.85,   9.461,0,1.17754,2.23940,1.17720,2.25040
07,05,22,10:55:00,   3.03,  17.8,  503.63,   7.360,  267.44,   4.973,0,1.17737,2.22773,1.17712,2.25115
07,05,22,11:00:00,   1.38,  17.5,  385.46,   3.148,  278.17,   9.403,0,1.17741,2.24019,1.17716,2.25144
07,05,22,11:05:00,   0.70,  17.2,  324.75,   3.500,  270.51,   3.842,0,1.17674,2.24599,1.17695,2.25190
07,05,22,11:10:00,   0.72,  17.1,  321.66,   4.169,  265.87,   3.647,0,1.17683,2.24619,1.17708,2.25253
07,05,22,11:15:00,   0.53,  16.9,  308.08,   0.768,  266.75,   2.307,0,1.17679,2.24815,1.17674,2.25240
07,05,22,11:20:00,   0.20,  16.8,  284.44,   8.440,  268.76,   3.947,0,1.17662,2.25211,1.17654,2.25290
07,05,22,11:25:00,   0.29,  16.6,  284.17,  18.035,  261.77,   4.170,0,1.17624,2.24932,1.17624,2.25353
07,05,22,11:30:00,   0.12,  16.3,  296.12,   6.404,  286.93,   2.717,0,1.17712,2.25186,1.17654,2.25086
07,05,22,11:35:00,   1.49,  16.4,  390.02,   7.657,  274.19,   0.784,0,1.17695,2.24003,1.17666,2.25278
07,05,22,11:40:00,   0.93,  16.5,  350.19,   1.976,  277.63,   4.222,0,1.17704,2.24536,1.17666,2.25261
07,05,22,11:45:00,   0.86,  16.5,  341.56,   4.303,  274.43,   3.423,0,1.17683,2.24503,1.17674,2.25303
07,05,22,11:50:00,   0.63,  16.6,  321.51,   3.624,  272.18,   3.741,0,1.17716,2.24765,1.17699,2.25319
07,05,22,11:55:00,   0.45,  16.6,  302.91,   2.693,  267.73,   4.076,0,1.17699,2.24949,1.17649,2.25332
07,05,22,12:00:00,   0.42,  16.6,  298.43,   4.454,  265.83,   1.947,0,1.17699,2.24944,1.17674,2.25328
07,05,22,12:05:00,   0.18,  16.6,  285.72,   6.511,  271.90,   2.215,0,1.17624,2.25040,1.17674,2.25261
07,05,22,12:10:00,   0.34,  16.4,  311.77,   6.339,  285.68,   0.980,0,1.17695,2.24878,1.17641,2.25099
07,05,22,12:15:00,  -0.32,  16.5,  292.08,   3.100,  317.37,   9.334,0,1.17729,2.25182,1.17699,2.24994
07,05,22,12:20:00,   0.26,  17.1,  299.94,  11.078,  279.58,   1.247,0,1.17791,2.24857,1.17774,2.25253
07,05,22,12:25:00,   0.59,  17.3,  320.29,   3.302,  274.47,   1.787,0,1.17804,2.24757,1.17787,2.25244
07,05,22,12:30:00,   0.34,  17.4,  304.55,   2.195,  277.97,   2.939,0,1.17787,2.24928,1.17783,2.25178
07,05,22,12:35:00,   0.37,  17.5,  304.67,   2.843,  275.54,   0.659,0,1.17779,2.24903,1.17787,2.25219
07,05,22,12:40:00,   0.27,  17.5,  296.03,   1.627,  275.08,   2.827,0,1.17799,2.25007,1.17791,2.25224
07,05,22,12:45:00,   0.18,  17.7,  287.20,   3.160,  273.54,   2.339,0,1.17816,2.25053,1.17812,2.25228
07,05,22,12:50:00,   0.32,  17.9,  297.06,   5.644,  271.92,   3.154,0,1.17849,2.24882,1.17837,2.25194
07,05,22,12:55:00,   0.30,  18.1,  298.81,   1.980,  275.30,   2.334,0,1.17833,2.24899,1.17858,2.25178
07,05,22,13:00:00,   0.31,  18.1,  299.65,   4.296,  275.46,   1.134,0,1.17833,2.24849,1.17845,2.25132
07,06,22,10:23:14,  -0.00,  -0.0,   -0.00,  -0.000,   -0.00,  -0.000,1,0,0,0,0
07,06,22,10:23:57,  -0.00,  -0.0,   -0.00,  -0.000,   -0.00,  -0.000,1,0,0,0,0
07,06,22,10:25:00,  -0.36,  18.6,  274.51,   3.417,  302.17,  11.373,0,1.17908,2.24932,1.17929,2.25069
07,06,22,10:30:00,  -0.09,  20.4,  249.78,   2.966,  256.54,   3.054,0,1.17862,2.24824,1.17883,2.24861
07,06,22,10:35:00,   0.09,  21.1,  253.78,   3.169,  246.44,   5.136,0,1.17954,2.24661,1.17908,2.24740
07,06,22,10:40:00,   2.18,  21.4,  421.28,  30.595,  251.85,   2.607,0,1.18024,2.22582,1.17983,2.24724
07,06,22,10:45:00,   0.53,  21.2,  368.99,  24.123,  327.45,  17.489,0,1.18029,2.23353,1.18008,2.24282
07,06,22,10:50:00,   2.88,  21.0,  496.09,  12.699,  271.98,   6.055,0,1.18029,2.22340,1.17991,2.24732
07,06,22,10:55:00,   2.93,  20.7,  509.14,  11.068,  280.84,   9.859,0,1.18008,2.22319,1.17991,2.24740
07,06,22,11:00:00,   2.90,  20.3,  505.37,  12.268,  279.68,   9.528,0,1.17974,2.22365,1.17941,2.24761
07,06,22,11:05:00,   2.80,  20.0,  500.94,   9.736,  283.00,  10.328,0,1.17937,2.22469,1.17929,2.24807
07,06,22,11:10:00,   2.80,  19.5,  501.26,   9.084,  283.68,  10.341,0,1.17908,2.22553,1.17883,2.24869
07,06,22,11:15:00,   2.74,  19.1,  499.14,   9.249,  285.93,  11.622,0,1.17895,2.22636,1.17858,2.24894
07,06,22,11:20:00,   2.72,  18.8,  495.82,  11.867,  283.88,  11.110,0,1.17891,2.22694,1.17804,2.24924
07,06,22,11:25:00,   2.73,  18.5,  497.83,   9.459,  285.13,  10.133,0,1.17824,2.22694,1.17812,2.24974
07,06,22,11:30:00,   2.73,  18.3,  496.55,  10.825,  283.75,   9.563,0,1.17845,2.22765,1.17804,2.25032
07,06,22,11:35:00,   2.75,  18.2,  498.98,  11.993,  285.23,   9.171,0,1.17841,2.22732,1.17812,2.25061
07,06,22,11:40:00,   2.61,  18.1,  490.11,   8.303,  286.64,   7.388,0,1.17829,2.22878,1.17837,2.25078
07,06,22,11:45:00,   2.63,  17.9,  492.44,   9.988,  287.76,   8.814,0,1.17833,2.22882,1.17816,2.25061
07,06,22,11:50:00,   2.59,  17.8,  489.80,   7.794,  288.28,   9.035,0,1.17824,2.22911,1.17833,2.25103
07,06,22,11:55:00,   2.62,  17.7,  490.68,  11.095,  287.06,   6.885,0,1.17812,2.22911,1.17804,2.25111
07,06,22,12:00:00,   2.60,  17.6,  488.50,   9.263,  286.45,   7.808,0,1.17795,2.22936,1.17808,2.25115
07,06,22,12:05:00,   2.50,  17.5,  491.87,   9.942,  297.21,   8.723,0,1.17799,2.22944,1.17804,2.25049
07,06,22,12:10:00,   2.55,  17.5,  497.61,   8.282,  299.25,   7.104,0,1.17808,2.22894,1.17779,2.24999
07,06,22,12:15:00,   2.48,  17.7,  505.71,   9.710,  312.75,   3.236,0,1.17870,2.22819,1.17824,2.24849
07,06,22,12:20:00,   2.29,  17.8,  517.54,   7.132,  339.24,   3.706,0,1.17874,2.22748,1.17841,2.24611
07,06,22,12:25:00,   2.69,  17.9,  520.10,   9.990,  310.83,   5.377,0,1.17866,2.22607,1.17820,2.24774
07,06,22,12:30:00,   2.45,  18.0,  522.00,   7.874,  331.39,   9.234,0,1.17879,2.22644,1.17862,2.24699
07,06,22,12:35:00,   2.40,  18.0,  526.97,   9.292,  340.22,   8.688,0,1.17879,2.22607,1.17858,2.24486
07,06,22,12:40:00,   2.52,  17.9,  509.43,   8.170,  313.37,   6.711,0,1.17904,2.22836,1.17858,2.24899
07,06,22,12:45:00,   2.59,  18.0,  506.34,  10.636,  304.83,   9.718,0,1.17879,2.22819,1.17854,2.24940
07,06,22,12:50:00,   2.22,  18.0,  504.16,  10.942,  331.49,  11.795,0,1.17887,2.22815,1.17862,2.24753
07,06,22,12:55:00,   2.47,  17.9,  510.81,  10.919,  318.56,   5.310,0,1.17870,2.22740,1.17833,2.24736
07,06,22,13:00:00,   2.39,  17.9,  503.57,   6.789,  317.19,  10.789,0,1.17874,2.22878,1.17849,2.24940
07,06,22,13:05:00,   2.28,  17.8,  499.35,   9.245,  321.59,  12.695,0,1.17870,2.22890,1.17849,2.24878
07,06,22,13:10:00,   2.47,  17.8,  509.46,  10.594,  317.12,  10.214,0,1.17862,2.22786,1.17824,2.24928
07,06,22,13:15:00,   1.59,  17.7,  432.52,  54.067,  308.62,   8.246,0,1.17837,2.24474,1.17824,2.24969
07,06,22,13:20:00,   0.02,  18.0,  286.70,   1.960,  285.06,   2.636,0,1.17858,2.25028,1.17849,2.25144
07,06,22,13:25:00,   0.20,  18.3,  291.10,   2.770,  275.71,   2.804,0,1.17887,2.25007,1.17862,2.25190
07,06,22,13:30:00,   0.15,  18.3,  284.06,   1.821,  272.26,   3.240,0,1.17895,2.25069,1.17866,2.25186
07,06,22,13:35:00,   0.12,  18.6,  283.25,   2.421,  273.68,   2.476,0,1.17904,2.24994,1.17899,2.25153
07,06,22,13:40:00,   0.11,  18.6,  280.19,   1.569,  271.36,   1.633,0,1.17891,2.25028,1.17883,2.25128
07,06,22,13:45:00,   0.11,  18.7,  278.89,   1.149,  270.66,   1.487,0,1.17899,2.25040,1.17904,2.25140
07,06,22,13:50:00,   0.08,  18.6,  274.69,   1.416,  268.72,   2.536,0,1.17887,2.25136,1.17866,2.25157
07,06,22,13:55:00,   0.12,  18.6,  279.82,   3.172,  270.30,   1.355,0,1.17874,2.25061,1.17908,2.25149
07,06,22,14:00:00,   0.08,  18.5,  277.20,   1.974,  270.83,   2.369,0,1.17883,2.25107,1.17887,2.25149
07,06,22,14:05:00,   0.02,  18.4,  271.37,   4.099,  269.91,   1.607,0,1.17908,2.25186,1.17879,2.25174
07,06,22,14:10:00,  -0.01,  18.9,  277.65,   2.666,  278.20,   2.511,0,1.17941,2.25111,1.17958,2.25099
07,06,22,15:46:13,  -0.00,  -0.0,   -0.00,  -0.000,   -0.00,  -0.000,1,0,0,0,0
07,06,22,15:46:43,  -0.00,  -0.0,   -0.00,  -0.000,   -0.00,  -0.000,2,0,0,0,0
07,07,22,10:22:56,  -0.00,  -0.0,   -0.00,  -0.000,   -0.00,  -0.000,1,0,0,0,0
07,07,22,10:46:20,  -0.00,  -0.0,   -0.00,  -0.000,   -0.00,  -0.000,1,0,0,0,0
07,07,22,10:50:00,  -0.10,  15.8,  244.76,   3.465,  252.19,   4.657,0,1.17616,2.25457,1.17570,2.25540
07,07,22,10:55:00,  -0.04,  17.7,  233.63,   1.790,  236.55,   0.942,0,1.17699,2.25294,1.17658,2.25324
07,07,22,11:00:00,   0.08,  18.9,  240.13,   3.738,  233.96,   2.528,0,1.17783,2.25124,1.17766,2.25203
07,07,22,11:05:00,   0.02,  19.4,  240.97,   1.813,  239.33,   2.202,0,1.17862,2.25136,1.17837,2.25157
07,07,22,11:10:00,  -0.03,  19.8,  240.98,   2.382,  242.95,   3.279,0,1.17829,2.25086,1.17883,2.25061
07,07,22,11:15:00,   0.01,  20.0,  247.18,   4.701,  246.65,   2.139,0,1.17962,2.25053,1.17929,2.25078
07,07,22,11:20:00,   0.06,  20.6,  256.68,   5.213,  252.20,   3.654,0,1.18062,2.24986,1.17979,2.25015
07,07,22,11:25:00,   0.03,  20.8,  256.85,   3.469,  254.35,   3.741,0,1.18020,2.24944,1.18012,2.24936
07,07,22,11:30:00,   0.02,  20.4,  255.78,   4.269,  254.48,   1.701,0,1.17970,2.24982,1.17962,2.24957
07,07,22,11:35:00,  -0.02,  19.8,  250.65,   0.710,  251.90,   3.155,0,1.17899,2.25086,1.17916,2.25053
07,07,22,11:40:00,   0.03,  19.6,  257.74,   4.243,  255.25,   3.959,0,1.17933,2.25099,1.17945,2.25065
07,07,22,11:45:00,   0.07,  19.9,  259.98,   2.458,  254.43,   2.239,0,1.17987,2.25040,1.17954,2.25057
07,07,22,11:50:00,  -0.00,  20.2,  257.06,   3.434,  257.45,   1.686,0,1.17974,2.25040,1.18008,2.25086
07,07,22,11:55:00,   0.02,  20.5,  258.12,   2.656,  256.68,   3.250,0,1.17999,2.25028,1.17987,2.25032
07,07,22,12:00:00,  -0.02,  20.5,  255.70,   3.543,  256.88,   2.816,0,1.17991,2.24974,1.18008,2.24944
07,07,22,12:05:00,  -0.04,  20.5,  253.30,   2.484,  256.40,   1.168,0,1.17979,2.25011,1.18012,2.24999
07,07,22,12:10:00,  -0.05,  20.4,  252.40,   5.984,  256.43,   4.298,0,1.17966,2.24978,1.17966,2.24974
07,07,22,12:15:00,   0.00,  20.6,  251.79,   1.598,  251.76,   2.427,0,1.18004,2.24969,1.17999,2.25003
07,07,22,12:20:00,  -0.03,  21.4,  249.82,   4.011,  252.02,   3.651,0,1.18049,2.24761,1.18029,2.24815
07,07,22,12:27:49,  -0.00,  -0.0,   -0.00,  -0.000,   -0.00,  -0.000,1,0,0,0,0
07,07,22,12:27:56,  -0.00,  -0.0,   -0.00,  -0.000,   -0.00,  -0.000,1,0,0,0,0
07,07,22,13:04:35,  -0.00,  -0.0,   -0.00,  -0.000,   -0.00,  -0.000,1,0,0,0,0
07,07,22,13:05:00,  -0.31,  13.6,  273.21,   3.705,  297.73,   8.837,0,1.17604,2.25653,1.17662,2.25932
07,07,22,13:10:00,  -0.00,  16.6,  251.76,   2.658,  251.98,   0.536,0,1.17658,2.25336,1.17649,2.25432
07,07,22,13:15:00,   0.05,  17.8,  250.93,   0.894,  247.11,   2.851,0,1.17762,2.25207,1.17687,2.25274
07,07,22,13:20:00,   0.03,  19.3,  253.52,   1.322,  251.57,   3.555,0,1.17887,2.25007,1.17837,2.25040
07,07,22,13:25:00,  -0.02,  20.6,  249.43,   2.705,  251.30,   2.642,0,1.17962,2.24874,1.17941,2.24857
07,07,22,13:30:00,   0.01,  21.3,  255.37,   3.156,  254.97,   2.082,0,1.18020,2.24786,1.17991,2.24794
07,07,22,13:35:00,  -0.00,  21.1,  256.68,   3.145,  256.87,   2.910,0,1.17958,2.24828,1.17999,2.24803
07,07,22,13:40:00,   0.00,  20.7,  255.69,   2.831,  255.37,   3.138,0,1.17970,2.24919,1.17991,2.24869
07,07,22,13:45:00,   0.03,  20.4,  254.40,   2.889,  252.40,   3.938,0,1.17970,2.24994,1.17962,2.24953
07,07,22,13:50:00,   0.07,  20.0,  263.32,   4.559,  258.18,   3.400,0,1.18012,2.25015,1.17983,2.25053
07,07,22,13:55:00,  -0.01,  20.0,  265.80,   1.745,  266.68,   1.343,0,1.18008,2.25028,1.17991,2.25019
07,07,22,14:00:00,   0.00,  19.9,  261.82,   1.018,  261.44,   2.738,0,1.17945,2.25040,1.17974,2.25007
07,07,22,14:05:00,  -0.04,  20.0,  259.86,   3.000,  262.82,   1.872,0,1.17970,2.24969,1.17970,2.25019
07,07,22,14:10:00,   0.03,  21.0,  258.31,   3.883,  256.33,   2.728,0,1.18029,2.24782,1.18012,2.24915
07,07,22,14:15:00,  -0.00,  22.1,  262.25,   1.909,  262.48,   4.235,0,1.18116,2.24619,1.18091,2.24640
07,07,22,14:20:00,   0.05,  22.6,  264.61,   3.951,  260.46,   3.127,0,1.18141,2.24565,1.18104,2.24594
07,07,22,14:25:00,   0.02,  22.4,  268.38,   4.220,  266.68,   0.806,0,1.18141,2.24611,1.18145,2.24603
07,07,22,14:30:00,  -0.03,  22.3,  266.20,   2.522,  268.91,   1.388,0,1.18133,2.24669,1.18149,2.24632
07,07,22,14:35:00,  -0.02,  22.1,  265.80,   2.715,  267.71,   3.904,0,1.18129,2.24678,1.18162,2.24703
07,07,22,16:14:08,  -0.00,  -0.0,   -0.00,  -0.000,   -0.00,  -0.000,1,0,0,0,0
07,07,22,16:15:26,  -0.00,  -0.0,   -0.00,  -0.000,   -0.00,  -0.000,2,0,0,0,0
07,08,22,10:18:42,  -0.00,  -0.0,   -0.00,  -0.000,   -0.00,  -0.000,1,0,0,0,0
07,08,22,10:21:01,  -0.00,  -0.0,   -0.00,  -0.000,   -0.00,  -0.000,1,0,0,0,0
07,08,22,10:21:41,  -0.00,  -0.0,   -0.00,  -0.000,   -0.00,  -0.000,1,0,0,0,0
07,08,22,10:25:00,  -0.22,  18.1,  286.05,   4.111,  303.33,   6.335,0,1.17783,2.24807,1.17733,2.24740
07,08,22,10:30:00,   0.16,  19.2,  305.34,   6.174,  293.19,   3.975,0,1.17812,2.24511,1.17762,2.24553
07,08,22,10:35:00,  -0.06,  19.8,  276.89,   1.666,  281.93,   5.909,0,1.17908,2.24719,1.17895,2.24682
07,08,22,10:40:00,   0.06,  20.2,  282.03,   2.237,  277.07,   2.417,0,1.17962,2.24711,1.17912,2.24699
07,08,22,10:45:00,   0.22,  20.5,  303.38,   7.038,  286.56,   2.212,0,1.17999,2.24415,1.17958,2.24615
07,08,22,10:50:00,  -0.11,  20.8,  293.24,   2.055,  301.70,   5.514,0,1.18037,2.24532,1.18012,2.24524
07,08,22,10:55:00,   0.02,  21.0,  286.33,   1.956,  284.78,   2.366,0,1.18037,2.24611,1.18016,2.24594
07,08,22,11:00:00,   0.39,  20.8,  310.79,   7.349,  280.46,   3.115,0,1.18016,2.24290,1.18045,2.24682
07,08,22,11:05:00,   1.51,  20.4,  396.11,  13.762,  278.31,   2.094,0,1.17966,2.23382,1.17966,2.24719
07,08,22,11:10:00,   1.20,  20.0,  373.87,   1.917,  280.68,   4.625,0,1.17924,2.23782,1.17912,2.24757
07,08,22,11:15:00,   1.36,  19.4,  382.70,  28.581,  277.15,   4.351,0,1.17899,2.23411,1.17845,2.24844
07,08,22,11:20:00,   1.55,  19.0,  402.34,   2.815,  281.57,   5.770,0,1.17854,2.23669,1.17833,2.24899
07,08,22,11:25:00,   0.78,  18.6,  341.36,   1.783,  280.81,   4.342,0,1.17816,2.24328,1.17812,2.24940
07,08,22,11:30:00,   0.59,  18.2,  322.39,   4.792,  276.59,   2.246,0,1.17766,2.24432,1.17795,2.24999
07,08,22,11:35:00,   0.76,  17.8,  333.24,   2.286,  273.76,   2.042,0,1.17758,2.24444,1.17762,2.25065
07,08,22,11:40:00,   0.48,  17.4,  313.41,   3.056,  276.02,   5.051,0,1.17724,2.24682,1.17695,2.25090
07,08,22,11:45:00,   0.03,  17.2,  278.04,   1.286,  275.84,   3.508,0,1.17699,2.25128,1.17679,2.25053
07,08,22,11:50:00,  -0.01,  16.9,  277.00,   2.560,  277.84,   4.049,0,1.17712,2.25190,1.17708,2.25119
07,08,22,11:55:00,   0.31,  16.9,  322.84,   5.648,  298.75,   5.326,0,1.17687,2.24619,1.17691,2.25028
07,08,22,12:00:00,   0.53,  16.9,  320.97,   3.672,  279.33,   3.445,0,1.17708,2.24715,1.17683,2.25174
07,08,22,12:05:00,   0.33,  17.1,  304.73,   2.458,  279.30,   2.416,0,1.17754,2.24874,1.17733,2.25157
07,08,22,12:10:00,   0.25,  17.4,  295.27,   2.404,  275.53,   2.410,0,1.17741,2.24924,1.17758,2.25144
07,08,22,12:15:00,   0.14,  17.5,  288.81,   7.159,  277.79,   2.229,0,1.17762,2.25061,1.17749,2.25115
07,08,22,12:20:00,   0.14,  17.5,  282.67,  19.833,  271.49,   2.432,0,1.17712,2.24590,1.17724,2.25132
07,08,22,12:25:00,  -0.09,  17.2,  282.01,  10.036,  288.64,   3.092,0,1.17674,2.25099,1.17729,2.24978
07,08,22,12:28:57,  -0.00,  -0.0,   -0.00,  -0.000,   -0.00,  -0.000,1,0,0,0,0
07,08,22,12:29:07,  -0.00,  -0.0,   -0.00,  -0.000,   -0.00,  -0.000,1,0,0,0,0
07,08,22,12:35:45,  -0.00,  -0.0,   -0.00,  -0.000,   -0.00,  -0.000,1,0,0,0,0
07,08,22,12:40:00,   0.35,  15.9,  308.46,   1.909,  281.52,   3.132,0,1.17662,2.24924,1.17658,2.25311
07,08,22,12:45:00,   0.23,  16.9,  287.40,   2.582,  269.48,   2.014,0,1.17674,2.24990,1.17674,2.25215
07,08,22,12:50:00,   0.29,  17.3,  292.28,   2.688,  269.98,   1.360,0,1.17699,2.24886,1.17699,2.25157
07,08,22,12:55:00,   0.26,  17.4,  291.67,   3.847,  271.62,   2.686,0,1.17733,2.24932,1.17699,2.25128
07,08,22,13:00:00,   0.24,  17.3,  290.76,   2.116,  272.46,   2.109,0,1.17724,2.24961,1.17712,2.25169
07,08,22,13:05:00,   0.27,  17.0,  290.47,   4.611,  269.82,   1.194,0,1.17683,2.24919,1.17683,2.25190
07,08,22,13:10:00,   0.25,  16.6,  290.73,   2.400,  271.29,   0.671,0,1.17612,2.24978,1.17624,2.25169
07,08,22,13:15:00,   0.24,  16.3,  292.09,   1.561,  273.23,   3.596,0,1.17608,2.25024,1.17587,2.25219
07,08,22,13:20:00,  -0.03,  16.1,  276.12,   3.545,  278.30,   6.219,0,1.17604,2.25236,1.17616,2.25149
07,08,22,15:01:33,  -0.00,  -0.0,   -0.00,  -0.000,   -0.00,  -0.000,1,0,0,0,0
07,08,22,15:02:08,  -0.00,  -0.0,   -0.00,  -0.000,   -0.00,  -0.000,2,0,0,0,0
07,11,22,10:12:21,  -0.00,  -0.0,   -0.00,  -0.000,   -0.00,  -0.000,1,0,0,0,0
07,11,22,10:16:24,  -0.00,  -0.0,   -0.00,  -0.000,   -0.00,  -0.000,1,0,0,0,0
07,11,22,10:35:33,  -0.00,  -0.0,   -0.00,  -0.000,   -0.00,  -0.000,1,0,0,0,0
07,11,22,10:35:52,  -0.37,  17.6,  284.56,   5.299,  313.69,  11.937,0,1.17987,2.25099,1.18041,2.25474
07,11,22,10:40:00,  -0.02,  20.5,  265.45,   3.526,  267.29,   0.990,0,1.17987,2.24669,1.17979,2.24882
07,11,22,10:45:00,   0.07,  22.4,  265.70,   3.121,  260.28,   2.263,0,1.18124,2.24478,1.18083,2.24599
07,11,22,10:50:00,   0.09,  23.4,  271.49,   2.950,  264.74,   2.620,0,1.18208,2.24411,1.18199,2.24449
07,11,22,10:55:00,   0.10,  23.6,  277.97,   3.055,  270.39,   2.553,0,1.18195,2.24311,1.18216,2.24369
07,11,22,11:00:00,   0.04,  23.8,  275.79,   2.183,  272.98,   1.597,0,1.18233,2.24332,1.18216,2.24340
07,11,22,11:05:00,   0.03,  24.0,  278.22,   3.497,  275.76,   2.075,0,1.18258,2.24324,1.18283,2.24336
07,11,22,11:10:00,   0.08,  23.7,  282.75,   1.826,  276.68,   2.369,0,1.18229,2.24324,1.18233,2.24336
07,11,22,11:15:00,   0.06,  23.5,  282.09,   1.891,  277.31,   1.099,0,1.18283,2.24394,1.18249,2.24419
07,11,22,11:20:00,   0.08,  24.0,  285.46,   1.306,  279.26,   0.483,0,1.18320,2.24311,1.18304,2.24378
07,11,22,11:25:00,   0.20,  24.0,  296.62,   2.417,  281.27,   3.759,0,1.18295,2.24178,1.18304,2.24311
07,11,22,11:30:00,  -0.08,  23.9,  276.27,   1.716,  282.24,   3.338,0,1.18245,2.24336,1.18299,2.24294
07,11,22,11:35:00,  -0.14,  23.0,  263.22,   3.920,  274.09,   2.225,0,1.18054,2.24432,1.18124,2.24332
07,11,22,11:40:00,   0.01,  22.4,  270.95,   3.391,  269.92,   9.523,0,1.18091,2.24469,1.18083,2.24419
07,11,22,11:45:00,   0.03,  22.2,  272.70,   9.276,  270.04,   4.939,0,1.18049,2.24278,1.18066,2.24532
07,11,22,11:50:25,  -0.00,  -0.0,   -0.00,  -0.000,   -0.00,  -0.000,1,0,0,0,0
07,11,22,11:50:44,  -0.08,  23.2,  290.69,   2.465,  297.13,   7.978,0,1.18366,2.24361,1.18341,2.24569
07,11,22,11:55:00,   0.07,  24.5,  292.79,   1.445,  287.43,   1.763,0,1.18341,2.24090,1.18337,2.24240
07,11,22,12:00:00,   0.01,  25.3,  284.36,   3.219,  283.67,   3.690,0,1.18370,2.24057,1.18358,2.24086
07,11,22,12:05:00,   0.00,  25.8,  280.88,   5.046,  280.75,   2.042,0,1.18420,2.23999,1.18420,2.24057
07,11,22,12:10:00,   0.04,  26.0,  280.72,   4.083,  277.48,   2.966,0,1.18399,2.23982,1.18416,2.24015
07,11,22,12:15:00,   0.00,  26.2,  279.28,   2.805,  279.01,   2.323,0,1.18408,2.23978,1.18429,2.23974
07,11,22,12:20:00,  -0.00,  26.2,  278.34,   1.573,  278.48,   2.396,0,1.18458,2.24040,1.18466,2.24040
07,11,22,12:25:00,   0.02,  26.2,  281.16,   2.487,  279.58,   3.311,0,1.18466,2.24003,1.18474,2.24028
07,11,22,12:30:00,   0.02,  26.2,  284.07,   2.906,  282.42,   4.260,0,1.18458,2.23932,1.18474,2.23999
07,11,22,12:35:00,   0.00,  26.4,  280.77,   1.750,  280.62,   1.544,0,1.18458,2.23994,1.18454,2.23982
07,11,22,12:40:00,  -0.09,  26.2,  279.61,   8.295,  286.83,   4.087,0,1.18458,2.24036,1.18445,2.23940
07,11,22,12:45:00,   0.07,  25.8,  293.32,   2.420,  287.55,   8.708,0,1.18408,2.23986,1.18474,2.23965
07,11,22,12:50:00,   0.00,  25.5,  292.30,   3.674,  292.17,   4.475,0,1.18441,2.24057,1.18454,2.24103
07,11,22,12:55:00,   0.05,  26.0,  305.63,   3.277,  301.63,   4.554,0,1.18562,2.23924,1.18558,2.23990
07,11,22,13:00:00,   0.04,  26.5,  303.92,   2.734,  300.57,   2.328,0,1.18554,2.23798,1.18574,2.23957
07,11,22,13:05:00,   0.09,  27.4,  311.90,   2.812,  304.87,   5.595,0,1.18616,2.23582,1.18641,2.23740
07,11,22,13:10:00,  -0.00,  27.9,  299.15,   2.799,  299.43,   3.100,0,1.18616,2.23632,1.18616,2.23669
07,11,22,13:15:00,  -0.03,  28.5,  293.82,   3.000,  296.43,   2.778,0,1.18674,2.23611,1.18624,2.23573
07,11,22,13:20:00,  -0.01,  28.5,  294.41,   1.636,  295.22,   3.688,0,1.18637,2.23619,1.18633,2.23599
07,11,22,13:25:00,   0.09,  28.2,  295.75,   2.464,  288.81,   3.661,0,1.18645,2.23686,1.18641,2.23744
07,11,22,13:30:00,   0.08,  28.1,  294.53,   3.052,  288.15,   2.583,0,1.18666,2.23744,1.18645,2.23769
07,11,22,13:35:00,   0.02,  28.1,  291.98,   1.332,  290.37,   2.465,0,1.18641,2.23749,1.18662,2.23769
07,11,22,13:40:00,   0.10,  28.1,  295.25,   2.933,  287.85,   0.801,0,1.18666,2.23644,1.18641,2.23798
07,11,22,13:45:00,   0.02,  28.5,  289.47,   4.394,  287.64,   2.226,0,1.18695,2.23736,1.18695,2.23740
07,11,22,13:50:00,   0.07,  28.4,  294.37,   1.355,  288.86,   1.762,0,1.18691,2.23636,1.18670,2.23732
07,11,22,13:55:00,   0.02,  29.0,  292.16,   2.382,  290.91,   1.706,0,1.18724,2.23611,1.18699,2.23573
07,11,22,14:00:00,  -0.02,  28.9,  290.14,   1.499,  291.33,   0.818,0,1.18720,2.23698,1.18712,2.23640
07,11,22,14:05:00,   0.07,  28.7,  297.33,   2.010,  291.77,   4.895,0,1.18712,2.23640,1.18758,2.23703
07,11,22,14:10:00,  -0.01,  28.4,  306.75,   2.709,  307.38,   2.664,0,1.18724,2.23678,1.18708,2.23586
07,11,22,14:15:00,  -0.13,  28.4,  306.18,   3.497,  316.01,   6.262,0,1.18758,2.23724,1.18754,2.23548
07,11,22,14:20:00,  -0.06,  28.6,  295.40,   1.299,  299.73,   2.222,0,1.18754,2.23732,1.18758,2.23748
07,11,22,14:25:00,   0.03,  28.5,  295.85,   2.837,  293.70,   2.214,0,1.18741,2.23740,1.18745,2.23753
07,11,22,14:30:00,   1.36,  28.5,  442.57,  73.177,  336.52,   7.707,0,1.18833,2.21711,1.18729,2.23424
07,11,22,14:35:00,   1.79,  28.9,  476.98,  30.451,  337.75,  12.081,0,1.18808,2.22432,1.18774,2.23236
07,11,22,14:40:00,  -0.22,  29.0,  314.46,   2.282,  331.75,  10.606,0,1.18824,2.23482,1.18799,2.23515
07,11,22,14:45:00,   0.02,  30.6,  302.84,   1.728,  301.36,   3.321,0,1.18933,2.23415,1.18862,2.23440
07,13,22,10:19:34,  -0.00,  -0.0,   -0.00,  -0.000,   -0.00,  -0.000,1,0,0,0,0
07,13,22,10:20:30,  -0.00,  -0.0,   -0.00,  -0.000,   -0.00,  -0.000,2,0,0,0,0
07,13,22,10:20:37,  -0.00,  -0.0,   -0.00,  -0.000,   -0.00,  -0.000,2,0,0,0,0
07,14,22,10:06:53,  -0.00,  -0.0,   -0.00,  -0.000,   -0.00,  -0.000,1,0,0,0,0
07,14,22,10:39:24,  -0.00,  -0.0,   -0.00,  -0.000,   -0.00,  -0.000,1,0,0,0,0
07,14,22,10:40:00,  -0.26,  18.0,  284.62,   3.925,  304.69,   8.891,0,1.17999,2.25128,1.18062,2.25486
07,14,22,10:45:00,   0.01,  20.8,  263.73,   1.667,  263.23,   2.778,0,1.18058,2.24769,1.18029,2.24882
07,14,22,10:50:00,   0.05,  22.0,  265.62,   1.932,  261.55,   1.728,0,1.18133,2.24644,1.18099,2.24707
07,14,22,10:55:00,   0.06,  22.6,  269.70,   1.879,  265.39,   1.177,0,1.18162,2.24549,1.18158,2.24603
07,14,22,11:00:00,   0.15,  23.1,  282.64,   2.766,  271.16,   1.627,0,1.18220,2.24369,1.18208,2.24536
07,14,22,11:05:00,   0.04,  23.6,  276.01,   1.911,  272.72,   2.747,0,1.18287,2.24449,1.18274,2.24461
07,14,22,11:10:00,   0.05,  23.4,  273.81,   0.969,  269.73,   0.901,0,1.18258,2.24532,1.18224,2.24486
07,14,22,11:15:00,   0.09,  23.5,  276.86,   2.423,  269.72,   2.052,0,1.18329,2.24519,1.18295,2.24578
07,14,22,11:20:00,   0.02,  24.0,  274.94,   2.736,  273.16,   3.415,0,1.18308,2.24449,1.18358,2.24478
07,14,22,11:25:00,  -0.01,  24.0,  272.50,   2.585,  273.01,   2.446,0,1.18291,2.24465,1.18345,2.24507
07,14,22,11:30:00,   0.02,  23.9,  272.98,   2.633,  271.70,   2.064,0,1.18308,2.24503,1.18333,2.24524
07,14,22,11:35:00,   0.02,  23.8,  273.80,   1.757,  272.19,   2.443,0,1.18320,2.24482,1.18329,2.24540
07,14,22,11:40:00,   0.08,  24.2,  271.28,   2.706,  265.22,   2.535,0,1.18345,2.24524,1.18333,2.24524
07,14,22,11:45:00,   0.04,  23.6,  270.59,   1.732,  267.15,   1.351,0,1.18274,2.24569,1.18291,2.24557
07,14,22,11:50:00,   0.05,  23.4,  272.28,   1.811,  268.76,   2.892,0,1.18308,2.24619,1.18308,2.24619
07,14,22,11:55:00,   0.03,  23.1,  271.10,   2.523,  268.93,   2.972,0,1.18287,2.24669,1.18274,2.24678
07,14,22,12:00:00,  -0.02,  22.8,  266.50,   0.569,  268.22,   4.162,0,1.18187,2.24682,1.18283,2.24694
07,14,22,12:05:00,  -0.00,  22.1,  263.48,   2.397,  263.50,   3.452,0,1.18154,2.24794,1.18162,2.24736
07,14,22,12:11:36,  -0.00,  -0.0,   -0.00,  -0.000,   -0.00,  -0.000,2,0,0,0,0
07,14,22,12:12:18,  -0.00,  -0.0,   -0.00,  -0.000,   -0.00,  -0.000,2,0,0,0,0
07,14,22,12:14:10,  -0.00,  -0.0,   -0.00,  -0.000,   -0.00,  -0.000,1,0,0,0,0
07,14,22,12:14:45,  -0.00,  -0.0,   -0.00,  -0.000,   -0.00,  -0.000,1,0,0,0,0
07,14,22,12:14:52,  -0.00,  -0.0,   -0.00,  -0.000,   -0.00,  -0.000,1,0,0,0,0
07,14,22,12:17:02,  -0.00,  -0.0,   -0.00,  -0.000,   -0.00,  -0.000,1,0,0,0,0
07,14,22,12:17:07,  -0.00,  -0.0,   -0.00,  -0.000,   -0.00,  -0.000,1,0,0,0,0
07,14,22,12:17:15,  -0.00,  -0.0,   -0.00,  -0.000,   -0.00,  -0.000,1,0,0,0,0
07,14,22,12:17:28,  -0.00,  -0.0,   -0.00,  -0.000,   -0.00,  -0.000,1,0,0,0,0
07,14,22,12:20:44,  -0.00,  -0.0,   -0.00,  -0.000,   -0.00,  -0.000,1,0,0,0,0
07,14,22,12:21:00,  -0.00,  -0.0,   -0.00,  -0.000,   -0.00,  -0.000,1,0,0,0,0
07,14,22,12:21:39,  -0.00,  -0.0,   -0.00,  -0.000,   -0.00,  -0.000,1,0,0,0,0
07,14,22,12:22:05,  -0.00,  -0.0,   -0.00,  -0.000,   -0.00,  -0.000,1,0,0,0,0
07,14,22,12:23:59,  -0.00,  -0.0,   -0.00,  -0.000,   -0.00,  -0.000,1,0,0,0,0
07,14,22,12:24:53,  -0.00,  -0.0,   -0.00,  -0.000,   -0.00,  -0.000,1,0,0,0,0
07,14,22,12:25:07,  -0.00,  -0.0,   -0.00,  -0.000,   -0.00,  -0.000,1,0,0,0,0
07,14,22,12:26:21,  -0.00,  -0.0,   -0.00,  -0.000,   -0.00,  -0.000,1,0,0,0,0
07,14,22,12:27:00,  -0.00,  -0.0,   -0.00,  -0.000,   -0.00,  -0.000,1,0,0,0,0
07,14,22,12:27:05,  -0.00,  -0.0,   -0.00,  -0.000,   -0.00,  -0.000,1,0,0,0,0
07,14,22,12:27:17,  -0.00,  -0.0,   -0.00,  -0.000,   -0.00,  -0.000,1,0,0,0,0
07,14,22,12:28:16,  -0.00,  -0.0,   -0.00,  -0.000,   -0.00,  -0.000,1,0,0,0,0
07,14,22,12:30:00,  -0.07,  18.4,  271.83,   2.547,  277.26,   4.808,0,1.17891,2.25182,1.17883,2.25194
07,14,22,12:35:00,  -0.05,  18.7,  261.43,   2.882,  265.56,   2.579,0,1.17841,2.25174,1.17887,2.25161
07,14,22,12:40:00,  -0.05,  18.8,  258.04,   2.278,  261.87,   0.624,0,1.17874,2.25190,1.17883,2.25178
07,14,22,12:45:00,   0.05,  18.8,  265.81,   1.084,  262.06,   0.822,0,1.17924,2.25174,1.17895,2.25182
07,14,22,12:50:00,   0.05,  19.2,  270.38,   2.721,  266.43,   3.606,0,1.17949,2.25090,1.17987,2.25186
07,14,22,12:55:00,   0.03,  19.9,  272.73,   2.517,  270.39,   1.529,0,1.18058,2.25015,1.18037,2.25049
07,14,22,13:00:00,   0.03,  20.4,  276.00,   1.080,  273.67,   1.330,0,1.18120,2.24940,1.18083,2.24990
07,14,22,13:05:00,   0.15,  21.2,  285.32,   2.280,  274.03,   1.730,0,1.18229,2.24757,1.18141,2.24874
07,14,22,13:10:00,   0.10,  22.3,  287.29,   2.264,  279.23,   2.268,0,1.18287,2.24619,1.18229,2.24719
07,14,22,13:15:00,   0.01,  23.2,  285.56,   3.244,  285.14,   1.799,0,1.18366,2.24511,1.18329,2.24586
07,14,22,13:20:00,  -0.49,  23.4,  282.38,   4.284,  320.78,   9.130,0,1.18283,2.24540,1.18349,2.24307
07,14,22,13:27:45,  -0.00,  -0.0,   -0.00,  -0.000,   -0.00,  -0.000,1,0,0,0,0
07,14,22,13:30:00,  -0.04,  22.9,  268.78,   1.891,  271.67,   2.820,0,1.18279,2.24728,1.18279,2.24699
07,14,22,13:35:00,  -0.06,  23.2,  273.09,   3.179,  277.55,   2.018,0,1.18312,2.24569,1.18295,2.24603
07,14,22,13:40:00,   0.07,  23.5,  278.71,   2.745,  273.44,   2.552,0,1.18324,2.24582,1.18329,2.24599
07,14,22,13:45:00,   0.04,  23.2,  279.66,   3.525,  276.76,   2.135,0,1.18270,2.24594,1.18329,2.24607
07,14,22,13:50:00,   0.00,  23.3,  282.12,   3.485,  282.11,   3.073,0,1.18349,2.24524,1.18358,2.24611
07,14,22,13:55:00,   0.05,  23.2,  279.60,   1.191,  275.43,   4.211,0,1.18316,2.24615,1.18329,2.24594
07,14,22,14:00:00,   0.02,  23.3,  278.46,   0.834,  276.60,   3.390,0,1.18333,2.24607,1.18349,2.24640
07,14,22,14:05:00,   0.09,  23.7,  287.44,   1.303,  280.28,   1.752,0,1.18391,2.24507,1.18387,2.24561
07,14,22,14:10:00,   0.06,  23.8,  288.25,   2.360,  283.40,   2.489,0,1.18387,2.24494,1.18395,2.24532
07,14,22,14:15:00,   0.05,  23.3,  288.24,   2.419,  284.20,   3.541,0,1.18283,2.24482,1.18354,2.24511
07,14,22,14:23:11,  -0.00,  -0.0,   -0.00,  -0.000,   -0.00,  -0.000,1,0,0,0,0
07,15,22,10:06:45,  -0.00,  -0.0,   -0.00,  -0.000,   -0.00,  -0.000,1,0,0,0,0
07,15,22,10:07:55,  -0.00,  -0.0,   -0.00,  -0.000,   -0.00,  -0.000,1,0,0,0,0
07,15,22,10:10:00,  -0.17,  19.9,  273.10,   3.134,  286.67,   4.854,0,1.18020,2.24740,1.17999,2.24932
07,15,22,10:15:00,  -0.01,  22.2,  263.83,   3.077,  264.34,   2.234,0,1.18104,2.24478,1.18079,2.24590
07,15,22,10:20:00,   0.05,  23.3,  269.06,   2.655,  264.82,   2.961,0,1.18183,2.24353,1.18124,2.24382
07,15,22,10:25:00,   0.05,  24.1,  274.66,   2.577,  271.12,   3.434,0,1.18258,2.24194,1.18204,2.24215
07,15,22,10:30:00,   0.02,  24.7,  279.94,   2.273,  278.36,   1.823,0,1.18316,2.24124,1.18295,2.24140
07,15,22,10:35:00,   0.08,  25.2,  287.60,   4.028,  281.34,   2.627,0,1.18391,2.24057,1.18354,2.24074
07,15,22,10:40:00,   0.66,  25.3,  347.36,   6.039,  295.98,   2.419,0,1.18412,2.23436,1.18383,2.23961
07,15,22,10:45:00,   1.15,  25.3,  398.10,   5.418,  308.45,   3.091,0,1.18449,2.23011,1.18391,2.23928
07,15,22,10:50:00,   1.32,  25.3,  416.92,   5.019,  313.95,   4.943,0,1.18408,2.22794,1.18420,2.23915
07,15,22,10:55:00,   1.42,  25.2,  422.82,   7.082,  312.34,   2.529,0,1.18487,2.22861,1.18433,2.23969
07,15,22,11:00:00,   1.44,  25.1,  421.65,   7.091,  309.19,   4.850,0,1.18483,2.22840,1.18449,2.24053
07,15,22,11:05:00,   1.38,  25.1,  428.75,   3.701,  321.41,   6.296,0,1.18466,2.22790,1.18433,2.23961
07,15,22,11:10:00,   1.37,  25.0,  426.79,   5.907,  320.34,   4.608,0,1.18487,2.22869,1.18420,2.23928
07,15,22,11:15:00,   1.31,  24.9,  421.20,   2.861,  318.90,   5.471,0,1.18429,2.22915,1.18433,2.23969
07,15,22,11:20:00,   1.07,  24.7,  423.37,   2.940,  340.36,   5.957,0,1.18429,2.22940,1.18416,2.23853
07,15,22,11:25:00,   1.11,  24.6,  415.76,   1.765,  329.03,   3.806,0,1.18412,2.23007,1.18408,2.23903
07,15,22,11:30:00,   1.22,  24.4,  412.08,   4.364,  317.13,   5.285,0,1.18383,2.23036,1.18366,2.24074
07,15,22,11:35:00,   1.24,  24.3,  407.56,   4.114,  310.90,   4.009,0,1.18404,2.23140,1.18391,2.24144
07,15,22,11:40:00,   1.12,  24.2,  407.85,   6.510,  321.04,   3.834,0,1.18412,2.23153,1.18391,2.24099
07,15,22,11:45:00,   1.28,  24.0,  407.27,   5.996,  307.73,   4.845,0,1.18366,2.23186,1.18358,2.24219
07,15,22,11:50:00,   1.08,  23.9,  403.69,   6.389,  319.51,   5.402,0,1.18383,2.23190,1.18374,2.24194
07,15,22,11:55:00,   1.18,  23.8,  406.04,   3.937,  314.06,   2.377,0,1.18366,2.23215,1.18358,2.24182
07,15,22,12:00:00,   1.06,  23.6,  401.05,   1.714,  318.19,   5.010,0,1.18358,2.23307,1.18354,2.24203
07,15,22,12:05:00,   1.02,  23.5,  397.29,   3.239,  317.87,   2.660,0,1.18358,2.23365,1.18329,2.24174
07,15,22,12:10:00,   1.07,  23.5,  393.36,   6.250,  309.91,   5.461,0,1.18374,2.23394,1.18341,2.24290
07,15,22,12:15:00,   1.04,  23.5,  391.07,   5.826,  310.32,   5.512,0,1.18387,2.23436,1.18337,2.24290
07,15,22,12:20:00,   0.98,  23.5,  391.67,   3.237,  315.76,   5.429,0,1.18387,2.23453,1.18354,2.24282
07,15,22,12:25:00,   0.66,  23.6,  409.33,   3.781,  358.17,   9.819,0,1.18374,2.23257,1.18366,2.23911
07,15,22,12:30:00,   0.88,  23.6,  398.90,   3.875,  330.44,   2.407,0,1.18366,2.23369,1.18404,2.24140
07,15,22,12:35:00,   1.02,  23.7,  400.91,   3.145,  321.64,   6.683,0,1.18370,2.23344,1.18412,2.24082
07,15,22,12:40:00,   1.07,  24.0,  398.67,   5.222,  315.43,   4.846,0,1.18416,2.23282,1.18374,2.24203
07,15,22,12:45:00,   1.18,  24.1,  413.86,   9.282,  322.38,   4.016,0,1.18437,2.23069,1.18404,2.24119
07,15,22,12:50:00,   0.85,  24.2,  421.92,   3.918,  355.77,   5.792,0,1.18433,2.23086,1.18429,2.23778
07,15,22,12:55:00,   0.81,  24.4,  441.10,   4.764,  378.01,  44.504,0,1.18424,2.22890,1.18445,2.22919
07,15,22,13:00:00,   1.20,  24.5,  421.67,   9.528,  328.52,   3.539,0,1.18462,2.22978,1.18441,2.23990
07,15,22,13:05:00,   0.90,  24.7,  416.22,   7.413,  346.23,   3.916,0,1.18479,2.23003,1.18462,2.23844
07,15,22,13:10:00,   1.06,  25.0,  417.37,   3.912,  334.93,   4.277,0,1.18470,2.22915,1.18458,2.23878
07,15,22,13:15:00,   0.93,  25.4,  416.40,   4.648,  344.36,   2.644,0,1.18487,2.22869,1.18470,2.23682
07,15,22,13:20:00,   1.17,  25.8,  406.86,   9.074,  315.93,   5.276,0,1.18537,2.22890,1.18495,2.23815
07,15,22,13:25:00,   0.88,  26.0,  409.44,  14.309,  340.69,   9.669,0,1.18537,2.23073,1.18537,2.23478
07,15,22,13:30:00,   0.10,  26.1,  337.77,   5.752,  329.75,   3.130,0,1.18545,2.23557,1.18524,2.23732
07,15,22,13:35:00,   0.58,  25.9,  423.36,   3.831,  378.14,  14.793,0,1.18558,2.22873,1.18549,2.23032
07,15,22,13:40:00,  -0.52,  26.1,  317.15,   2.700,  357.35,  15.957,0,1.18612,2.23857,1.18604,2.23753
07,15,22,13:46:15,  -0.00,  -0.0,   -0.00,  -0.000,   -0.00,  -0.000,2,0,0,0,0
07,15,22,13:46:28,  -0.00,  -0.0,   -0.00,  -0.000,   -0.00,  -0.000,2,0,0,0,0
