"","Month","Day","Year","Time","Flux","Temperature..C.","Soil.sig","Soil.STD","Date","DateTime"
"1",6,6,22,"13:03:30",0,0,0,0,2022-06-06,2022-06-06 11:03:30
"2",6,6,22,"13:05:00",0.54,26.8,328.98,5.11,2022-06-06,2022-06-06 11:05:00
"3",6,6,22,"13:10:00",1.41,29,364.9,3.645,2022-06-06,2022-06-06 11:10:00
"4",6,6,22,"13:15:00",1.55,30.2,381.08,7.804,2022-06-06,2022-06-06 11:15:00
"5",6,6,22,"13:20:00",1.45,31.1,376.75,3.518,2022-06-06,2022-06-06 11:20:00
"6",6,6,22,"13:25:00",1.38,31.5,375.1,5.509,2022-06-06,2022-06-06 11:25:00
"7",6,6,22,"13:30:00",1.36,32.1,369.65,6.577,2022-06-06,2022-06-06 11:30:00
"8",6,6,22,"13:35:00",1.3,32.1,367.03,2.969,2022-06-06,2022-06-06 11:35:00
"9",6,6,22,"13:40:00",1.22,32.2,362,4.312,2022-06-06,2022-06-06 11:40:00
"10",6,6,22,"13:45:00",1.13,31.8,353.05,4.075,2022-06-06,2022-06-06 11:45:00
"11",6,6,22,"13:50:00",1.17,31.5,354.69,5.705,2022-06-06,2022-06-06 11:50:00
"12",6,6,22,"13:55:00",1.13,31.1,349.82,7.276,2022-06-06,2022-06-06 11:55:00
"13",6,6,22,"14:00:00",1.22,30.5,352.71,6.558,2022-06-06,2022-06-06 12:00:00
"14",6,6,22,"14:05:00",1.27,30,352.99,2.677,2022-06-06,2022-06-06 12:05:00
"15",6,6,22,"14:10:00",1.21,29.4,345.51,5.44,2022-06-06,2022-06-06 12:10:00
"16",6,6,22,"14:15:00",1.2,28.7,347.49,2.774,2022-06-06,2022-06-06 12:15:00
"17",6,6,22,"14:20:00",1.24,28,344.39,4.055,2022-06-06,2022-06-06 12:20:00
"18",6,6,22,"14:25:00",1.25,27.3,345.68,6.159,2022-06-06,2022-06-06 12:25:00
"19",6,6,22,"14:30:00",1.25,26.8,344.55,4.686,2022-06-06,2022-06-06 12:30:00
"20",6,6,22,"14:35:00",1.33,26.4,351.59,7.203,2022-06-06,2022-06-06 12:35:00
"21",6,6,22,"14:40:00",1.5,26.2,365.17,7.411,2022-06-06,2022-06-06 12:40:00
"22",6,6,22,"14:45:00",1.5,26.1,367.89,6.202,2022-06-06,2022-06-06 12:45:00
"23",6,6,22,"14:50:00",1.43,26.1,362.81,6.512,2022-06-06,2022-06-06 12:50:00
"24",6,6,22,"14:55:00",1.43,26.1,360.24,6.094,2022-06-06,2022-06-06 12:55:00
"25",6,6,22,"15:00:00",1.42,26,361.52,6.68,2022-06-06,2022-06-06 13:00:00
"26",6,6,22,"15:05:00",1.35,25.9,354.92,5.137,2022-06-06,2022-06-06 13:05:00
"27",6,6,22,"15:10:00",1.26,25.8,349.43,6.767,2022-06-06,2022-06-06 13:10:00
"28",6,6,22,"15:15:00",1.35,25.6,354.77,6.445,2022-06-06,2022-06-06 13:15:00
"29",6,6,22,"15:20:00",1.47,25.5,364.92,6.067,2022-06-06,2022-06-06 13:20:00
"30",6,6,22,"15:25:00",1.44,25.3,362.27,6.429,2022-06-06,2022-06-06 13:25:00
"31",6,6,22,"15:30:00",1.32,25.2,354.26,5.225,2022-06-06,2022-06-06 13:30:00
"32",6,6,22,"15:35:00",1.42,25.1,358.97,4.279,2022-06-06,2022-06-06 13:35:00
"33",6,6,22,"15:40:00",1.44,25.2,364.62,7.123,2022-06-06,2022-06-06 13:40:00
"34",6,6,22,"15:45:00",1.39,25.3,360.9,6.317,2022-06-06,2022-06-06 13:45:00
"35",6,6,22,"15:50:00",1.31,25.2,354.77,6.068,2022-06-06,2022-06-06 13:50:00
"36",6,6,22,"15:55:00",1.38,25.4,358.71,4.334,2022-06-06,2022-06-06 13:55:00
"37",6,6,22,"16:00:00",1.41,25.5,360.03,4.3,2022-06-06,2022-06-06 14:00:00
"38",6,6,22,"16:05:00",1.42,25.5,360.16,7.856,2022-06-06,2022-06-06 14:05:00
"39",6,6,22,"16:10:00",1.35,25.3,356.49,6.796,2022-06-06,2022-06-06 14:10:00
"40",6,6,22,"16:15:00",1.3,25.3,352.52,3.758,2022-06-06,2022-06-06 14:15:00
"41",6,6,22,"16:20:00",1.34,25,354.4,6.308,2022-06-06,2022-06-06 14:20:00
"42",6,8,22,"11:27:57",0,0,0,0,2022-06-08,2022-06-08 09:27:57
"43",6,8,22,"11:30:00",-0.13,21.9,634.47,2.147,2022-06-08,2022-06-08 09:30:00
"44",6,8,22,"11:35:00",0.07,24.5,671.25,1.974,2022-06-08,2022-06-08 09:35:00
"45",6,8,22,"11:40:00",0.01,25.9,703.32,2.696,2022-06-08,2022-06-08 09:40:00
"46",6,8,22,"11:45:00",-0.43,26.9,642.42,4.756,2022-06-08,2022-06-08 09:45:00
"47",6,8,22,"11:52:23",0,0,0,0,2022-06-08,2022-06-08 09:52:23
"48",6,20,22,"12:53:22",0,0,0,0,2022-06-20,2022-06-20 10:53:22
"49",6,20,22,"12:55:00",1.32,15.5,382.04,13.233,2022-06-20,2022-06-20 10:55:00
"50",6,20,22,"13:02:09",0,0,0,0,2022-06-20,2022-06-20 11:02:09
"51",6,20,22,"13:05:00",1.96,18.4,401.76,8.682,2022-06-20,2022-06-20 11:05:00
"52",6,20,22,"13:10:00",1.77,18.9,403.07,5.079,2022-06-20,2022-06-20 11:10:00
"53",6,20,22,"13:15:00",1.56,19.2,396.72,5.652,2022-06-20,2022-06-20 11:15:00
"54",6,20,22,"13:20:00",1.53,19.4,380.65,6.977,2022-06-20,2022-06-20 11:20:00
"55",6,20,22,"13:25:00",1.45,19.6,377,4.203,2022-06-20,2022-06-20 11:25:00
"56",6,20,22,"13:30:00",1.37,19.6,380.4,2.85,2022-06-20,2022-06-20 11:30:00
"57",6,20,22,"13:35:00",1.25,19.6,373.04,5.691,2022-06-20,2022-06-20 11:35:00
"58",6,20,22,"13:40:00",1.33,19.5,374.12,7.285,2022-06-20,2022-06-20 11:40:00
"59",6,20,22,"13:45:00",1.26,19.4,375.27,8.007,2022-06-20,2022-06-20 11:45:00
"60",6,20,22,"13:51:24",0,0,0,0,2022-06-20,2022-06-20 11:51:24
"61",6,20,22,"13:55:00",1.62,19.1,387.96,6.432,2022-06-20,2022-06-20 11:55:00
"62",6,20,22,"14:00:00",1.63,19,395.12,8.209,2022-06-20,2022-06-20 12:00:00
"63",6,20,22,"14:05:00",1.53,18.9,407.31,6.483,2022-06-20,2022-06-20 12:05:00
"64",6,20,22,"14:10:00",1.59,18.9,397.4,5.57,2022-06-20,2022-06-20 12:10:00
"65",6,20,22,"14:15:00",1.77,18.8,405,7.933,2022-06-20,2022-06-20 12:15:00
"66",6,20,22,"14:20:00",1.85,18.9,408.41,7.904,2022-06-20,2022-06-20 12:20:00
"67",6,20,22,"14:25:00",1.89,19,413.78,6.881,2022-06-20,2022-06-20 12:25:00
"68",6,20,22,"14:30:00",2,19.1,424.64,10.271,2022-06-20,2022-06-20 12:30:00
"69",6,20,22,"14:35:00",1.64,19.1,403.62,3.97,2022-06-20,2022-06-20 12:35:00
"70",6,20,22,"14:40:00",1.43,19.2,383.14,5.818,2022-06-20,2022-06-20 12:40:00
"71",6,20,22,"14:45:00",1.52,19.2,387.96,6.525,2022-06-20,2022-06-20 12:45:00
"72",6,20,22,"14:50:00",1.3,19.2,374.33,4.215,2022-06-20,2022-06-20 12:50:00
"73",6,20,22,"14:55:00",0.99,19.3,347.14,3.588,2022-06-20,2022-06-20 12:55:00
"74",6,20,22,"15:00:00",0.78,19.3,328.48,3.22,2022-06-20,2022-06-20 13:00:00
"75",6,20,22,"15:05:00",0.59,19.3,313.3,4.149,2022-06-20,2022-06-20 13:05:00
"76",6,20,22,"15:10:00",0.6,19.2,311.59,3.596,2022-06-20,2022-06-20 13:10:00
"77",6,20,22,"15:15:00",0.5,19.2,300.93,1.008,2022-06-20,2022-06-20 13:15:00
"78",6,20,22,"15:20:00",0.5,19.3,300.84,2.924,2022-06-20,2022-06-20 13:20:00
"79",6,20,22,"15:25:00",0.3,19.4,302.42,1.166,2022-06-20,2022-06-20 13:25:00
"80",6,20,22,"15:30:00",0.42,19.6,294.32,1.638,2022-06-20,2022-06-20 13:30:00
"81",6,20,22,"15:35:00",0.27,19.8,286.64,3.565,2022-06-20,2022-06-20 13:35:00
"82",6,20,22,"15:40:00",0.31,20,287.42,2.504,2022-06-20,2022-06-20 13:40:00
"83",6,20,22,"15:45:00",0.4,20.2,300.33,1.868,2022-06-20,2022-06-20 13:45:00
"84",6,20,22,"15:50:00",0.28,20.3,287.91,1.614,2022-06-20,2022-06-20 13:50:00
"85",6,20,22,"15:55:00",0.26,20.4,286.91,2.758,2022-06-20,2022-06-20 13:55:00
"86",6,20,22,"16:00:00",0.25,20.4,290.33,1.526,2022-06-20,2022-06-20 14:00:00
"87",6,20,22,"16:05:00",0.27,20.5,285.52,1.357,2022-06-20,2022-06-20 14:05:00
"88",6,20,22,"16:10:00",0.14,20.5,278.07,1.293,2022-06-20,2022-06-20 14:10:00
"89",6,20,22,"16:15:00",0.24,20.5,284.32,4.183,2022-06-20,2022-06-20 14:15:00
"90",6,20,22,"16:20:00",0.16,20.6,279.18,2.969,2022-06-20,2022-06-20 14:20:00
"91",6,22,22,"11:34:55",0,0,0,0,2022-06-22,2022-06-22 09:34:55
"92",6,22,22,"11:35:14",0,0,0,0,2022-06-22,2022-06-22 09:35:14
"93",6,22,22,"11:35:22",0,0,0,0,2022-06-22,2022-06-22 09:35:22
"94",6,28,22,"10:53:58",0,0,0,0,2022-06-28,2022-06-28 08:53:58
"95",6,28,22,"10:55:00",-0.17,22.4,306.28,3.033,2022-06-28,2022-06-28 08:55:00
"96",6,28,22,"11:00:00",-0.02,26,290.52,4.158,2022-06-28,2022-06-28 09:00:00
"97",6,28,22,"11:05:00",0.06,27.8,295.73,3.046,2022-06-28,2022-06-28 09:05:00
"98",6,28,22,"11:10:00",0.15,29.2,306.61,3.757,2022-06-28,2022-06-28 09:10:00
"99",6,28,22,"11:15:00",0.02,30.1,310.35,1.488,2022-06-28,2022-06-28 09:15:00
"100",6,28,22,"11:20:00",0.05,30.9,316.08,1.145,2022-06-28,2022-06-28 09:20:00
"101",6,28,22,"11:25:00",0,31.6,308.53,3.559,2022-06-28,2022-06-28 09:25:00
"102",6,28,22,"11:30:00",0,31,298.94,2.85,2022-06-28,2022-06-28 09:30:00
"103",6,28,22,"11:35:00",0,30.7,287.53,2.303,2022-06-28,2022-06-28 09:35:00
"104",6,28,22,"11:40:00",0.01,30.6,283.8,3.267,2022-06-28,2022-06-28 09:40:00
"105",6,28,22,"11:45:00",0.04,30.6,278.75,2.694,2022-06-28,2022-06-28 09:45:00
"106",6,28,22,"11:50:00",0.02,30.3,269.35,2.403,2022-06-28,2022-06-28 09:50:00
"107",6,28,22,"11:55:00",-0.02,29.8,258.35,2.249,2022-06-28,2022-06-28 09:55:00
"108",6,28,22,"12:00:00",-0.02,29.6,252.61,2.191,2022-06-28,2022-06-28 10:00:00
"109",6,28,22,"12:05:00",0,29.6,250.17,1.603,2022-06-28,2022-06-28 10:05:00
"110",6,28,22,"12:10:00",0.06,29.3,251.84,2.514,2022-06-28,2022-06-28 10:10:00
"111",6,28,22,"12:15:00",0.03,29.3,247.05,3.604,2022-06-28,2022-06-28 10:15:00
"112",6,28,22,"12:20:00",0,29.5,246.54,3.29,2022-06-28,2022-06-28 10:20:00
"113",6,28,22,"12:25:00",0.02,29.7,251.11,2.637,2022-06-28,2022-06-28 10:25:00
"114",6,28,22,"12:30:00",-0.01,29.7,253.24,3.145,2022-06-28,2022-06-28 10:30:00
"115",6,28,22,"12:35:00",0.04,29.6,255.81,3.184,2022-06-28,2022-06-28 10:35:00
"116",6,28,22,"12:40:00",0.05,30.9,269.96,3.369,2022-06-28,2022-06-28 10:40:00
"117",6,28,22,"12:45:00",0.11,33.2,295.85,1.39,2022-06-28,2022-06-28 10:45:00
"118",6,28,22,"12:50:00",0.1,34.8,317.02,3.858,2022-06-28,2022-06-28 10:50:00
"119",6,28,22,"12:57:22",0,0,0,0,2022-06-28,2022-06-28 10:57:22
"120",6,28,22,"21:51:42",0,0,0,0,2022-06-28,2022-06-28 19:51:42
"121",6,29,22,"10:04:13",0,0,0,0,2022-06-29,2022-06-29 08:04:13
"122",6,29,22,"10:05:00",-0.45,15.2,269.04,6.121,2022-06-29,2022-06-29 08:05:00
"123",6,29,22,"10:12:43",0,0,0,0,2022-06-29,2022-06-29 08:12:43
"124",6,29,22,"10:15:00",-0.02,18.9,237.9,1.663,2022-06-29,2022-06-29 08:15:00
"125",6,29,22,"10:23:43",0,0,0,0,2022-06-29,2022-06-29 08:23:43
"126",6,29,22,"10:25:00",-0.09,17.8,251.24,5.711,2022-06-29,2022-06-29 08:25:00
"127",6,29,22,"10:33:43",0,0,0,0,2022-06-29,2022-06-29 08:33:43
"128",6,29,22,"10:35:00",0.07,18.9,245.89,2.961,2022-06-29,2022-06-29 08:35:00
"129",6,29,22,"10:40:00",0.22,19.3,255.1,2.259,2022-06-29,2022-06-29 08:40:00
"130",6,29,22,"10:45:00",0.15,19.4,250.54,1.302,2022-06-29,2022-06-29 08:45:00
"131",6,29,22,"10:50:00",0.13,19.2,248.57,2.425,2022-06-29,2022-06-29 08:50:00
"132",6,29,22,"10:55:00",0.17,19,250.73,1.762,2022-06-29,2022-06-29 08:55:00
"133",6,29,22,"11:00:00",0.18,18.8,248.59,2.903,2022-06-29,2022-06-29 09:00:00
"134",6,29,22,"11:05:00",0.17,18.8,247.57,3.537,2022-06-29,2022-06-29 09:05:00
"135",6,29,22,"11:10:00",0.18,19,251.31,2.661,2022-06-29,2022-06-29 09:10:00
"136",6,29,22,"11:15:00",0.11,19.5,247.6,1.463,2022-06-29,2022-06-29 09:15:00
"137",6,29,22,"11:28:52",0,0,0,0,2022-06-29,2022-06-29 09:28:52
"138",6,29,22,"11:38:38",0,0,0,0,2022-06-29,2022-06-29 09:38:38
"139",6,29,22,"11:40:00",-0.26,15.6,244.67,2.82,2022-06-29,2022-06-29 09:40:00
"140",6,29,22,"11:47:36",0,0,0,0,2022-06-29,2022-06-29 09:47:36
"141",6,29,22,"11:50:00",-0.12,18.8,244.22,4.348,2022-06-29,2022-06-29 09:50:00
"142",6,29,22,"11:55:00",0.14,20.3,255.2,2.573,2022-06-29,2022-06-29 09:55:00
"143",6,29,22,"12:00:00",0.14,21.4,255.06,2.485,2022-06-29,2022-06-29 10:00:00
"144",6,29,22,"22:03:43",0,0,0,0,2022-06-29,2022-06-29 20:03:43
"145",6,29,22,"22:05:00",-0.36,19.2,366.83,5.065,2022-06-29,2022-06-29 20:05:00
"146",6,29,22,"22:09:44",0,0,0,0,2022-06-29,2022-06-29 20:09:44
"147",6,29,22,"22:10:03",-0.07,21.9,352.2,4.608,2022-06-29,2022-06-29 20:10:03
"148",6,30,22,"10:22:21",0,0,0,0,2022-06-30,2022-06-30 08:22:21
"149",6,30,22,"10:22:29",0,0,0,0,2022-06-30,2022-06-30 08:22:29
"150",6,30,22,"10:25:00",-0.14,18,243.35,3.502,2022-06-30,2022-06-30 08:25:00
"151",6,30,22,"10:30:00",0.06,19.5,231.89,3.538,2022-06-30,2022-06-30 08:30:00
"152",6,30,22,"10:35:00",0.08,20.1,233.07,2.335,2022-06-30,2022-06-30 08:35:00
"153",6,30,22,"10:40:00",0.03,20.2,235.09,2.607,2022-06-30,2022-06-30 08:40:00
"154",6,30,22,"10:45:00",0.09,20.2,243.69,1.341,2022-06-30,2022-06-30 08:45:00
"155",6,30,22,"10:50:00",0.11,20.2,247.4,2.886,2022-06-30,2022-06-30 08:50:00
"156",6,30,22,"10:55:00",0.01,20.2,245.06,1.761,2022-06-30,2022-06-30 08:55:00
"157",6,30,22,"11:00:00",0.12,20,251.86,1.524,2022-06-30,2022-06-30 09:00:00
"158",6,30,22,"11:05:00",0.1,19.9,250.83,2.305,2022-06-30,2022-06-30 09:05:00
"159",6,30,22,"11:10:00",0.07,19.6,250.37,3.032,2022-06-30,2022-06-30 09:10:00
"160",6,30,22,"11:15:00",0.08,19.6,253.55,2.292,2022-06-30,2022-06-30 09:15:00
"161",6,30,22,"11:20:00",0.01,19.3,262.11,6.413,2022-06-30,2022-06-30 09:20:00
"162",6,30,22,"11:25:00",0.07,18.8,261.47,2.391,2022-06-30,2022-06-30 09:25:00
"163",6,30,22,"11:30:00",-0.01,18.5,259.32,4.58,2022-06-30,2022-06-30 09:30:00
"164",6,30,22,"11:36:07",0,0,0,0,2022-06-30,2022-06-30 09:36:07
"165",6,30,22,"11:40:00",-0.01,19.3,249.22,2.06,2022-06-30,2022-06-30 09:40:00
"166",6,30,22,"11:45:00",0.11,19.9,258.89,1.852,2022-06-30,2022-06-30 09:45:00
"167",6,30,22,"11:50:00",0.02,20.4,255.65,3.007,2022-06-30,2022-06-30 09:50:00
"168",6,30,22,"11:55:00",0.01,20.8,257.07,3.822,2022-06-30,2022-06-30 09:55:00
"169",6,30,22,"12:00:00",0.1,21.2,260.91,3.278,2022-06-30,2022-06-30 10:00:00
"170",6,30,22,"12:05:00",0.05,21.7,258.44,1.455,2022-06-30,2022-06-30 10:05:00
"171",6,30,22,"12:10:00",0.08,22,259.61,0.982,2022-06-30,2022-06-30 10:10:00
"172",6,30,22,"12:15:00",0.03,22.3,259.42,3.079,2022-06-30,2022-06-30 10:15:00
"173",6,30,22,"12:20:00",0.04,22.3,260.53,2.381,2022-06-30,2022-06-30 10:20:00
"174",6,30,22,"12:25:00",0.02,22.5,258.55,2.153,2022-06-30,2022-06-30 10:25:00
"175",6,30,22,"12:30:00",0.05,22.7,262.03,1.402,2022-06-30,2022-06-30 10:30:00
"176",7,1,22,"10:29:54",0,0,0,0,2022-07-01,2022-07-01 08:29:54
"177",7,1,22,"10:30:12",0,0,0,0,2022-07-01,2022-07-01 08:30:12
"178",7,1,22,"10:30:31",-0.57,16.2,265.28,5.361,2022-07-01,2022-07-01 08:30:31
"179",7,1,22,"10:35:00",-0.35,19.1,243.03,2.225,2022-07-01,2022-07-01 08:35:00
"180",7,1,22,"10:40:00",0.11,21.1,255.62,13.822,2022-07-01,2022-07-01 08:40:00
"181",7,1,22,"10:45:00",-0.15,23,265.59,2.676,2022-07-01,2022-07-01 08:45:00
"182",7,1,22,"10:50:00",0.15,25.6,274.31,4.499,2022-07-01,2022-07-01 08:50:00
"183",7,1,22,"10:55:00",0.13,26.1,287.87,2.078,2022-07-01,2022-07-01 08:55:00
"184",7,1,22,"11:00:00",0.07,26.3,286.55,1.285,2022-07-01,2022-07-01 09:00:00
"185",7,1,22,"11:05:00",0.17,26.6,292.66,3.04,2022-07-01,2022-07-01 09:05:00
"186",7,1,22,"11:10:00",0.13,26.9,292.12,1.362,2022-07-01,2022-07-01 09:10:00
"187",7,1,22,"11:15:00",0.14,27.6,297.62,2.158,2022-07-01,2022-07-01 09:15:00
"188",7,1,22,"11:20:00",0.13,27.4,299.07,1.655,2022-07-01,2022-07-01 09:20:00
"189",7,1,22,"11:25:00",0.07,27.8,296.89,2.568,2022-07-01,2022-07-01 09:25:00
"190",7,1,22,"11:30:00",0.16,27.7,300.47,1.097,2022-07-01,2022-07-01 09:30:00
"191",7,1,22,"11:35:00",0.08,28.5,298.83,3.26,2022-07-01,2022-07-01 09:35:00
"192",7,1,22,"11:40:00",0.18,28.5,306.17,3.961,2022-07-01,2022-07-01 09:40:00
"193",7,1,22,"11:45:00",0.15,28.8,307.21,2.463,2022-07-01,2022-07-01 09:45:00
"194",7,1,22,"12:02:23",0,0,0,0,2022-07-01,2022-07-01 10:02:23
"195",7,1,22,"12:05:00",-0.04,25,286.14,3.935,2022-07-01,2022-07-01 10:05:00
"196",7,1,22,"12:10:00",0.02,26,282.12,3.124,2022-07-01,2022-07-01 10:10:00
"197",7,1,22,"12:15:00",0.11,26.6,284.8,2.748,2022-07-01,2022-07-01 10:15:00
"198",7,1,22,"12:20:00",0.2,27.3,294.18,3.848,2022-07-01,2022-07-01 10:20:00
"199",7,1,22,"12:25:00",0.11,27.5,297.55,2.109,2022-07-01,2022-07-01 10:25:00
"200",7,1,22,"12:30:00",0.22,27.9,309.41,4.484,2022-07-01,2022-07-01 10:30:00
"201",7,1,22,"12:35:00",0.21,29,316.83,3.176,2022-07-01,2022-07-01 10:35:00
"202",7,1,22,"12:40:00",0.17,28.8,315.88,2.842,2022-07-01,2022-07-01 10:40:00
"203",7,1,22,"12:45:00",0.18,28.5,312.45,3.06,2022-07-01,2022-07-01 10:45:00
"204",7,1,22,"12:50:00",0.14,28.5,311.5,2.363,2022-07-01,2022-07-01 10:50:00
"205",7,1,22,"12:55:00",0.15,28.9,314.18,3.224,2022-07-01,2022-07-01 10:55:00
"206",7,1,22,"13:00:00",0.13,28.8,311.6,2.576,2022-07-01,2022-07-01 11:00:00
"207",7,1,22,"13:05:00",0.08,28.9,312.79,2.007,2022-07-01,2022-07-01 11:05:00
"208",7,1,22,"13:10:00",0.12,28.6,307.58,3.603,2022-07-01,2022-07-01 11:10:00
"209",7,1,22,"13:15:00",0.07,28.2,302.3,2.279,2022-07-01,2022-07-01 11:15:00
"210",7,1,22,"13:20:00",0.11,28,303.52,4.674,2022-07-01,2022-07-01 11:20:00
"211",7,1,22,"13:25:00",0.16,28.2,314.33,4.681,2022-07-01,2022-07-01 11:25:00
"212",7,1,22,"13:30:00",0.2,28.7,313.75,2.98,2022-07-01,2022-07-01 11:30:00
"213",7,1,22,"13:35:00",0.06,28.4,312.88,2.805,2022-07-01,2022-07-01 11:35:00
"214",7,1,22,"13:40:00",0.13,28.1,310.37,3.445,2022-07-01,2022-07-01 11:40:00
"215",7,1,22,"13:45:00",0.05,27.7,295.32,1.306,2022-07-01,2022-07-01 11:45:00
"216",7,1,22,"13:52:42",0,0,0,0,2022-07-01,2022-07-01 11:52:42
"217",7,5,22,"10:25:31",0,0,0,0,2022-07-05,2022-07-05 08:25:31
"218",7,5,22,"10:25:50",-0.52,14.3,285.42,6.642,2022-07-05,2022-07-05 08:25:50
"219",7,5,22,"10:30:00",-0.09,16.9,256.92,1.197,2022-07-05,2022-07-05 08:30:00
"220",7,5,22,"10:35:00",0.02,18.2,253.3,4.467,2022-07-05,2022-07-05 08:35:00
"221",7,5,22,"10:40:00",2.02,18.4,409.08,15.863,2022-07-05,2022-07-05 08:40:00
"222",7,5,22,"10:45:00",2.58,18.3,465.34,6.828,2022-07-05,2022-07-05 08:45:00
"223",7,5,22,"10:50:00",1.26,18.1,370.21,4.742,2022-07-05,2022-07-05 08:50:00
"224",7,5,22,"10:55:00",3.03,17.8,503.63,7.36,2022-07-05,2022-07-05 08:55:00
"225",7,5,22,"11:00:00",1.38,17.5,385.46,3.148,2022-07-05,2022-07-05 09:00:00
"226",7,5,22,"11:05:00",0.7,17.2,324.75,3.5,2022-07-05,2022-07-05 09:05:00
"227",7,5,22,"11:10:00",0.72,17.1,321.66,4.169,2022-07-05,2022-07-05 09:10:00
"228",7,5,22,"11:15:00",0.53,16.9,308.08,0.768,2022-07-05,2022-07-05 09:15:00
"229",7,5,22,"11:20:00",0.2,16.8,284.44,8.44,2022-07-05,2022-07-05 09:20:00
"230",7,5,22,"11:25:00",0.29,16.6,284.17,18.035,2022-07-05,2022-07-05 09:25:00
"231",7,5,22,"11:30:00",0.12,16.3,296.12,6.404,2022-07-05,2022-07-05 09:30:00
"232",7,5,22,"11:35:00",1.49,16.4,390.02,7.657,2022-07-05,2022-07-05 09:35:00
"233",7,5,22,"11:40:00",0.93,16.5,350.19,1.976,2022-07-05,2022-07-05 09:40:00
"234",7,5,22,"11:45:00",0.86,16.5,341.56,4.303,2022-07-05,2022-07-05 09:45:00
"235",7,5,22,"11:50:00",0.63,16.6,321.51,3.624,2022-07-05,2022-07-05 09:50:00
"236",7,5,22,"11:55:00",0.45,16.6,302.91,2.693,2022-07-05,2022-07-05 09:55:00
"237",7,5,22,"12:00:00",0.42,16.6,298.43,4.454,2022-07-05,2022-07-05 10:00:00
"238",7,5,22,"12:05:00",0.18,16.6,285.72,6.511,2022-07-05,2022-07-05 10:05:00
"239",7,5,22,"12:10:00",0.34,16.4,311.77,6.339,2022-07-05,2022-07-05 10:10:00
"240",7,5,22,"12:15:00",-0.32,16.5,292.08,3.1,2022-07-05,2022-07-05 10:15:00
"241",7,5,22,"12:20:00",0.26,17.1,299.94,11.078,2022-07-05,2022-07-05 10:20:00
"242",7,5,22,"12:25:00",0.59,17.3,320.29,3.302,2022-07-05,2022-07-05 10:25:00
"243",7,5,22,"12:30:00",0.34,17.4,304.55,2.195,2022-07-05,2022-07-05 10:30:00
"244",7,5,22,"12:35:00",0.37,17.5,304.67,2.843,2022-07-05,2022-07-05 10:35:00
"245",7,5,22,"12:40:00",0.27,17.5,296.03,1.627,2022-07-05,2022-07-05 10:40:00
"246",7,5,22,"12:45:00",0.18,17.7,287.2,3.16,2022-07-05,2022-07-05 10:45:00
"247",7,5,22,"12:50:00",0.32,17.9,297.06,5.644,2022-07-05,2022-07-05 10:50:00
"248",7,5,22,"12:55:00",0.3,18.1,298.81,1.98,2022-07-05,2022-07-05 10:55:00
"249",7,5,22,"13:00:00",0.31,18.1,299.65,4.296,2022-07-05,2022-07-05 11:00:00
"250",7,6,22,"10:23:14",0,0,0,0,2022-07-06,2022-07-06 08:23:14
"251",7,6,22,"10:23:57",0,0,0,0,2022-07-06,2022-07-06 08:23:57
"252",7,6,22,"10:25:00",-0.36,18.6,274.51,3.417,2022-07-06,2022-07-06 08:25:00
"253",7,6,22,"10:30:00",-0.09,20.4,249.78,2.966,2022-07-06,2022-07-06 08:30:00
"254",7,6,22,"10:35:00",0.09,21.1,253.78,3.169,2022-07-06,2022-07-06 08:35:00
"255",7,6,22,"10:40:00",2.18,21.4,421.28,30.595,2022-07-06,2022-07-06 08:40:00
"256",7,6,22,"10:45:00",0.53,21.2,368.99,24.123,2022-07-06,2022-07-06 08:45:00
"257",7,6,22,"10:50:00",2.88,21,496.09,12.699,2022-07-06,2022-07-06 08:50:00
"258",7,6,22,"10:55:00",2.93,20.7,509.14,11.068,2022-07-06,2022-07-06 08:55:00
"259",7,6,22,"11:00:00",2.9,20.3,505.37,12.268,2022-07-06,2022-07-06 09:00:00
"260",7,6,22,"11:05:00",2.8,20,500.94,9.736,2022-07-06,2022-07-06 09:05:00
"261",7,6,22,"11:10:00",2.8,19.5,501.26,9.084,2022-07-06,2022-07-06 09:10:00
"262",7,6,22,"11:15:00",2.74,19.1,499.14,9.249,2022-07-06,2022-07-06 09:15:00
"263",7,6,22,"11:20:00",2.72,18.8,495.82,11.867,2022-07-06,2022-07-06 09:20:00
"264",7,6,22,"11:25:00",2.73,18.5,497.83,9.459,2022-07-06,2022-07-06 09:25:00
"265",7,6,22,"11:30:00",2.73,18.3,496.55,10.825,2022-07-06,2022-07-06 09:30:00
"266",7,6,22,"11:35:00",2.75,18.2,498.98,11.993,2022-07-06,2022-07-06 09:35:00
"267",7,6,22,"11:40:00",2.61,18.1,490.11,8.303,2022-07-06,2022-07-06 09:40:00
"268",7,6,22,"11:45:00",2.63,17.9,492.44,9.988,2022-07-06,2022-07-06 09:45:00
"269",7,6,22,"11:50:00",2.59,17.8,489.8,7.794,2022-07-06,2022-07-06 09:50:00
"270",7,6,22,"11:55:00",2.62,17.7,490.68,11.095,2022-07-06,2022-07-06 09:55:00
"271",7,6,22,"12:00:00",2.6,17.6,488.5,9.263,2022-07-06,2022-07-06 10:00:00
"272",7,6,22,"12:05:00",2.5,17.5,491.87,9.942,2022-07-06,2022-07-06 10:05:00
"273",7,6,22,"12:10:00",2.55,17.5,497.61,8.282,2022-07-06,2022-07-06 10:10:00
"274",7,6,22,"12:15:00",2.48,17.7,505.71,9.71,2022-07-06,2022-07-06 10:15:00
"275",7,6,22,"12:20:00",2.29,17.8,517.54,7.132,2022-07-06,2022-07-06 10:20:00
"276",7,6,22,"12:25:00",2.69,17.9,520.1,9.99,2022-07-06,2022-07-06 10:25:00
"277",7,6,22,"12:30:00",2.45,18,522,7.874,2022-07-06,2022-07-06 10:30:00
"278",7,6,22,"12:35:00",2.4,18,526.97,9.292,2022-07-06,2022-07-06 10:35:00
"279",7,6,22,"12:40:00",2.52,17.9,509.43,8.17,2022-07-06,2022-07-06 10:40:00
"280",7,6,22,"12:45:00",2.59,18,506.34,10.636,2022-07-06,2022-07-06 10:45:00
"281",7,6,22,"12:50:00",2.22,18,504.16,10.942,2022-07-06,2022-07-06 10:50:00
"282",7,6,22,"12:55:00",2.47,17.9,510.81,10.919,2022-07-06,2022-07-06 10:55:00
"283",7,6,22,"13:00:00",2.39,17.9,503.57,6.789,2022-07-06,2022-07-06 11:00:00
"284",7,6,22,"13:05:00",2.28,17.8,499.35,9.245,2022-07-06,2022-07-06 11:05:00
"285",7,6,22,"13:10:00",2.47,17.8,509.46,10.594,2022-07-06,2022-07-06 11:10:00
"286",7,6,22,"13:15:00",1.59,17.7,432.52,54.067,2022-07-06,2022-07-06 11:15:00
"287",7,6,22,"13:20:00",0.02,18,286.7,1.96,2022-07-06,2022-07-06 11:20:00
"288",7,6,22,"13:25:00",0.2,18.3,291.1,2.77,2022-07-06,2022-07-06 11:25:00
"289",7,6,22,"13:30:00",0.15,18.3,284.06,1.821,2022-07-06,2022-07-06 11:30:00
"290",7,6,22,"13:35:00",0.12,18.6,283.25,2.421,2022-07-06,2022-07-06 11:35:00
"291",7,6,22,"13:40:00",0.11,18.6,280.19,1.569,2022-07-06,2022-07-06 11:40:00
"292",7,6,22,"13:45:00",0.11,18.7,278.89,1.149,2022-07-06,2022-07-06 11:45:00
"293",7,6,22,"13:50:00",0.08,18.6,274.69,1.416,2022-07-06,2022-07-06 11:50:00
"294",7,6,22,"13:55:00",0.12,18.6,279.82,3.172,2022-07-06,2022-07-06 11:55:00
"295",7,6,22,"14:00:00",0.08,18.5,277.2,1.974,2022-07-06,2022-07-06 12:00:00
"296",7,6,22,"14:05:00",0.02,18.4,271.37,4.099,2022-07-06,2022-07-06 12:05:00
"297",7,6,22,"14:10:00",-0.01,18.9,277.65,2.666,2022-07-06,2022-07-06 12:10:00
"298",7,6,22,"15:46:13",0,0,0,0,2022-07-06,2022-07-06 13:46:13
"299",7,6,22,"15:46:43",0,0,0,0,2022-07-06,2022-07-06 13:46:43
"300",7,7,22,"10:22:56",0,0,0,0,2022-07-07,2022-07-07 08:22:56
"301",7,7,22,"10:46:20",0,0,0,0,2022-07-07,2022-07-07 08:46:20
"302",7,7,22,"10:50:00",-0.1,15.8,244.76,3.465,2022-07-07,2022-07-07 08:50:00
"303",7,7,22,"10:55:00",-0.04,17.7,233.63,1.79,2022-07-07,2022-07-07 08:55:00
"304",7,7,22,"11:00:00",0.08,18.9,240.13,3.738,2022-07-07,2022-07-07 09:00:00
"305",7,7,22,"11:05:00",0.02,19.4,240.97,1.813,2022-07-07,2022-07-07 09:05:00
"306",7,7,22,"11:10:00",-0.03,19.8,240.98,2.382,2022-07-07,2022-07-07 09:10:00
"307",7,7,22,"11:15:00",0.01,20,247.18,4.701,2022-07-07,2022-07-07 09:15:00
"308",7,7,22,"11:20:00",0.06,20.6,256.68,5.213,2022-07-07,2022-07-07 09:20:00
"309",7,7,22,"11:25:00",0.03,20.8,256.85,3.469,2022-07-07,2022-07-07 09:25:00
"310",7,7,22,"11:30:00",0.02,20.4,255.78,4.269,2022-07-07,2022-07-07 09:30:00
"311",7,7,22,"11:35:00",-0.02,19.8,250.65,0.71,2022-07-07,2022-07-07 09:35:00
"312",7,7,22,"11:40:00",0.03,19.6,257.74,4.243,2022-07-07,2022-07-07 09:40:00
"313",7,7,22,"11:45:00",0.07,19.9,259.98,2.458,2022-07-07,2022-07-07 09:45:00
"314",7,7,22,"11:50:00",0,20.2,257.06,3.434,2022-07-07,2022-07-07 09:50:00
"315",7,7,22,"11:55:00",0.02,20.5,258.12,2.656,2022-07-07,2022-07-07 09:55:00
"316",7,7,22,"12:00:00",-0.02,20.5,255.7,3.543,2022-07-07,2022-07-07 10:00:00
"317",7,7,22,"12:05:00",-0.04,20.5,253.3,2.484,2022-07-07,2022-07-07 10:05:00
"318",7,7,22,"12:10:00",-0.05,20.4,252.4,5.984,2022-07-07,2022-07-07 10:10:00
"319",7,7,22,"12:15:00",0,20.6,251.79,1.598,2022-07-07,2022-07-07 10:15:00
"320",7,7,22,"12:20:00",-0.03,21.4,249.82,4.011,2022-07-07,2022-07-07 10:20:00
"321",7,7,22,"12:27:49",0,0,0,0,2022-07-07,2022-07-07 10:27:49
"322",7,7,22,"12:27:56",0,0,0,0,2022-07-07,2022-07-07 10:27:56
"323",7,7,22,"13:04:35",0,0,0,0,2022-07-07,2022-07-07 11:04:35
"324",7,7,22,"13:05:00",-0.31,13.6,273.21,3.705,2022-07-07,2022-07-07 11:05:00
"325",7,7,22,"13:10:00",0,16.6,251.76,2.658,2022-07-07,2022-07-07 11:10:00
"326",7,7,22,"13:15:00",0.05,17.8,250.93,0.894,2022-07-07,2022-07-07 11:15:00
"327",7,7,22,"13:20:00",0.03,19.3,253.52,1.322,2022-07-07,2022-07-07 11:20:00
"328",7,7,22,"13:25:00",-0.02,20.6,249.43,2.705,2022-07-07,2022-07-07 11:25:00
"329",7,7,22,"13:30:00",0.01,21.3,255.37,3.156,2022-07-07,2022-07-07 11:30:00
"330",7,7,22,"13:35:00",0,21.1,256.68,3.145,2022-07-07,2022-07-07 11:35:00
"331",7,7,22,"13:40:00",0,20.7,255.69,2.831,2022-07-07,2022-07-07 11:40:00
"332",7,7,22,"13:45:00",0.03,20.4,254.4,2.889,2022-07-07,2022-07-07 11:45:00
"333",7,7,22,"13:50:00",0.07,20,263.32,4.559,2022-07-07,2022-07-07 11:50:00
"334",7,7,22,"13:55:00",-0.01,20,265.8,1.745,2022-07-07,2022-07-07 11:55:00
"335",7,7,22,"14:00:00",0,19.9,261.82,1.018,2022-07-07,2022-07-07 12:00:00
"336",7,7,22,"14:05:00",-0.04,20,259.86,3,2022-07-07,2022-07-07 12:05:00
"337",7,7,22,"14:10:00",0.03,21,258.31,3.883,2022-07-07,2022-07-07 12:10:00
"338",7,7,22,"14:15:00",0,22.1,262.25,1.909,2022-07-07,2022-07-07 12:15:00
"339",7,7,22,"14:20:00",0.05,22.6,264.61,3.951,2022-07-07,2022-07-07 12:20:00
"340",7,7,22,"14:25:00",0.02,22.4,268.38,4.22,2022-07-07,2022-07-07 12:25:00
"341",7,7,22,"14:30:00",-0.03,22.3,266.2,2.522,2022-07-07,2022-07-07 12:30:00
"342",7,7,22,"14:35:00",-0.02,22.1,265.8,2.715,2022-07-07,2022-07-07 12:35:00
"343",7,7,22,"16:14:08",0,0,0,0,2022-07-07,2022-07-07 14:14:08
"344",7,7,22,"16:15:26",0,0,0,0,2022-07-07,2022-07-07 14:15:26
"345",7,8,22,"10:18:42",0,0,0,0,2022-07-08,2022-07-08 08:18:42
"346",7,8,22,"10:21:01",0,0,0,0,2022-07-08,2022-07-08 08:21:01
"347",7,8,22,"10:21:41",0,0,0,0,2022-07-08,2022-07-08 08:21:41
"348",7,8,22,"10:25:00",-0.22,18.1,286.05,4.111,2022-07-08,2022-07-08 08:25:00
"349",7,8,22,"10:30:00",0.16,19.2,305.34,6.174,2022-07-08,2022-07-08 08:30:00
"350",7,8,22,"10:35:00",-0.06,19.8,276.89,1.666,2022-07-08,2022-07-08 08:35:00
"351",7,8,22,"10:40:00",0.06,20.2,282.03,2.237,2022-07-08,2022-07-08 08:40:00
"352",7,8,22,"10:45:00",0.22,20.5,303.38,7.038,2022-07-08,2022-07-08 08:45:00
"353",7,8,22,"10:50:00",-0.11,20.8,293.24,2.055,2022-07-08,2022-07-08 08:50:00
"354",7,8,22,"10:55:00",0.02,21,286.33,1.956,2022-07-08,2022-07-08 08:55:00
"355",7,8,22,"11:00:00",0.39,20.8,310.79,7.349,2022-07-08,2022-07-08 09:00:00
"356",7,8,22,"11:05:00",1.51,20.4,396.11,13.762,2022-07-08,2022-07-08 09:05:00
"357",7,8,22,"11:10:00",1.2,20,373.87,1.917,2022-07-08,2022-07-08 09:10:00
"358",7,8,22,"11:15:00",1.36,19.4,382.7,28.581,2022-07-08,2022-07-08 09:15:00
"359",7,8,22,"11:20:00",1.55,19,402.34,2.815,2022-07-08,2022-07-08 09:20:00
"360",7,8,22,"11:25:00",0.78,18.6,341.36,1.783,2022-07-08,2022-07-08 09:25:00
"361",7,8,22,"11:30:00",0.59,18.2,322.39,4.792,2022-07-08,2022-07-08 09:30:00
"362",7,8,22,"11:35:00",0.76,17.8,333.24,2.286,2022-07-08,2022-07-08 09:35:00
"363",7,8,22,"11:40:00",0.48,17.4,313.41,3.056,2022-07-08,2022-07-08 09:40:00
"364",7,8,22,"11:45:00",0.03,17.2,278.04,1.286,2022-07-08,2022-07-08 09:45:00
"365",7,8,22,"11:50:00",-0.01,16.9,277,2.56,2022-07-08,2022-07-08 09:50:00
"366",7,8,22,"11:55:00",0.31,16.9,322.84,5.648,2022-07-08,2022-07-08 09:55:00
"367",7,8,22,"12:00:00",0.53,16.9,320.97,3.672,2022-07-08,2022-07-08 10:00:00
"368",7,8,22,"12:05:00",0.33,17.1,304.73,2.458,2022-07-08,2022-07-08 10:05:00
"369",7,8,22,"12:10:00",0.25,17.4,295.27,2.404,2022-07-08,2022-07-08 10:10:00
"370",7,8,22,"12:15:00",0.14,17.5,288.81,7.159,2022-07-08,2022-07-08 10:15:00
"371",7,8,22,"12:20:00",0.14,17.5,282.67,19.833,2022-07-08,2022-07-08 10:20:00
"372",7,8,22,"12:25:00",-0.09,17.2,282.01,10.036,2022-07-08,2022-07-08 10:25:00
"373",7,8,22,"12:28:57",0,0,0,0,2022-07-08,2022-07-08 10:28:57
"374",7,8,22,"12:29:07",0,0,0,0,2022-07-08,2022-07-08 10:29:07
"375",7,8,22,"12:35:45",0,0,0,0,2022-07-08,2022-07-08 10:35:45
"376",7,8,22,"12:40:00",0.35,15.9,308.46,1.909,2022-07-08,2022-07-08 10:40:00
"377",7,8,22,"12:45:00",0.23,16.9,287.4,2.582,2022-07-08,2022-07-08 10:45:00
"378",7,8,22,"12:50:00",0.29,17.3,292.28,2.688,2022-07-08,2022-07-08 10:50:00
"379",7,8,22,"12:55:00",0.26,17.4,291.67,3.847,2022-07-08,2022-07-08 10:55:00
"380",7,8,22,"13:00:00",0.24,17.3,290.76,2.116,2022-07-08,2022-07-08 11:00:00
"381",7,8,22,"13:05:00",0.27,17,290.47,4.611,2022-07-08,2022-07-08 11:05:00
"382",7,8,22,"13:10:00",0.25,16.6,290.73,2.4,2022-07-08,2022-07-08 11:10:00
"383",7,8,22,"13:15:00",0.24,16.3,292.09,1.561,2022-07-08,2022-07-08 11:15:00
"384",7,8,22,"13:20:00",-0.03,16.1,276.12,3.545,2022-07-08,2022-07-08 11:20:00
"385",7,8,22,"15:01:33",0,0,0,0,2022-07-08,2022-07-08 13:01:33
"386",7,8,22,"15:02:08",0,0,0,0,2022-07-08,2022-07-08 13:02:08
"387",7,11,22,"10:12:21",0,0,0,0,2022-07-11,2022-07-11 08:12:21
"388",7,11,22,"10:16:24",0,0,0,0,2022-07-11,2022-07-11 08:16:24
"389",7,11,22,"10:35:33",0,0,0,0,2022-07-11,2022-07-11 08:35:33
"390",7,11,22,"10:35:52",-0.37,17.6,284.56,5.299,2022-07-11,2022-07-11 08:35:52
"391",7,11,22,"10:40:00",-0.02,20.5,265.45,3.526,2022-07-11,2022-07-11 08:40:00
"392",7,11,22,"10:45:00",0.07,22.4,265.7,3.121,2022-07-11,2022-07-11 08:45:00
"393",7,11,22,"10:50:00",0.09,23.4,271.49,2.95,2022-07-11,2022-07-11 08:50:00
"394",7,11,22,"10:55:00",0.1,23.6,277.97,3.055,2022-07-11,2022-07-11 08:55:00
"395",7,11,22,"11:00:00",0.04,23.8,275.79,2.183,2022-07-11,2022-07-11 09:00:00
"396",7,11,22,"11:05:00",0.03,24,278.22,3.497,2022-07-11,2022-07-11 09:05:00
"397",7,11,22,"11:10:00",0.08,23.7,282.75,1.826,2022-07-11,2022-07-11 09:10:00
"398",7,11,22,"11:15:00",0.06,23.5,282.09,1.891,2022-07-11,2022-07-11 09:15:00
"399",7,11,22,"11:20:00",0.08,24,285.46,1.306,2022-07-11,2022-07-11 09:20:00
"400",7,11,22,"11:25:00",0.2,24,296.62,2.417,2022-07-11,2022-07-11 09:25:00
"401",7,11,22,"11:30:00",-0.08,23.9,276.27,1.716,2022-07-11,2022-07-11 09:30:00
"402",7,11,22,"11:35:00",-0.14,23,263.22,3.92,2022-07-11,2022-07-11 09:35:00
"403",7,11,22,"11:40:00",0.01,22.4,270.95,3.391,2022-07-11,2022-07-11 09:40:00
"404",7,11,22,"11:45:00",0.03,22.2,272.7,9.276,2022-07-11,2022-07-11 09:45:00
"405",7,11,22,"11:50:25",0,0,0,0,2022-07-11,2022-07-11 09:50:25
"406",7,11,22,"11:50:44",-0.08,23.2,290.69,2.465,2022-07-11,2022-07-11 09:50:44
"407",7,11,22,"11:55:00",0.07,24.5,292.79,1.445,2022-07-11,2022-07-11 09:55:00
"408",7,11,22,"12:00:00",0.01,25.3,284.36,3.219,2022-07-11,2022-07-11 10:00:00
"409",7,11,22,"12:05:00",0,25.8,280.88,5.046,2022-07-11,2022-07-11 10:05:00
"410",7,11,22,"12:10:00",0.04,26,280.72,4.083,2022-07-11,2022-07-11 10:10:00
"411",7,11,22,"12:15:00",0,26.2,279.28,2.805,2022-07-11,2022-07-11 10:15:00
"412",7,11,22,"12:20:00",0,26.2,278.34,1.573,2022-07-11,2022-07-11 10:20:00
"413",7,11,22,"12:25:00",0.02,26.2,281.16,2.487,2022-07-11,2022-07-11 10:25:00
"414",7,11,22,"12:30:00",0.02,26.2,284.07,2.906,2022-07-11,2022-07-11 10:30:00
"415",7,11,22,"12:35:00",0,26.4,280.77,1.75,2022-07-11,2022-07-11 10:35:00
"416",7,11,22,"12:40:00",-0.09,26.2,279.61,8.295,2022-07-11,2022-07-11 10:40:00
"417",7,11,22,"12:45:00",0.07,25.8,293.32,2.42,2022-07-11,2022-07-11 10:45:00
"418",7,11,22,"12:50:00",0,25.5,292.3,3.674,2022-07-11,2022-07-11 10:50:00
"419",7,11,22,"12:55:00",0.05,26,305.63,3.277,2022-07-11,2022-07-11 10:55:00
"420",7,11,22,"13:00:00",0.04,26.5,303.92,2.734,2022-07-11,2022-07-11 11:00:00
"421",7,11,22,"13:05:00",0.09,27.4,311.9,2.812,2022-07-11,2022-07-11 11:05:00
"422",7,11,22,"13:10:00",0,27.9,299.15,2.799,2022-07-11,2022-07-11 11:10:00
"423",7,11,22,"13:15:00",-0.03,28.5,293.82,3,2022-07-11,2022-07-11 11:15:00
"424",7,11,22,"13:20:00",-0.01,28.5,294.41,1.636,2022-07-11,2022-07-11 11:20:00
"425",7,11,22,"13:25:00",0.09,28.2,295.75,2.464,2022-07-11,2022-07-11 11:25:00
"426",7,11,22,"13:30:00",0.08,28.1,294.53,3.052,2022-07-11,2022-07-11 11:30:00
"427",7,11,22,"13:35:00",0.02,28.1,291.98,1.332,2022-07-11,2022-07-11 11:35:00
"428",7,11,22,"13:40:00",0.1,28.1,295.25,2.933,2022-07-11,2022-07-11 11:40:00
"429",7,11,22,"13:45:00",0.02,28.5,289.47,4.394,2022-07-11,2022-07-11 11:45:00
"430",7,11,22,"13:50:00",0.07,28.4,294.37,1.355,2022-07-11,2022-07-11 11:50:00
"431",7,11,22,"13:55:00",0.02,29,292.16,2.382,2022-07-11,2022-07-11 11:55:00
"432",7,11,22,"14:00:00",-0.02,28.9,290.14,1.499,2022-07-11,2022-07-11 12:00:00
"433",7,11,22,"14:05:00",0.07,28.7,297.33,2.01,2022-07-11,2022-07-11 12:05:00
"434",7,11,22,"14:10:00",-0.01,28.4,306.75,2.709,2022-07-11,2022-07-11 12:10:00
"435",7,11,22,"14:15:00",-0.13,28.4,306.18,3.497,2022-07-11,2022-07-11 12:15:00
"436",7,11,22,"14:20:00",-0.06,28.6,295.4,1.299,2022-07-11,2022-07-11 12:20:00
"437",7,11,22,"14:25:00",0.03,28.5,295.85,2.837,2022-07-11,2022-07-11 12:25:00
"438",7,11,22,"14:30:00",1.36,28.5,442.57,73.177,2022-07-11,2022-07-11 12:30:00
"439",7,11,22,"14:35:00",1.79,28.9,476.98,30.451,2022-07-11,2022-07-11 12:35:00
"440",7,11,22,"14:40:00",-0.22,29,314.46,2.282,2022-07-11,2022-07-11 12:40:00
"441",7,11,22,"14:45:00",0.02,30.6,302.84,1.728,2022-07-11,2022-07-11 12:45:00
"442",7,13,22,"10:19:34",0,0,0,0,2022-07-13,2022-07-13 08:19:34
"443",7,13,22,"10:20:30",0,0,0,0,2022-07-13,2022-07-13 08:20:30
"444",7,13,22,"10:20:37",0,0,0,0,2022-07-13,2022-07-13 08:20:37
"445",7,14,22,"10:06:53",0,0,0,0,2022-07-14,2022-07-14 08:06:53
"446",7,14,22,"10:39:24",0,0,0,0,2022-07-14,2022-07-14 08:39:24
"447",7,14,22,"10:40:00",-0.26,18,284.62,3.925,2022-07-14,2022-07-14 08:40:00
"448",7,14,22,"10:45:00",0.01,20.8,263.73,1.667,2022-07-14,2022-07-14 08:45:00
"449",7,14,22,"10:50:00",0.05,22,265.62,1.932,2022-07-14,2022-07-14 08:50:00
"450",7,14,22,"10:55:00",0.06,22.6,269.7,1.879,2022-07-14,2022-07-14 08:55:00
"451",7,14,22,"11:00:00",0.15,23.1,282.64,2.766,2022-07-14,2022-07-14 09:00:00
"452",7,14,22,"11:05:00",0.04,23.6,276.01,1.911,2022-07-14,2022-07-14 09:05:00
"453",7,14,22,"11:10:00",0.05,23.4,273.81,0.969,2022-07-14,2022-07-14 09:10:00
"454",7,14,22,"11:15:00",0.09,23.5,276.86,2.423,2022-07-14,2022-07-14 09:15:00
"455",7,14,22,"11:20:00",0.02,24,274.94,2.736,2022-07-14,2022-07-14 09:20:00
"456",7,14,22,"11:25:00",-0.01,24,272.5,2.585,2022-07-14,2022-07-14 09:25:00
"457",7,14,22,"11:30:00",0.02,23.9,272.98,2.633,2022-07-14,2022-07-14 09:30:00
"458",7,14,22,"11:35:00",0.02,23.8,273.8,1.757,2022-07-14,2022-07-14 09:35:00
"459",7,14,22,"11:40:00",0.08,24.2,271.28,2.706,2022-07-14,2022-07-14 09:40:00
"460",7,14,22,"11:45:00",0.04,23.6,270.59,1.732,2022-07-14,2022-07-14 09:45:00
"461",7,14,22,"11:50:00",0.05,23.4,272.28,1.811,2022-07-14,2022-07-14 09:50:00
"462",7,14,22,"11:55:00",0.03,23.1,271.1,2.523,2022-07-14,2022-07-14 09:55:00
"463",7,14,22,"12:00:00",-0.02,22.8,266.5,0.569,2022-07-14,2022-07-14 10:00:00
"464",7,14,22,"12:05:00",0,22.1,263.48,2.397,2022-07-14,2022-07-14 10:05:00
"465",7,14,22,"12:11:36",0,0,0,0,2022-07-14,2022-07-14 10:11:36
"466",7,14,22,"12:12:18",0,0,0,0,2022-07-14,2022-07-14 10:12:18
"467",7,14,22,"12:14:10",0,0,0,0,2022-07-14,2022-07-14 10:14:10
"468",7,14,22,"12:14:45",0,0,0,0,2022-07-14,2022-07-14 10:14:45
"469",7,14,22,"12:14:52",0,0,0,0,2022-07-14,2022-07-14 10:14:52
"470",7,14,22,"12:17:02",0,0,0,0,2022-07-14,2022-07-14 10:17:02
"471",7,14,22,"12:17:07",0,0,0,0,2022-07-14,2022-07-14 10:17:07
"472",7,14,22,"12:17:15",0,0,0,0,2022-07-14,2022-07-14 10:17:15
"473",7,14,22,"12:17:28",0,0,0,0,2022-07-14,2022-07-14 10:17:28
"474",7,14,22,"12:20:44",0,0,0,0,2022-07-14,2022-07-14 10:20:44
"475",7,14,22,"12:21:00",0,0,0,0,2022-07-14,2022-07-14 10:21:00
"476",7,14,22,"12:21:39",0,0,0,0,2022-07-14,2022-07-14 10:21:39
"477",7,14,22,"12:22:05",0,0,0,0,2022-07-14,2022-07-14 10:22:05
"478",7,14,22,"12:23:59",0,0,0,0,2022-07-14,2022-07-14 10:23:59
"479",7,14,22,"12:24:53",0,0,0,0,2022-07-14,2022-07-14 10:24:53
"480",7,14,22,"12:25:07",0,0,0,0,2022-07-14,2022-07-14 10:25:07
"481",7,14,22,"12:26:21",0,0,0,0,2022-07-14,2022-07-14 10:26:21
"482",7,14,22,"12:27:00",0,0,0,0,2022-07-14,2022-07-14 10:27:00
"483",7,14,22,"12:27:05",0,0,0,0,2022-07-14,2022-07-14 10:27:05
"484",7,14,22,"12:27:17",0,0,0,0,2022-07-14,2022-07-14 10:27:17
"485",7,14,22,"12:28:16",0,0,0,0,2022-07-14,2022-07-14 10:28:16
"486",7,14,22,"12:30:00",-0.07,18.4,271.83,2.547,2022-07-14,2022-07-14 10:30:00
"487",7,14,22,"12:35:00",-0.05,18.7,261.43,2.882,2022-07-14,2022-07-14 10:35:00
"488",7,14,22,"12:40:00",-0.05,18.8,258.04,2.278,2022-07-14,2022-07-14 10:40:00
"489",7,14,22,"12:45:00",0.05,18.8,265.81,1.084,2022-07-14,2022-07-14 10:45:00
"490",7,14,22,"12:50:00",0.05,19.2,270.38,2.721,2022-07-14,2022-07-14 10:50:00
"491",7,14,22,"12:55:00",0.03,19.9,272.73,2.517,2022-07-14,2022-07-14 10:55:00
"492",7,14,22,"13:00:00",0.03,20.4,276,1.08,2022-07-14,2022-07-14 11:00:00
"493",7,14,22,"13:05:00",0.15,21.2,285.32,2.28,2022-07-14,2022-07-14 11:05:00
"494",7,14,22,"13:10:00",0.1,22.3,287.29,2.264,2022-07-14,2022-07-14 11:10:00
"495",7,14,22,"13:15:00",0.01,23.2,285.56,3.244,2022-07-14,2022-07-14 11:15:00
"496",7,14,22,"13:20:00",-0.49,23.4,282.38,4.284,2022-07-14,2022-07-14 11:20:00
"497",7,14,22,"13:27:45",0,0,0,0,2022-07-14,2022-07-14 11:27:45
"498",7,14,22,"13:30:00",-0.04,22.9,268.78,1.891,2022-07-14,2022-07-14 11:30:00
"499",7,14,22,"13:35:00",-0.06,23.2,273.09,3.179,2022-07-14,2022-07-14 11:35:00
"500",7,14,22,"13:40:00",0.07,23.5,278.71,2.745,2022-07-14,2022-07-14 11:40:00
"501",7,14,22,"13:45:00",0.04,23.2,279.66,3.525,2022-07-14,2022-07-14 11:45:00
"502",7,14,22,"13:50:00",0,23.3,282.12,3.485,2022-07-14,2022-07-14 11:50:00
"503",7,14,22,"13:55:00",0.05,23.2,279.6,1.191,2022-07-14,2022-07-14 11:55:00
"504",7,14,22,"14:00:00",0.02,23.3,278.46,0.834,2022-07-14,2022-07-14 12:00:00
"505",7,14,22,"14:05:00",0.09,23.7,287.44,1.303,2022-07-14,2022-07-14 12:05:00
"506",7,14,22,"14:10:00",0.06,23.8,288.25,2.36,2022-07-14,2022-07-14 12:10:00
"507",7,14,22,"14:15:00",0.05,23.3,288.24,2.419,2022-07-14,2022-07-14 12:15:00
"508",7,14,22,"14:23:11",0,0,0,0,2022-07-14,2022-07-14 12:23:11
"509",7,15,22,"10:06:45",0,0,0,0,2022-07-15,2022-07-15 08:06:45
"510",7,15,22,"10:07:55",0,0,0,0,2022-07-15,2022-07-15 08:07:55
"511",7,15,22,"10:10:00",-0.17,19.9,273.1,3.134,2022-07-15,2022-07-15 08:10:00
"512",7,15,22,"10:15:00",-0.01,22.2,263.83,3.077,2022-07-15,2022-07-15 08:15:00
"513",7,15,22,"10:20:00",0.05,23.3,269.06,2.655,2022-07-15,2022-07-15 08:20:00
"514",7,15,22,"10:25:00",0.05,24.1,274.66,2.577,2022-07-15,2022-07-15 08:25:00
"515",7,15,22,"10:30:00",0.02,24.7,279.94,2.273,2022-07-15,2022-07-15 08:30:00
"516",7,15,22,"10:35:00",0.08,25.2,287.6,4.028,2022-07-15,2022-07-15 08:35:00
"517",7,15,22,"10:40:00",0.66,25.3,347.36,6.039,2022-07-15,2022-07-15 08:40:00
"518",7,15,22,"10:45:00",1.15,25.3,398.1,5.418,2022-07-15,2022-07-15 08:45:00
"519",7,15,22,"10:50:00",1.32,25.3,416.92,5.019,2022-07-15,2022-07-15 08:50:00
"520",7,15,22,"10:55:00",1.42,25.2,422.82,7.082,2022-07-15,2022-07-15 08:55:00
"521",7,15,22,"11:00:00",1.44,25.1,421.65,7.091,2022-07-15,2022-07-15 09:00:00
"522",7,15,22,"11:05:00",1.38,25.1,428.75,3.701,2022-07-15,2022-07-15 09:05:00
"523",7,15,22,"11:10:00",1.37,25,426.79,5.907,2022-07-15,2022-07-15 09:10:00
"524",7,15,22,"11:15:00",1.31,24.9,421.2,2.861,2022-07-15,2022-07-15 09:15:00
"525",7,15,22,"11:20:00",1.07,24.7,423.37,2.94,2022-07-15,2022-07-15 09:20:00
"526",7,15,22,"11:25:00",1.11,24.6,415.76,1.765,2022-07-15,2022-07-15 09:25:00
"527",7,15,22,"11:30:00",1.22,24.4,412.08,4.364,2022-07-15,2022-07-15 09:30:00
"528",7,15,22,"11:35:00",1.24,24.3,407.56,4.114,2022-07-15,2022-07-15 09:35:00
"529",7,15,22,"11:40:00",1.12,24.2,407.85,6.51,2022-07-15,2022-07-15 09:40:00
"530",7,15,22,"11:45:00",1.28,24,407.27,5.996,2022-07-15,2022-07-15 09:45:00
"531",7,15,22,"11:50:00",1.08,23.9,403.69,6.389,2022-07-15,2022-07-15 09:50:00
"532",7,15,22,"11:55:00",1.18,23.8,406.04,3.937,2022-07-15,2022-07-15 09:55:00
"533",7,15,22,"12:00:00",1.06,23.6,401.05,1.714,2022-07-15,2022-07-15 10:00:00
"534",7,15,22,"12:05:00",1.02,23.5,397.29,3.239,2022-07-15,2022-07-15 10:05:00
"535",7,15,22,"12:10:00",1.07,23.5,393.36,6.25,2022-07-15,2022-07-15 10:10:00
"536",7,15,22,"12:15:00",1.04,23.5,391.07,5.826,2022-07-15,2022-07-15 10:15:00
"537",7,15,22,"12:20:00",0.98,23.5,391.67,3.237,2022-07-15,2022-07-15 10:20:00
"538",7,15,22,"12:25:00",0.66,23.6,409.33,3.781,2022-07-15,2022-07-15 10:25:00
"539",7,15,22,"12:30:00",0.88,23.6,398.9,3.875,2022-07-15,2022-07-15 10:30:00
"540",7,15,22,"12:35:00",1.02,23.7,400.91,3.145,2022-07-15,2022-07-15 10:35:00
"541",7,15,22,"12:40:00",1.07,24,398.67,5.222,2022-07-15,2022-07-15 10:40:00
"542",7,15,22,"12:45:00",1.18,24.1,413.86,9.282,2022-07-15,2022-07-15 10:45:00
"543",7,15,22,"12:50:00",0.85,24.2,421.92,3.918,2022-07-15,2022-07-15 10:50:00
"544",7,15,22,"12:55:00",0.81,24.4,441.1,4.764,2022-07-15,2022-07-15 10:55:00
"545",7,15,22,"13:00:00",1.2,24.5,421.67,9.528,2022-07-15,2022-07-15 11:00:00
"546",7,15,22,"13:05:00",0.9,24.7,416.22,7.413,2022-07-15,2022-07-15 11:05:00
"547",7,15,22,"13:10:00",1.06,25,417.37,3.912,2022-07-15,2022-07-15 11:10:00
"548",7,15,22,"13:15:00",0.93,25.4,416.4,4.648,2022-07-15,2022-07-15 11:15:00
"549",7,15,22,"13:20:00",1.17,25.8,406.86,9.074,2022-07-15,2022-07-15 11:20:00
"550",7,15,22,"13:25:00",0.88,26,409.44,14.309,2022-07-15,2022-07-15 11:25:00
"551",7,15,22,"13:30:00",0.1,26.1,337.77,5.752,2022-07-15,2022-07-15 11:30:00
"552",7,15,22,"13:35:00",0.58,25.9,423.36,3.831,2022-07-15,2022-07-15 11:35:00
"553",7,15,22,"13:40:00",-0.52,26.1,317.15,2.7,2022-07-15,2022-07-15 11:40:00
"554",7,15,22,"13:46:15",0,0,0,0,2022-07-15,2022-07-15 11:46:15
"555",7,15,22,"13:46:28",0,0,0,0,2022-07-15,2022-07-15 11:46:28
"556",7,15,22,"14:00:00",0.1,28.5,304.8,3.584,2022-07-15,2022-07-15 12:00:00
"557",7,15,22,"14:05:00",0.06,29.2,302.94,2.687,2022-07-15,2022-07-15 12:05:00
"558",7,15,22,"14:10:00",0.07,29.4,302.59,1.568,2022-07-15,2022-07-15 12:10:00
"559",7,15,22,"14:15:00",0.04,29.7,296.98,3.931,2022-07-15,2022-07-15 12:15:00
"560",7,15,22,"14:20:00",0.07,29.3,298.16,3.153,2022-07-15,2022-07-15 12:20:00
"561",7,15,22,"14:25:00",-0.01,29.7,291.92,1.947,2022-07-15,2022-07-15 12:25:00
"562",7,15,22,"14:30:00",0.06,30.4,295.06,6.05,2022-07-15,2022-07-15 12:30:00
"563",7,18,22,"10:01:16",0,0,0,0,2022-07-18,2022-07-18 08:01:16
"564",7,18,22,"10:05:58",0,0,0,0,2022-07-18,2022-07-18 08:05:58
"565",7,18,22,"10:10:00",-0.16,21.3,289.77,2.182,2022-07-18,2022-07-18 08:10:00
"566",7,18,22,"10:15:00",0.02,22,292.2,6.332,2022-07-18,2022-07-18 08:15:00
"567",7,18,22,"10:20:00",0,22.5,301.13,4.231,2022-07-18,2022-07-18 08:20:00
"568",7,18,22,"10:25:00",0.31,22.9,322.8,5.74,2022-07-18,2022-07-18 08:25:00
"569",7,18,22,"10:30:00",0.33,22.9,313.99,3.291,2022-07-18,2022-07-18 08:30:00
"570",7,18,22,"10:35:00",0.31,22.4,300.7,2.295,2022-07-18,2022-07-18 08:35:00
"571",7,18,22,"10:40:00",0.25,21.6,290.38,3.05,2022-07-18,2022-07-18 08:40:00
"572",7,18,22,"10:45:00",0.19,20.6,285.55,3.078,2022-07-18,2022-07-18 08:45:00
"573",7,18,22,"10:50:00",0.23,19.8,285.92,5.38,2022-07-18,2022-07-18 08:50:00
"574",7,18,22,"10:55:00",0.06,19.1,275.75,2.623,2022-07-18,2022-07-18 08:55:00
"575",7,18,22,"11:00:00",-0.17,18.5,275.76,4.01,2022-07-18,2022-07-18 09:00:00
"576",7,18,22,"11:05:00",1.55,18.1,395.21,14.206,2022-07-18,2022-07-18 09:05:00
"577",7,18,22,"11:10:00",1.59,17.7,410.89,4.771,2022-07-18,2022-07-18 09:10:00
"578",7,18,22,"11:15:00",0.81,17.3,352.88,3.11,2022-07-18,2022-07-18 09:15:00
"579",7,18,22,"11:20:00",1.28,17.1,383.14,4.879,2022-07-18,2022-07-18 09:20:00
"580",7,18,22,"11:25:00",0.82,16.9,349.77,3.361,2022-07-18,2022-07-18 09:25:00
"581",7,18,22,"11:30:00",0.81,17,349.25,1.377,2022-07-18,2022-07-18 09:30:00
"582",7,18,22,"11:35:00",0.78,17,348.59,3.684,2022-07-18,2022-07-18 09:35:00
"583",7,18,22,"11:40:00",0.56,17,331.52,2.034,2022-07-18,2022-07-18 09:40:00
"584",7,18,22,"11:45:00",-0.03,17,286.14,1.681,2022-07-18,2022-07-18 09:45:00
"585",7,18,22,"11:50:00",0,16.8,293.1,5.573,2022-07-18,2022-07-18 09:50:00
"586",7,18,22,"11:55:00",0.41,16.6,318.67,2.517,2022-07-18,2022-07-18 09:55:00
"587",7,18,22,"12:00:00",0.25,16.8,309.28,2.472,2022-07-18,2022-07-18 10:00:00
"588",7,18,22,"12:05:00",0.64,17.1,338.51,3.266,2022-07-18,2022-07-18 10:05:00
"589",7,18,22,"12:10:00",0.7,17.1,345.25,4.313,2022-07-18,2022-07-18 10:10:00
"590",7,18,22,"12:15:00",0.68,16.9,343.14,3.391,2022-07-18,2022-07-18 10:15:00
"591",7,18,22,"12:20:00",0.67,16.9,341.76,3.878,2022-07-18,2022-07-18 10:20:00
"592",7,18,22,"12:25:00",0.38,16.9,321.09,2.669,2022-07-18,2022-07-18 10:25:00
"593",7,18,22,"13:51:06",0,0,0,0,2022-07-18,2022-07-18 11:51:06
"594",7,18,22,"13:51:25",0,0,0,0,2022-07-18,2022-07-18 11:51:25
"595",7,18,22,"13:51:29",0,0,0,0,2022-07-18,2022-07-18 11:51:29
"596",7,19,22,"09:58:13",0,0,0,0,2022-07-19,2022-07-19 07:58:13
"597",7,19,22,"10:02:57",0,0,0,0,2022-07-19,2022-07-19 08:02:57
"598",7,19,22,"10:03:16",0,0,0,0,2022-07-19,2022-07-19 08:03:16
"599",7,19,22,"10:03:33",0,0,0,0,2022-07-19,2022-07-19 08:03:33
"600",7,19,22,"10:04:09",0,0,0,0,2022-07-19,2022-07-19 08:04:09
"601",7,19,22,"10:04:17",0,0,0,0,2022-07-19,2022-07-19 08:04:17
"602",7,19,22,"10:04:40",0,0,0,0,2022-07-19,2022-07-19 08:04:40
"603",7,19,22,"10:06:02",0,0,0,0,2022-07-19,2022-07-19 08:06:02
"604",7,19,22,"10:16:36",0,0,0,0,2022-07-19,2022-07-19 08:16:36
"605",7,19,22,"11:05:55",0,0,0,0,2022-07-19,2022-07-19 09:05:55
"606",7,19,22,"11:07:41",0,0,0,0,2022-07-19,2022-07-19 09:07:41
"607",7,19,22,"11:10:00",0.03,13.6,272.74,3.464,2022-07-19,2022-07-19 09:10:00
"608",7,19,22,"11:15:00",0.08,15.9,268.88,1.646,2022-07-19,2022-07-19 09:15:00
"609",7,19,22,"11:20:00",0.1,17.1,273.12,1.514,2022-07-19,2022-07-19 09:20:00
"610",7,19,22,"11:25:00",0.08,17.8,275.98,3.089,2022-07-19,2022-07-19 09:25:00
"611",7,19,22,"12:00:00",0,0,0,0,2022-07-19,2022-07-19 10:00:00
"612",7,19,22,"12:00:19",-0.24,10.3,300.68,4.782,2022-07-19,2022-07-19 10:00:19
"613",7,19,22,"12:05:00",0.04,13.4,275.11,2.51,2022-07-19,2022-07-19 10:05:00
"614",7,19,22,"12:10:00",0.08,15.4,275.07,1.773,2022-07-19,2022-07-19 10:10:00
"615",7,19,22,"12:15:00",0.1,16.6,280.4,2.115,2022-07-19,2022-07-19 10:15:00
"616",7,19,22,"12:20:00",0.07,17.5,281.23,2.947,2022-07-19,2022-07-19 10:20:00
"617",7,19,22,"12:25:00",0.03,17.9,284.69,2.793,2022-07-19,2022-07-19 10:25:00
"618",7,19,22,"12:30:00",0.01,18.6,286.95,2.277,2022-07-19,2022-07-19 10:30:00
"619",7,19,22,"12:35:00",0.01,19.2,293.48,1.817,2022-07-19,2022-07-19 10:35:00
"620",7,19,22,"12:40:00",0.1,19.6,298.97,1.528,2022-07-19,2022-07-19 10:40:00
"621",7,19,22,"12:45:00",0.06,19.7,299.49,3.056,2022-07-19,2022-07-19 10:45:00
"622",7,19,22,"12:50:00",0.1,19.6,303.76,1.347,2022-07-19,2022-07-19 10:50:00
"623",7,19,22,"12:55:00",0.09,19.6,302.49,2.762,2022-07-19,2022-07-19 10:55:00
"624",7,19,22,"13:00:00",0.06,19.2,300.3,4.446,2022-07-19,2022-07-19 11:00:00
"625",7,19,22,"13:05:00",0.08,18.8,302.43,1.662,2022-07-19,2022-07-19 11:05:00
"626",7,19,22,"13:10:00",0.04,18.3,294.6,1.347,2022-07-19,2022-07-19 11:10:00
"627",7,19,22,"13:15:00",0.04,17.8,295.52,2.192,2022-07-19,2022-07-19 11:15:00
"628",7,19,22,"13:20:00",0.01,17.5,296.44,1.883,2022-07-19,2022-07-19 11:20:00
"629",7,19,22,"13:25:00",-0.02,17.2,293.11,2.59,2022-07-19,2022-07-19 11:25:00
"630",7,19,22,"13:30:00",0,17,301.89,6.845,2022-07-19,2022-07-19 11:30:00
"631",7,19,22,"13:35:00",0,16.8,296.51,1.961,2022-07-19,2022-07-19 11:35:00
"632",7,19,22,"13:40:00",0.05,16.7,292.47,2.225,2022-07-19,2022-07-19 11:40:00
"633",7,19,22,"13:45:00",0.05,16.6,293.89,2.296,2022-07-19,2022-07-19 11:45:00
"634",7,19,22,"13:50:00",0.06,16.6,293.08,1.227,2022-07-19,2022-07-19 11:50:00
"635",7,19,22,"13:55:00",0.01,16.5,291.81,2.288,2022-07-19,2022-07-19 11:55:00
"636",7,19,22,"14:00:00",0.03,16.4,293.38,1.71,2022-07-19,2022-07-19 12:00:00
"637",7,19,22,"14:05:00",0.03,16.5,294.24,2.809,2022-07-19,2022-07-19 12:05:00
"638",7,19,22,"14:10:00",-0.01,16.9,292.29,2.064,2022-07-19,2022-07-19 12:10:00
"639",7,19,22,"15:38:07",0,0,0,0,2022-07-19,2022-07-19 13:38:07
"640",7,19,22,"15:38:25",0,0,0,0,2022-07-19,2022-07-19 13:38:25
"641",7,19,22,"15:38:36",0,0,0,0,2022-07-19,2022-07-19 13:38:36
"642",7,21,22,"09:57:23",0,0,0,0,2022-07-21,2022-07-21 07:57:23
"643",7,21,22,"10:00:00",-0.32,17.1,291.7,3.613,2022-07-21,2022-07-21 08:00:00
"644",7,21,22,"10:05:00",-0.05,18.5,268.73,4.66,2022-07-21,2022-07-21 08:05:00
"645",7,21,22,"10:10:00",0.02,18.5,263.8,1.931,2022-07-21,2022-07-21 08:10:00
"646",7,21,22,"10:15:00",0.05,18.1,270.24,1.518,2022-07-21,2022-07-21 08:15:00
"647",7,21,22,"10:20:00",-0.04,17.6,264.96,5.859,2022-07-21,2022-07-21 08:20:00
"648",7,21,22,"10:25:00",-0.01,17.2,269.6,0.959,2022-07-21,2022-07-21 08:25:00
"649",7,21,22,"10:30:00",0.33,16.8,336.27,8.097,2022-07-21,2022-07-21 08:30:00
"650",7,21,22,"10:35:00",1.12,16.6,401.02,8.88,2022-07-21,2022-07-21 08:35:00
"651",7,21,22,"10:40:00",1.67,16.5,424.78,6.825,2022-07-21,2022-07-21 08:40:00
"652",7,21,22,"10:45:00",1.76,16.4,434.64,7.34,2022-07-21,2022-07-21 08:45:00
"653",7,21,22,"10:50:00",1.76,16.4,437.94,7.09,2022-07-21,2022-07-21 08:50:00
"654",7,21,22,"10:55:00",1.74,16.4,440.13,8.738,2022-07-21,2022-07-21 08:55:00
"655",7,21,22,"11:00:00",1.69,16.4,436.93,8.353,2022-07-21,2022-07-21 09:00:00
"656",7,21,22,"11:05:00",1.7,16.4,438.85,7.82,2022-07-21,2022-07-21 09:05:00
"657",7,21,22,"11:10:00",1.74,16.4,441.15,6.739,2022-07-21,2022-07-21 09:10:00
"658",7,21,22,"11:15:00",1.67,16.5,442.03,4.715,2022-07-21,2022-07-21 09:15:00
"659",7,21,22,"11:20:00",1.75,16.5,446.02,8.981,2022-07-21,2022-07-21 09:20:00
"660",7,21,22,"11:25:00",1.78,16.5,446.8,7.592,2022-07-21,2022-07-21 09:25:00
"661",7,21,22,"11:30:00",1.85,16.5,453.16,8.033,2022-07-21,2022-07-21 09:30:00
"662",7,21,22,"11:35:00",1.85,16.5,453.91,8.242,2022-07-21,2022-07-21 09:35:00
"663",7,21,22,"11:40:00",1.79,16.6,450.31,7.708,2022-07-21,2022-07-21 09:40:00
"664",7,21,22,"11:45:00",1.79,16.6,454.75,12.979,2022-07-21,2022-07-21 09:45:00
"665",7,21,22,"11:50:00",2,16.6,467.08,7.735,2022-07-21,2022-07-21 09:50:00
"666",7,21,22,"11:55:00",2.01,16.6,477.49,9.534,2022-07-21,2022-07-21 09:55:00
"667",7,21,22,"12:00:00",2.08,16.7,479.24,8.775,2022-07-21,2022-07-21 10:00:00
"668",7,21,22,"12:05:00",2.08,16.7,479.39,10.186,2022-07-21,2022-07-21 10:05:00
"669",7,21,22,"12:10:00",2.13,16.7,480.4,8.003,2022-07-21,2022-07-21 10:10:00
"670",7,21,22,"12:15:00",-0.29,16.9,296.23,3.605,2022-07-21,2022-07-21 10:15:00
"671",7,21,22,"12:20:00",-0.03,17.2,291.09,3.386,2022-07-21,2022-07-21 10:20:00
"672",7,21,22,"12:25:00",-0.02,17.2,287.57,0.901,2022-07-21,2022-07-21 10:25:00
"673",7,21,22,"12:30:00",0.56,17.1,332.62,29.37,2022-07-21,2022-07-21 10:30:00
"674",7,21,22,"12:35:00",-1.98,16.5,609.12,4.915,2022-07-21,2022-07-21 10:35:00
"675",7,21,22,"12:40:00",-0.86,16.3,458.64,7.196,2022-07-21,2022-07-21 10:40:00
"676",7,21,22,"12:48:32",0,0,0,0,2022-07-21,2022-07-21 10:48:32
"677",7,22,22,"09:05:11",0,0,0,0,2022-07-22,2022-07-22 07:05:11
"678",7,22,22,"10:19:56",0,0,0,0,2022-07-22,2022-07-22 08:19:56
"679",7,22,22,"10:20:04",0,0,0,0,2022-07-22,2022-07-22 08:20:04
"680",7,22,22,"10:20:23",-0.45,18.5,305.51,5.836,2022-07-22,2022-07-22 08:20:23
"681",7,22,22,"10:25:00",-0.07,21,278.57,3.064,2022-07-22,2022-07-22 08:25:00
"682",7,22,22,"10:30:00",0.08,21.7,282.95,1.197,2022-07-22,2022-07-22 08:30:00
"683",7,22,22,"10:35:00",0.19,21.6,284.52,1.102,2022-07-22,2022-07-22 08:35:00
"684",7,22,22,"10:40:00",0.12,21.1,279.92,5.266,2022-07-22,2022-07-22 08:40:00
"685",7,22,22,"10:45:00",0.13,20.5,278.36,1.08,2022-07-22,2022-07-22 08:45:00
"686",7,22,22,"10:50:00",0.09,20.3,282,1.259,2022-07-22,2022-07-22 08:50:00
"687",7,22,22,"10:55:00",0.13,20,284.97,3.7,2022-07-22,2022-07-22 08:55:00
"688",7,22,22,"11:00:00",0.09,19.7,287.13,1.992,2022-07-22,2022-07-22 09:00:00
"689",7,22,22,"11:05:00",0.09,19.5,289.38,2.446,2022-07-22,2022-07-22 09:05:00
"690",7,22,22,"11:10:00",0.02,19.1,285.49,0.966,2022-07-22,2022-07-22 09:10:00
"691",7,22,22,"11:15:00",-0.01,18.7,283.84,2.133,2022-07-22,2022-07-22 09:15:00
"692",7,22,22,"11:20:00",-0.1,18.1,287.83,2.547,2022-07-22,2022-07-22 09:20:00
"693",7,22,22,"11:25:00",-0.02,17.7,282.7,0.954,2022-07-22,2022-07-22 09:25:00
"694",7,22,22,"11:30:00",0.42,17.4,536.5,17.935,2022-07-22,2022-07-22 09:30:00
"695",7,22,22,"11:35:00",-1.06,17.5,292.2,1.199,2022-07-22,2022-07-22 09:35:00
"696",7,22,22,"11:40:00",0.03,17.9,288.9,2.049,2022-07-22,2022-07-22 09:40:00
"697",7,22,22,"11:45:00",0.09,17.9,289.29,3.651,2022-07-22,2022-07-22 09:45:00
"698",7,22,22,"11:50:00",0.05,17.6,285.77,3.346,2022-07-22,2022-07-22 09:50:00
"699",7,22,22,"11:55:00",0.05,17.5,283.22,3.819,2022-07-22,2022-07-22 09:55:00
"700",7,22,22,"12:00:00",0.01,17.3,281.42,2.508,2022-07-22,2022-07-22 10:00:00
"701",7,22,22,"12:05:00",0.11,17.5,286.7,0.708,2022-07-22,2022-07-22 10:05:00
"702",7,22,22,"12:10:00",0.08,17.7,285.89,1.3,2022-07-22,2022-07-22 10:10:00
"703",7,22,22,"12:15:00",0.09,17.9,286.21,1.239,2022-07-22,2022-07-22 10:15:00
"704",7,22,22,"12:20:00",0.04,17.7,284.27,1.309,2022-07-22,2022-07-22 10:20:00
"705",7,22,22,"12:25:00",0.07,17.5,285.54,4.638,2022-07-22,2022-07-22 10:25:00
"706",7,22,22,"12:30:00",-1.22,17.2,315.77,6.68,2022-07-22,2022-07-22 10:30:00
"707",7,22,22,"12:35:00",0.19,16.8,328.57,11.309,2022-07-22,2022-07-22 10:35:00
"708",7,22,22,"12:40:00",-0.25,16.6,303.01,6.922,2022-07-22,2022-07-22 10:40:00
"709",7,22,22,"13:01:49",0,0,0,0,2022-07-22,2022-07-22 11:01:49
"710",7,22,22,"13:05:00",-0.01,12.4,288.27,1.481,2022-07-22,2022-07-22 11:05:00
"711",7,22,22,"13:10:00",0.03,14.2,277.3,0.874,2022-07-22,2022-07-22 11:10:00
"712",7,22,22,"13:15:00",0.03,15.9,279.7,2.718,2022-07-22,2022-07-22 11:15:00
"713",7,22,22,"13:20:00",0.06,16.6,284.35,1.171,2022-07-22,2022-07-22 11:20:00
"714",7,22,22,"13:25:00",0.06,16.9,286.29,3.905,2022-07-22,2022-07-22 11:25:00
"715",7,22,22,"13:30:00",0,17,285.47,1.975,2022-07-22,2022-07-22 11:30:00
"716",7,22,22,"14:53:24",0,0,0,0,2022-07-22,2022-07-22 12:53:24
"717",7,22,22,"14:55:00",0.47,12.8,604.62,4.933,2022-07-22,2022-07-22 12:55:00
"718",7,22,22,"15:00:00",0.21,16.4,607.52,9.944,2022-07-22,2022-07-22 13:00:00
"719",7,22,22,"15:05:58",0,0,0,0,2022-07-22,2022-07-22 13:05:58
"720",7,22,22,"15:06:11",0,0,0,0,2022-07-22,2022-07-22 13:06:11
"721",7,22,22,"15:06:47",0,0,0,0,2022-07-22,2022-07-22 13:06:47
"722",7,22,22,"15:07:06",0,0,0,0,2022-07-22,2022-07-22 13:07:06
"723",7,25,22,"10:08:52",0,0,0,0,2022-07-25,2022-07-25 08:08:52
"724",7,25,22,"10:45:29",0,0,0,0,2022-07-25,2022-07-25 08:45:29
"725",7,25,22,"10:45:48",-0.31,16.4,303.58,4.76,2022-07-25,2022-07-25 08:45:48
"726",7,25,22,"10:50:00",-0.02,19.3,270.05,2.91,2022-07-25,2022-07-25 08:50:00
"727",7,25,22,"10:55:00",0.1,21.1,273.73,2.985,2022-07-25,2022-07-25 08:55:00
"728",7,25,22,"11:00:00",0.09,22.1,273.04,0.783,2022-07-25,2022-07-25 09:00:00
"729",7,25,22,"11:05:00",0.02,22.8,272.07,2.609,2022-07-25,2022-07-25 09:05:00
"730",7,25,22,"11:10:00",0.08,23.2,279.23,1.906,2022-07-25,2022-07-25 09:10:00
"731",7,25,22,"11:15:00",0.03,23.8,280.39,1.575,2022-07-25,2022-07-25 09:15:00
"732",7,25,22,"11:20:00",0.01,24.1,283.09,1.306,2022-07-25,2022-07-25 09:20:00
"733",7,25,22,"11:25:00",0.09,24.7,293.48,3.421,2022-07-25,2022-07-25 09:25:00
"734",7,25,22,"11:30:00",0.06,25.5,294.59,3.265,2022-07-25,2022-07-25 09:30:00
"735",7,25,22,"11:35:00",0.02,25.8,295.38,1.809,2022-07-25,2022-07-25 09:35:00
"736",7,25,22,"11:40:00",-0.03,26.3,290.98,3.367,2022-07-25,2022-07-25 09:40:00
"737",7,25,22,"11:45:00",0.07,27,292.51,2.909,2022-07-25,2022-07-25 09:45:00
"738",7,25,22,"11:50:00",0.02,27.1,301.73,2.569,2022-07-25,2022-07-25 09:50:00
"739",7,25,22,"11:55:00",-0.04,26.9,293.92,2.549,2022-07-25,2022-07-25 09:55:00
"740",7,25,22,"12:00:00",0.02,27.6,290.23,1.537,2022-07-25,2022-07-25 10:00:00
"741",7,25,22,"12:05:00",0.01,27.5,293.27,1.131,2022-07-25,2022-07-25 10:05:00
"742",7,25,22,"12:10:00",-0.04,27.2,287.09,2.388,2022-07-25,2022-07-25 10:10:00
"743",7,25,22,"12:15:00",-0.05,26.4,279,1.308,2022-07-25,2022-07-25 10:15:00
"744",7,25,22,"12:20:00",0.01,25.4,278.9,2.127,2022-07-25,2022-07-25 10:20:00
"745",7,25,22,"12:25:00",0.02,24.3,274.76,2.805,2022-07-25,2022-07-25 10:25:00
"746",7,25,22,"12:30:00",0.03,23.4,273.59,3.437,2022-07-25,2022-07-25 10:30:00
"747",7,25,22,"12:35:00",0.01,22.6,274.22,1.862,2022-07-25,2022-07-25 10:35:00
"748",7,25,22,"12:40:00",0.04,21.8,276.47,2.67,2022-07-25,2022-07-25 10:40:00
"749",7,25,22,"12:45:00",-0.02,21.2,272.88,2.897,2022-07-25,2022-07-25 10:45:00
"750",7,25,22,"12:50:00",-0.01,20.6,274.92,1.271,2022-07-25,2022-07-25 10:50:00
"751",7,25,22,"12:55:00",0.09,20.6,283.73,2.747,2022-07-25,2022-07-25 10:55:00
"752",7,25,22,"13:00:00",-0.04,20.6,272.65,2.265,2022-07-25,2022-07-25 11:00:00
"753",7,25,22,"13:05:00",0.12,20.6,283.13,2.135,2022-07-25,2022-07-25 11:05:00
"754",7,25,22,"13:10:00",0.04,20.8,277.13,1.171,2022-07-25,2022-07-25 11:10:00
"755",7,25,22,"13:15:00",0.04,20.6,279.07,1.717,2022-07-25,2022-07-25 11:15:00
"756",7,25,22,"13:20:00",0.14,20.2,286.39,0.996,2022-07-25,2022-07-25 11:20:00
"757",7,25,22,"13:25:00",0.1,19.9,280.35,3.001,2022-07-25,2022-07-25 11:25:00
"758",7,25,22,"13:30:00",0.12,19.4,280.79,1.991,2022-07-25,2022-07-25 11:30:00
"759",7,25,22,"13:35:00",0.09,19.4,280.43,1.42,2022-07-25,2022-07-25 11:35:00
"760",7,25,22,"13:40:00",0.15,19.8,289.14,2.14,2022-07-25,2022-07-25 11:40:00
"761",7,25,22,"13:45:00",0.11,20.9,290.34,1.808,2022-07-25,2022-07-25 11:45:00
"762",7,25,22,"13:50:00",0.05,21.8,289.36,5.979,2022-07-25,2022-07-25 11:50:00
"763",7,25,22,"13:54:43",0,0,0,0,2022-07-25,2022-07-25 11:54:43
"764",10,4,22,"17:29:38",0,0,0,0,2022-10-04,2022-10-04 16:29:38
"765",10,4,22,"17:30:00",0.33,22.1,485.25,7.88,2022-10-04,2022-10-04 16:30:00
"766",10,4,22,"17:40:00",0.01,26.8,445.71,2.197,2022-10-04,2022-10-04 16:40:00
"767",10,4,22,"17:49:22",0,0,0,0,2022-10-04,2022-10-04 16:49:22
"768",10,4,22,"17:50:00",0.11,28,445.69,1.834,2022-10-04,2022-10-04 16:50:00
"769",10,4,22,"18:00:22",0,0,0,0,2022-10-04,2022-10-04 17:00:22
"770",10,4,22,"18:00:41",0.29,27.8,451.7,3.807,2022-10-04,2022-10-04 17:00:41
"771",10,4,22,"18:10:00",0.17,29.4,459.77,11.987,2022-10-04,2022-10-04 17:10:00
"772",10,4,22,"18:18:08",0,0,0,0,2022-10-04,2022-10-04 17:18:08
"773",10,4,22,"18:21:28",0,0,0,0,2022-10-04,2022-10-04 17:21:28
"774",10,4,22,"18:21:51",0,0,0,0,2022-10-04,2022-10-04 17:21:51
"775",10,14,22,"17:30:51",0,0,0,0,2022-10-14,2022-10-14 16:30:51
"776",10,14,22,"17:31:10",0,0,0,0,2022-10-14,2022-10-14 16:31:10
"777",10,14,22,"17:31:17",0,0,0,0,2022-10-14,2022-10-14 16:31:17
"778",10,14,22,"16:45:29",0,0,0,0,2022-10-14,2022-10-14 15:45:29
"779",10,14,22,"16:46:14",0,0,0,0,2022-10-14,2022-10-14 15:46:14
"780",10,14,22,"16:52:57",0,0,0,0,2022-10-14,2022-10-14 15:52:57
"781",10,14,22,"16:56:29",0,0,0,0,2022-10-14,2022-10-14 15:56:29
"782",10,14,22,"17:00:00",0.07,28,499.26,4.47,2022-10-14,2022-10-14 16:00:00
"783",10,14,22,"17:05:00",0.06,28.5,478.44,3.332,2022-10-14,2022-10-14 16:05:00
"784",10,14,22,"17:15:35",0,0,0,0,2022-10-14,2022-10-14 16:15:35
"785",10,15,22,"10:18:42",0,0,0,0,2022-10-15,2022-10-15 09:18:42
"786",10,15,22,"10:20:00",-0.52,22.9,267.82,2.536,2022-10-15,2022-10-15 09:20:00
"787",10,15,22,"10:25:00",-0.31,25.3,252.55,4.245,2022-10-15,2022-10-15 09:25:00
"788",10,15,22,"10:30:00",-0.1,26,249.89,2.921,2022-10-15,2022-10-15 09:30:00
"789",10,15,22,"10:35:00",-0.02,26.2,252.56,3.468,2022-10-15,2022-10-15 09:35:00
"790",10,15,22,"10:40:00",-0.07,26.2,251.05,3.707,2022-10-15,2022-10-15 09:40:00
"791",10,15,22,"10:45:00",0.03,26,252.76,4.11,2022-10-15,2022-10-15 09:45:00
"792",10,15,22,"10:50:00",0.02,25.8,257.35,3.553,2022-10-15,2022-10-15 09:50:00
"793",10,15,22,"10:55:00",-0.22,25.8,249.28,5.941,2022-10-15,2022-10-15 09:55:00
"794",10,15,22,"11:00:00",-0.13,26.2,230.49,3.582,2022-10-15,2022-10-15 10:00:00
"795",10,15,22,"11:05:00",-0.05,26,226.25,4.572,2022-10-15,2022-10-15 10:05:00
"796",10,15,22,"11:10:00",-0.06,25.2,224.79,2.658,2022-10-15,2022-10-15 10:10:00
"797",10,15,22,"11:15:00",-0.02,24.2,226.2,2.319,2022-10-15,2022-10-15 10:15:00
"798",10,15,22,"11:20:00",-0.07,23.2,224.34,1.878,2022-10-15,2022-10-15 10:20:00
"799",10,15,22,"11:25:00",-0.05,22.1,228.25,2.96,2022-10-15,2022-10-15 10:25:00
"800",10,15,22,"11:30:00",-0.06,21.2,229.74,2.448,2022-10-15,2022-10-15 10:30:00
"801",10,15,22,"11:35:00",-0.03,20.5,231.88,2.749,2022-10-15,2022-10-15 10:35:00
"802",10,15,22,"11:40:00",0.04,19.8,238.68,2.28,2022-10-15,2022-10-15 10:40:00
"803",10,15,22,"11:45:00",-0.01,19.2,237.43,1.805,2022-10-15,2022-10-15 10:45:00
"804",10,15,22,"11:50:00",0.11,18.9,243.08,2.486,2022-10-15,2022-10-15 10:50:00
"805",10,15,22,"11:55:00",0.09,18.5,244.93,2.456,2022-10-15,2022-10-15 10:55:00
"806",10,15,22,"12:00:00",-0.09,18.1,236.08,1.887,2022-10-15,2022-10-15 11:00:00
"807",10,15,22,"12:06:15",0,0,0,0,2022-10-15,2022-10-15 11:06:15
"808",10,15,22,"12:10:00",-0.01,17.3,241.31,3.194,2022-10-15,2022-10-15 11:10:00
"809",10,15,22,"12:15:00",-0.22,16.6,277.71,3.74,2022-10-15,2022-10-15 11:15:00
"810",10,15,22,"12:20:00",-0.1,16.1,263.37,2.407,2022-10-15,2022-10-15 11:20:00
"811",10,15,22,"12:25:00",-0.13,15.8,257.54,3.502,2022-10-15,2022-10-15 11:25:00
"812",10,15,22,"12:30:00",-0.09,16,242.33,2.053,2022-10-15,2022-10-15 11:30:00
"813",10,15,22,"12:35:00",-0.07,16.2,236.52,1.779,2022-10-15,2022-10-15 11:35:00
"814",10,15,22,"12:40:00",-0.04,16.2,237.18,1.389,2022-10-15,2022-10-15 11:40:00
"815",10,15,22,"12:45:00",-0.04,16.2,234.84,1.922,2022-10-15,2022-10-15 11:45:00
"816",10,15,22,"12:50:00",-0.11,16.4,235.12,2.472,2022-10-15,2022-10-15 11:50:00
"817",10,15,22,"12:55:00",-0.01,16.6,236.12,1.477,2022-10-15,2022-10-15 11:55:00
"818",10,15,22,"13:00:00",-0.01,16.6,236.17,1.223,2022-10-15,2022-10-15 12:00:00
"819",10,15,22,"13:05:00",-0.05,16.5,234.33,2.179,2022-10-15,2022-10-15 12:05:00
"820",10,15,22,"13:10:00",-0.09,16.4,233.43,3.602,2022-10-15,2022-10-15 12:10:00
"821",10,15,22,"13:15:00",0.06,16.3,241.89,2.001,2022-10-15,2022-10-15 12:15:00
"822",10,15,22,"13:20:00",0.08,16.2,240.36,0.922,2022-10-15,2022-10-15 12:20:00
"823",10,15,22,"13:25:00",0.03,16.1,237.41,1.975,2022-10-15,2022-10-15 12:25:00
"824",10,15,22,"13:30:00",0,15.9,237.35,1.413,2022-10-15,2022-10-15 12:30:00
"825",10,15,22,"13:35:00",-0.01,15.9,235.58,1.368,2022-10-15,2022-10-15 12:35:00
"826",10,15,22,"13:40:00",-0.01,15.9,235.18,1.524,2022-10-15,2022-10-15 12:40:00
"827",10,15,22,"13:45:00",-0.01,15.8,235.69,1.295,2022-10-15,2022-10-15 12:45:00
"828",10,15,22,"13:50:00",0.04,15.7,239.19,1.484,2022-10-15,2022-10-15 12:50:00
"829",10,15,22,"21:29:35",0,0,0,0,2022-10-15,2022-10-15 20:29:35
"830",10,15,22,"21:30:12",0,0,0,0,2022-10-15,2022-10-15 20:30:12
"831",10,15,22,"21:30:32",0,0,0,0,2022-10-15,2022-10-15 20:30:32
"832",10,15,22,"21:31:09",0,0,0,0,2022-10-15,2022-10-15 20:31:09
"833",10,16,22,"6:43:29",0,0,0,0,2022-10-16,2022-10-16 05:43:29
"834",10,16,22,"6:43:46",0,0,0,0,2022-10-16,2022-10-16 05:43:46
"835",10,16,22,"6:45:00",0.14,18.6,506.75,3.244,2022-10-16,2022-10-16 05:45:00
"836",10,16,22,"6:50:00",0.22,21.3,557.91,2.028,2022-10-16,2022-10-16 05:50:00
"837",10,16,22,"6:55:00",0.05,22.5,542.45,1.936,2022-10-16,2022-10-16 05:55:00
"838",10,16,22,"7:00:00",0.03,23.2,533.66,0.797,2022-10-16,2022-10-16 06:00:00
"839",10,16,22,"7:05:00",0.02,23.6,519.97,2.256,2022-10-16,2022-10-16 06:05:00
"840",10,16,22,"7:10:00",0.01,23.9,510.18,1.187,2022-10-16,2022-10-16 06:10:00
"841",10,16,22,"7:15:00",1.07,24.1,621.65,39.531,2022-10-16,2022-10-16 06:15:00
"842",10,16,22,"7:20:00",0.74,24.2,940.58,12.85,2022-10-16,2022-10-16 06:20:00
"843",10,16,22,"7:25:00",-0.16,24.4,786.89,5.435,2022-10-16,2022-10-16 06:25:00
"844",10,16,22,"7:30:00",0.03,24.6,712.51,6.7,2022-10-16,2022-10-16 06:30:00
"845",10,16,22,"7:35:00",0.08,24.8,678.32,4.418,2022-10-16,2022-10-16 06:35:00
"846",10,16,22,"7:40:00",0.24,24.9,682.25,13.651,2022-10-16,2022-10-16 06:40:00
"847",10,16,22,"7:45:00",0.06,25,689.08,8.031,2022-10-16,2022-10-16 06:45:00
"848",10,16,22,"7:50:00",-0.16,25.1,640.38,8.664,2022-10-16,2022-10-16 06:50:00
"849",10,16,22,"7:55:00",-0.2,25.2,579.31,2.234,2022-10-16,2022-10-16 06:55:00
"850",10,16,22,"8:00:00",-0.06,25.3,549.47,3.024,2022-10-16,2022-10-16 07:00:00
"851",10,16,22,"8:05:00",0.06,25.4,538.82,2.378,2022-10-16,2022-10-16 07:05:00
"852",10,16,22,"8:10:00",-0.11,25.4,518.9,2.978,2022-10-16,2022-10-16 07:10:00
"853",10,16,22,"8:15:00",-0.04,25.5,499.58,2.25,2022-10-16,2022-10-16 07:15:00
"854",10,16,22,"8:20:00",-0.13,25.6,476.64,4.156,2022-10-16,2022-10-16 07:20:00
"855",10,16,22,"8:25:00",-0.19,25.7,428.22,3.312,2022-10-16,2022-10-16 07:25:00
"856",10,16,22,"8:30:00",0.07,25.7,429.98,3.276,2022-10-16,2022-10-16 07:30:00
"857",10,16,22,"8:35:00",0.01,25.8,457.89,0.981,2022-10-16,2022-10-16 07:35:00
"858",10,16,22,"8:40:00",-0.05,25.9,446.84,0.605,2022-10-16,2022-10-16 07:40:00
"859",10,16,22,"8:45:00",0.34,26,474.4,9.389,2022-10-16,2022-10-16 07:45:00
"860",10,16,22,"8:50:00",0.78,26,597.61,5.553,2022-10-16,2022-10-16 07:50:00
"861",10,16,22,"8:55:00",-1.22,26.1,424.2,10.614,2022-10-16,2022-10-16 07:55:00
"862",10,16,22,"9:02:38",0,0,0,0,2022-10-16,2022-10-16 08:02:38
"863",10,16,22,"9:03:29",0,0,0,0,2022-10-16,2022-10-16 08:03:29
"864",10,16,22,"9:05:00",-0.23,25.9,261.69,7.121,2022-10-16,2022-10-16 08:05:00
"865",10,16,22,"9:10:00",-0.19,25.9,251.18,5.899,2022-10-16,2022-10-16 08:10:00
"866",10,16,22,"9:15:00",-0.19,25.3,244.28,5.896,2022-10-16,2022-10-16 08:15:00
"867",10,16,22,"9:20:00",-0.16,24.9,241.25,4.978,2022-10-16,2022-10-16 08:20:00
"868",10,16,22,"9:25:00",-0.1,24.2,245.44,5.749,2022-10-16,2022-10-16 08:25:00
"869",10,16,22,"9:30:00",-0.12,23.8,243.81,4.928,2022-10-16,2022-10-16 08:30:00
"870",10,16,22,"9:35:00",-0.07,23.6,244.34,5.511,2022-10-16,2022-10-16 08:35:00
"871",10,16,22,"9:40:00",-0.12,23.4,244.86,4.606,2022-10-16,2022-10-16 08:40:00
"872",10,16,22,"9:45:00",-0.1,23.2,244.92,4.864,2022-10-16,2022-10-16 08:45:00
"873",10,16,22,"9:50:00",-0.02,22.7,252.51,6.64,2022-10-16,2022-10-16 08:50:00
"874",10,16,22,"9:55:00",-0.14,21.8,261.36,5.035,2022-10-16,2022-10-16 08:55:00
"875",10,16,22,"11:56:29",0,0,0,0,2022-10-16,2022-10-16 10:56:29
"876",10,16,22,"12:00:00",-0.29,17.3,253.62,5.463,2022-10-16,2022-10-16 11:00:00
"877",10,16,22,"12:05:00",-0.15,20,249.47,4.784,2022-10-16,2022-10-16 11:05:00
"878",10,16,22,"12:10:00",-0.06,21.3,253.1,5.052,2022-10-16,2022-10-16 11:10:00
"879",10,16,22,"12:15:00",-0.11,22.3,249.7,4.174,2022-10-16,2022-10-16 11:15:00
"880",10,16,22,"12:20:00",-0.21,23.6,246.01,5.418,2022-10-16,2022-10-16 11:20:00
"881",10,16,22,"12:25:00",0.01,25.6,249.7,5.067,2022-10-16,2022-10-16 11:25:00
"882",10,16,22,"12:30:00",0.04,27.2,250.82,5.088,2022-10-16,2022-10-16 11:30:00
"883",10,16,22,"12:35:00",0.02,28.6,246.43,4.827,2022-10-16,2022-10-16 11:35:00
"884",10,16,22,"12:40:00",0.06,29.7,249.91,2.819,2022-10-16,2022-10-16 11:40:00
"885",10,16,22,"12:45:00",0,29.7,251.86,3.874,2022-10-16,2022-10-16 11:45:00
"886",10,16,22,"12:50:00",-0.01,29.6,250.79,5.974,2022-10-16,2022-10-16 11:50:00
"887",10,16,22,"12:55:00",-0.16,29.8,240.01,4.521,2022-10-16,2022-10-16 11:55:00
"888",10,16,22,"13:00:00",-0.02,30.1,246.27,5.27,2022-10-16,2022-10-16 12:00:00
"889",10,16,22,"13:05:00",-0.02,29.6,250.85,5.133,2022-10-16,2022-10-16 12:05:00
"890",10,16,22,"13:10:00",-0.03,29.4,246.52,4.987,2022-10-16,2022-10-16 12:10:00
"891",10,16,22,"13:15:00",-0.12,29.7,239.55,4.297,2022-10-16,2022-10-16 12:15:00
"892",10,16,22,"13:20:00",-0.01,30.3,241.31,4.667,2022-10-16,2022-10-16 12:20:00
"893",10,16,22,"13:25:00",-0.13,29.8,242.95,4.783,2022-10-16,2022-10-16 12:25:00
"894",10,16,22,"13:30:00",-0.07,30.4,238.02,3.764,2022-10-16,2022-10-16 12:30:00
"895",10,16,22,"13:35:00",-0.07,30.1,242.15,2.874,2022-10-16,2022-10-16 12:35:00
"896",10,16,22,"13:40:00",-0.11,30.7,238.47,3.16,2022-10-16,2022-10-16 12:40:00
"897",10,16,22,"13:45:00",-0.16,30.6,241.1,5.583,2022-10-16,2022-10-16 12:45:00
"898",10,16,22,"13:50:00",0.07,29.7,266.76,4.586,2022-10-16,2022-10-16 12:50:00
"899",10,16,22,"13:55:00",-0.16,28.2,266.48,5.629,2022-10-16,2022-10-16 12:55:00
"900",10,16,22,"14:00:00",-0.13,27.4,261.81,5.289,2022-10-16,2022-10-16 13:00:00
"901",10,16,22,"14:05:00",3.93,26.9,723.04,38.548,2022-10-16,2022-10-16 13:05:00
"902",10,16,22,"14:10:00",-3,26.6,502.16,45.154,2022-10-16,2022-10-16 13:10:00
"903",10,16,22,"14:15:00",-0.79,26.4,279.32,9.192,2022-10-16,2022-10-16 13:15:00
"904",10,16,22,"14:20:00",0.19,26.4,298.07,11.556,2022-10-16,2022-10-16 13:20:00
"905",10,16,22,"14:25:00",-0.24,27.4,251.32,6.399,2022-10-16,2022-10-16 13:25:00
"906",10,16,22,"14:30:04",0,0,0,0,2022-10-16,2022-10-16 13:30:04
"907",10,16,22,"14:30:24",0.67,28.5,283.51,21.268,2022-10-16,2022-10-16 13:30:24
"908",10,16,22,"14:35:00",0.43,28.7,279.44,4.79,2022-10-16,2022-10-16 13:35:00
"909",10,16,22,"14:40:00",0.13,28.6,258.58,2.16,2022-10-16,2022-10-16 13:40:00
"910",10,16,22,"14:45:00",0.06,28.3,254.56,3.263,2022-10-16,2022-10-16 13:45:00
"911",10,16,22,"14:51:29",0,0,0,0,2022-10-16,2022-10-16 13:51:29
"912",10,16,22,"14:55:00",0.04,28,246.34,3.953,2022-10-16,2022-10-16 13:55:00
"913",10,16,22,"15:00:00",0.04,27.9,248.25,3.008,2022-10-16,2022-10-16 14:00:00
"914",10,16,22,"15:05:00",0.05,27.8,245.92,3.666,2022-10-16,2022-10-16 14:05:00
"915",10,16,22,"15:10:00",0.08,27.5,248.51,2.227,2022-10-16,2022-10-16 14:10:00
"916",10,16,22,"15:15:00",0.08,27,249.89,4.225,2022-10-16,2022-10-16 14:15:00
"917",10,16,22,"15:20:00",0.08,26.5,251.36,3.443,2022-10-16,2022-10-16 14:20:00
"918",10,16,22,"15:25:00",0.04,25.8,250.08,4.074,2022-10-16,2022-10-16 14:25:00
"919",10,16,22,"15:30:00",0.1,25.2,250.44,2.32,2022-10-16,2022-10-16 14:30:00
"920",10,16,22,"15:35:00",0.09,24.6,250.92,1.516,2022-10-16,2022-10-16 14:35:00
"921",10,16,22,"15:40:00",0.08,24,254.04,3.662,2022-10-16,2022-10-16 14:40:00
"922",10,16,22,"15:45:00",-0.05,23.4,247.03,4.799,2022-10-16,2022-10-16 14:45:00
"923",10,16,22,"15:50:00",0.11,22.6,257.67,3.314,2022-10-16,2022-10-16 14:50:00
"924",10,16,22,"15:55:00",0.05,22,252.6,3.667,2022-10-16,2022-10-16 14:55:00
"925",10,16,22,"16:00:00",0.01,21.5,248.69,2.976,2022-10-16,2022-10-16 15:00:00
"926",10,16,22,"16:05:00",0.01,21.3,246.49,2.582,2022-10-16,2022-10-16 15:05:00
"927",10,16,22,"16:10:00",-0.02,20.9,244.57,3.621,2022-10-16,2022-10-16 15:10:00
"928",10,16,22,"16:15:00",-0.01,20.5,243.52,2.095,2022-10-16,2022-10-16 15:15:00
"929",10,16,22,"16:20:00",-0.17,20.2,239.31,4.677,2022-10-16,2022-10-16 15:20:00
"930",10,16,22,"16:25:00",-1.75,19.9,286.61,1.495,2022-10-16,2022-10-16 15:25:00
"931",10,16,22,"16:30:00",0.32,19.7,273.22,2.742,2022-10-16,2022-10-16 15:30:00
"932",10,16,22,"16:35:00",0.28,19.7,265.76,3.66,2022-10-16,2022-10-16 15:35:00
"933",10,16,22,"16:40:00",0.26,19.5,266.62,1.782,2022-10-16,2022-10-16 15:40:00
"934",10,16,22,"16:45:00",0.29,19.3,268.04,2.704,2022-10-16,2022-10-16 15:45:00
"935",10,16,22,"16:50:00",0.23,19.2,265.49,2.657,2022-10-16,2022-10-16 15:50:00
"936",10,17,22,"21:24:49",0,0,0,0,2022-10-17,2022-10-17 20:24:49
"937",10,17,22,"21:26:32",0,0,0,0,2022-10-17,2022-10-17 20:26:32
"938",10,17,22,"21:27:35",0,0,0,0,2022-10-17,2022-10-17 20:27:35
